,id,ordinal,CN,CCL_node,PCL_node,WCL_node
0,B,0.0,0.0,0.0,0.0,0.09999999999999998
1,C,0.0,0.0,0.0,0.0,0.05555555555555558
