contents-mean:float64:,contents-stddev:float64:,nonstructural-mean:float64:,nonstructural-stddev:float64:,structural-mean:float64:,structural-stddev:float64:
3.12291337E+02,2.10112929E+02,2.78906217E+02,1.79582741E+02,4.36210718E+00,1.00432489E+01
4.82752680E+02,4.88496093E+02,1.55188842E+03,1.26745421E+03,1.25422407E+02,1.88190547E+02
1.50164443E+03,6.20031095E+02,1.63705355E+03,9.43023157E+02,3.89625265E+02,5.14917141E+02
1.23030863E+03,7.94509895E+02,3.54554185E+03,1.77341181E+03,4.81600277E+02,4.89696627E+02
2.51490683E+03,7.08431362E+02,3.57221779E+03,1.78203782E+03,1.59932959E+03,1.27290472E+03
1.47047510E+03,9.46970373E+02,3.92340680E+03,2.11671845E+03,6.78177340E+02,7.61467112E+02
1.52454764E+03,6.14248825E+02,1.66306694E+03,9.24607867E+02,3.97606313E+02,5.01187014E+02
