taxonomy,contents~mean,contents~stddev,nonstructural~mean,nonstructural~stddev,structural~mean,structural~stddev
tax1,5.556874E+03,1.521435E+03,6.508665E+03,2.603987E+03,1.955084E+03,1.520571E+03
tax2,1.566035E+03,8.737917E+02,4.574163E+03,2.073521E+03,5.482017E+02,5.450339E+02
tax3,9.278024E+02,6.572115E+02,2.845772E+03,1.560562E+03,3.125264E+02,3.223228E+02
