contents-mean:float64,contents-stddev:float64,nonstructural-mean:float64,nonstructural-stddev:float64,structural-mean:float64,structural-stddev:float64
5.853390E+03,1.683397E+03,7.151244E+03,3.148477E+03,2.390923E+03,1.937312E+03
1.953228E+03,1.282481E+03,5.475295E+03,3.009279E+03,8.035997E+02,8.776774E+02
1.230309E+03,7.945099E+02,3.545542E+03,1.773412E+03,4.816003E+02,4.896966E+02
