taxonomy,contents-mean,contents-stddev,nonstructural-mean,nonstructural-stddev,structural-mean,structural-stddev
tax1,5.953492E+03,1.512044E+03,7.280099E+03,2.788090E+03,2.437576E+03,1.702997E+03
tax2,1.984177E+03,9.506394E+02,5.590753E+03,2.213120E+03,7.641171E+02,6.431318E+02
tax3,1.219441E+03,7.506169E+02,3.529617E+03,1.688316E+03,4.633698E+02,4.279295E+02
