contents-mean:float64:,contents-stddev:float64:,nonstructural-mean:float64:,nonstructural-stddev:float64:,structural-mean:float64:,structural-stddev:float64:
5.48203271E+03,1.71150731E+03,6.42536845E+03,2.96516945E+03,1.93565298E+03,1.73481991E+03
1.56859323E+03,1.17916267E+03,4.53146014E+03,2.82196644E+03,5.97897039E+02,7.43709572E+02
9.50995385E+02,7.13458720E+02,2.88904120E+03,1.66332617E+03,3.34094841E+02,3.86799919E+02
