contents-mean:float64:,contents-stddev:float64:,nonstructural-mean:float64:,nonstructural-stddev:float64:,structural-mean:float64:,structural-stddev:float64:
5.85339023E+03,1.68339674E+03,7.15124450E+03,3.14847680E+03,2.39092328E+03,1.93731239E+03
1.95322778E+03,1.28248056E+03,5.47529522E+03,3.00927871E+03,8.03599748E+02,8.77677446E+02
1.23030863E+03,7.94509895E+02,3.54554185E+03,1.77341181E+03,4.81600277E+02,4.89696627E+02
