taxonomy:|S100,contents-mean,contents-stddev,nonstructural-mean,nonstructural-stddev,structural-mean,structural-stddev
tax1,5.482033E+03,1.711507E+03,6.425367E+03,2.965169E+03,1.935653E+03,1.734820E+03
tax2,1.568593E+03,1.179163E+03,4.531459E+03,2.821967E+03,5.978972E+02,7.437095E+02
tax3,9.509953E+02,7.134586E+02,2.889041E+03,1.663326E+03,3.340948E+02,3.867999E+02
