contents-mean:float64:,contents-stddev:float64:,nonstructural-mean:float64:,nonstructural-stddev:float64:,structural-mean:float64:,structural-stddev:float64:
4.78778731E+02,2.99198246E+02,4.28288279E+02,2.81488581E+02,1.56558541E+01,3.19062453E+01
3.61983926E+02,4.11803923E+02,1.22084316E+03,1.11139921E+03,8.49205509E+01,1.43092355E+02
1.31972458E+03,6.09297537E+02,1.39059420E+03,8.59104123E+02,2.85375582E+02,4.24203341E+02
9.50995385E+02,7.13458720E+02,2.88904120E+03,1.66332617E+03,3.34094841E+02,3.86799919E+02
2.34132947E+03,7.37462398E+02,3.19129667E+03,1.70740646E+03,1.34401882E+03,1.20071371E+03
1.20660930E+03,9.08949696E+02,3.31061698E+03,2.06986985E+03,5.12976488E+02,6.60860688E+02
1.34219992E+03,6.02391374E+02,1.41518930E+03,8.45830725E+02,2.90602726E+02,4.17219112E+02
