# mean, investigation_time=1.0, imt="PGA", checksum=3056992103
lon,lat,depth,poe-0.1,poe-0.12,poe-0.2
0.00000,0.00000,0.00000,8.646647E-01,8.227128E-01,3.814497E-01
