# mean, investigation_time=50.0
lon,lat,PGA-0.005,PGA-0.007,PGA-0.0098,PGA-0.0137,PGA-0.0192,PGA-0.0269,PGA-0.0376,PGA-0.0527,PGA-0.0738,PGA-0.103,PGA-0.145,PGA-0.203,PGA-0.284,PGA-0.397,PGA-0.556,PGA-0.778,PGA-1.09,PGA-1.52,PGA-2.13,SA(0.1)-0.005,SA(0.1)-0.007,SA(0.1)-0.0098,SA(0.1)-0.0137,SA(0.1)-0.0192,SA(0.1)-0.0269,SA(0.1)-0.0376,SA(0.1)-0.0527,SA(0.1)-0.0738,SA(0.1)-0.103,SA(0.1)-0.145,SA(0.1)-0.203,SA(0.1)-0.284,SA(0.1)-0.397,SA(0.1)-0.556,SA(0.1)-0.778,SA(0.1)-1.09,SA(0.1)-1.52,SA(0.1)-2.13
0.00000,0.00000,9.799397E-01,9.607747E-01,9.328752E-01,8.925700E-01,8.484858E-01,7.954322E-01,7.136437E-01,5.697813E-01,4.090986E-01,2.754389E-01,1.697650E-01,8.977322E-02,4.983693E-02,2.902599E-02,1.710169E-02,4.938018E-03,4.938018E-03,2.469009E-03,0.000000E+00,9.923786E-01,9.857613E-01,9.757353E-01,9.562316E-01,9.318492E-01,8.955025E-01,8.460333E-01,7.985292E-01,7.089527E-01,5.787135E-01,4.344658E-01,3.008991E-01,2.004083E-01,1.109498E-01,6.283526E-02,3.607614E-02,9.815075E-03,0.000000E+00,0.000000E+00
0.00000,1.00000,9.532404E-01,9.308703E-01,9.032957E-01,8.700187E-01,8.328134E-01,7.660617E-01,6.884977E-01,5.521092E-01,3.880037E-01,2.519920E-01,1.516429E-01,6.422176E-02,3.155148E-02,1.222312E-02,9.815075E-03,2.469009E-03,0.000000E+00,0.000000E+00,0.000000E+00,9.758403E-01,9.679622E-01,9.547554E-01,9.349379E-01,9.124289E-01,8.807245E-01,8.301462E-01,7.736707E-01,6.992488E-01,5.747499E-01,4.337048E-01,2.890071E-01,1.913806E-01,1.065653E-01,5.281805E-02,2.691526E-02,1.963015E-02,7.407026E-03,2.469009E-03
0.00000,2.50000,7.559402E-01,6.579228E-01,5.170062E-01,3.465360E-01,1.724764E-01,9.278887E-02,3.550307E-02,2.469009E-03,0.000000E+00,0.000000E+00,0.000000E+00,0.000000E+00,0.000000E+00,0.000000E+00,0.000000E+00,0.000000E+00,0.000000E+00,0.000000E+00,0.000000E+00,8.306589E-01,7.819007E-01,7.137320E-01,6.027057E-01,4.453744E-01,3.116633E-01,1.524514E-01,6.984981E-02,3.113963E-02,2.469009E-03,2.469009E-03,0.000000E+00,0.000000E+00,0.000000E+00,0.000000E+00,0.000000E+00,0.000000E+00,0.000000E+00,0.000000E+00
