# mean, investigation_time=50.0, imt="PGA"
lon,lat,depth,poe-0.005,poe-0.007,poe-0.0098,poe-0.0137,poe-0.0192,poe-0.0269,poe-0.0376,poe-0.0527,poe-0.0738,poe-0.103,poe-0.145,poe-0.203,poe-0.284,poe-0.397,poe-0.556,poe-0.778,poe-1.09,poe-1.52,poe-2.13
0.00000,0.00000,0.00000,9.525580E-01,9.131338E-01,8.417691E-01,7.328004E-01,6.383414E-01,5.076900E-01,4.175999E-01,3.187334E-01,2.151351E-01,1.296617E-01,7.691224E-02,4.532873E-02,2.293629E-02,8.565331E-03,4.320765E-03,0.000000E+00,0.000000E+00,0.000000E+00,0.000000E+00
0.00000,1.00000,0.00000,9.052393E-01,8.592992E-01,7.954221E-01,7.106694E-01,6.181040E-01,4.883621E-01,4.048451E-01,2.976536E-01,1.969311E-01,1.479432E-01,8.198278E-02,3.424727E-02,2.282226E-02,1.639262E-02,4.938018E-03,0.000000E+00,0.000000E+00,0.000000E+00,0.000000E+00
0.00000,2.50000,0.00000,4.928871E-01,4.070038E-01,2.999455E-01,1.843146E-01,9.994984E-02,4.253505E-02,9.754115E-03,4.938018E-03,3.086261E-03,0.000000E+00,0.000000E+00,0.000000E+00,0.000000E+00,0.000000E+00,0.000000E+00,0.000000E+00,0.000000E+00,0.000000E+00,0.000000E+00
