# mean, investigation_time=50.0, imt="PGA"
lon,lat,depth,poe-0.005,poe-0.007,poe-0.0098,poe-0.0137,poe-0.0192,poe-0.0269,poe-0.0376,poe-0.0527,poe-0.0738,poe-0.103,poe-0.145,poe-0.203,poe-0.284,poe-0.397,poe-0.556,poe-0.778,poe-1.09,poe-1.52,poe-2.13
0.00000,0.00000,0.00000,9.678927E-01,9.320330E-01,8.803138E-01,8.085216E-01,7.327388E-01,6.252962E-01,5.228244E-01,3.972473E-01,2.520988E-01,1.600238E-01,9.838650E-02,7.010213E-02,5.894414E-02,1.964746E-02,4.019317E-03,0.000000E+00,0.000000E+00,0.000000E+00,0.000000E+00
0.00000,1.00000,0.00000,9.467130E-01,9.217975E-01,8.777117E-01,8.300243E-01,7.498364E-01,6.665061E-01,5.513865E-01,4.187710E-01,2.829338E-01,1.791022E-01,1.000082E-01,3.904536E-02,1.978645E-02,7.464445E-03,1.148376E-03,0.000000E+00,0.000000E+00,0.000000E+00,0.000000E+00
0.00000,2.50000,0.00000,6.455714E-01,5.668254E-01,4.467526E-01,3.043164E-01,1.342381E-01,3.425924E-02,0.000000E+00,0.000000E+00,0.000000E+00,0.000000E+00,0.000000E+00,0.000000E+00,0.000000E+00,0.000000E+00,0.000000E+00,0.000000E+00,0.000000E+00,0.000000E+00,0.000000E+00
