# mean, investigation_time=50.0, imt="PGA"
lon,lat,depth,poe-0.005,poe-0.007,poe-0.0098,poe-0.0137,poe-0.0192,poe-0.0269,poe-0.0376,poe-0.0527,poe-0.0738,poe-0.103,poe-0.145,poe-0.203,poe-0.284,poe-0.397,poe-0.556,poe-0.778,poe-1.09,poe-1.52,poe-2.13
0.00000,0.00000,0.00000,9.999995E-01,9.999853E-01,9.997193E-01,9.972029E-01,9.825898E-01,9.383010E-01,8.445530E-01,7.135427E-01,5.921835E-01,4.488928E-01,3.311899E-01,2.306218E-01,1.449342E-01,9.118997E-02,5.057357E-02,2.705242E-02,6.096322E-03,0.000000E+00,0.000000E+00
0.00000,1.00000,0.00000,9.999860E-01,9.998957E-01,9.992517E-01,9.949605E-01,9.804046E-01,9.293369E-01,8.129079E-01,6.740762E-01,5.186459E-01,3.733256E-01,2.385787E-01,1.342288E-01,6.913088E-02,2.674476E-02,1.330897E-02,7.933591E-03,0.000000E+00,0.000000E+00,0.000000E+00
0.00000,2.50000,0.00000,9.148139E-01,8.253797E-01,6.862271E-01,4.923301E-01,3.024282E-01,1.491743E-01,4.753231E-02,1.959967E-02,0.000000E+00,0.000000E+00,0.000000E+00,0.000000E+00,0.000000E+00,0.000000E+00,0.000000E+00,0.000000E+00,0.000000E+00,0.000000E+00,0.000000E+00
