# mean, investigation_time=50.0, imt="PGA"
lon,lat,depth,poe-0.005,poe-0.007,poe-0.0098,poe-0.0137,poe-0.0192,poe-0.0269,poe-0.0376,poe-0.0527,poe-0.0738,poe-0.103,poe-0.145,poe-0.203,poe-0.284,poe-0.397,poe-0.556,poe-0.778,poe-1.09,poe-1.52,poe-2.13
0.00000,0.00000,0.00000,7.543089E-01,7.481064E-01,7.380449E-01,7.217034E-01,6.960987E-01,6.546512E-01,5.869807E-01,4.844702E-01,3.604831E-01,2.427901E-01,1.509110E-01,9.327468E-02,5.510153E-02,3.032136E-02,1.398913E-02,4.967794E-03,1.491059E-03,2.516462E-04,7.189892E-05
0.00000,1.00000,0.00000,7.519754E-01,7.460022E-01,7.359694E-01,7.197140E-01,6.933218E-01,6.523747E-01,5.845877E-01,4.833581E-01,3.581077E-01,2.337607E-01,1.287228E-01,6.444978E-02,2.702778E-02,1.089783E-02,3.920711E-03,9.266085E-04,1.078484E-04,3.594946E-05,0.000000E+00
0.00000,2.50000,0.00000,6.383462E-01,5.769559E-01,4.766709E-01,3.329157E-01,1.824493E-01,7.871980E-02,2.675120E-02,7.826763E-03,1.644821E-03,1.797473E-04,0.000000E+00,0.000000E+00,0.000000E+00,0.000000E+00,0.000000E+00,0.000000E+00,0.000000E+00,0.000000E+00,0.000000E+00
