# mean, investigation_time=50.0, imt="PGA"
lon,lat,depth,poe-0.005,poe-0.007,poe-0.0098,poe-0.0137,poe-0.0192,poe-0.0269,poe-0.0376,poe-0.0527,poe-0.0738,poe-0.103,poe-0.145,poe-0.203,poe-0.284,poe-0.397,poe-0.556,poe-0.778,poe-1.09,poe-1.52,poe-2.13
0.00000,0.00000,0.00000,9.439170E-01,8.969613E-01,8.327401E-01,7.373747E-01,6.257359E-01,5.368857E-01,4.314365E-01,3.228865E-01,2.231617E-01,1.527988E-01,9.945431E-02,5.616504E-02,3.288137E-02,1.742011E-02,1.335283E-02,4.320765E-03,0.000000E+00,0.000000E+00,0.000000E+00
0.00000,1.00000,0.00000,8.910577E-01,8.460145E-01,7.847149E-01,7.033014E-01,6.180062E-01,5.151947E-01,4.145707E-01,3.131346E-01,2.145148E-01,1.369044E-01,6.083093E-02,3.939755E-02,1.275006E-02,1.098862E-02,3.086261E-03,0.000000E+00,0.000000E+00,0.000000E+00,0.000000E+00
0.00000,2.50000,0.00000,5.272340E-01,4.298742E-01,3.015653E-01,1.853679E-01,9.067290E-02,4.488640E-02,1.446802E-02,0.000000E+00,0.000000E+00,0.000000E+00,0.000000E+00,0.000000E+00,0.000000E+00,0.000000E+00,0.000000E+00,0.000000E+00,0.000000E+00,0.000000E+00,0.000000E+00
