# mean, investigation_time=50.0,imt=PGA
lon,lat,depth,poe-0.005,poe-0.007,poe-0.0098,poe-0.0137,poe-0.0192,poe-0.0269,poe-0.0376,poe-0.0527,poe-0.0738,poe-0.103,poe-0.145,poe-0.203,poe-0.284,poe-0.397,poe-0.556,poe-0.778,poe-1.09,poe-1.52,poe-2.13
0.00000,0.00000,0.00000,9.680676E-01,9.501769E-01,9.137950E-01,8.701637E-01,8.354986E-01,7.903463E-01,7.198550E-01,5.788828E-01,4.156473E-01,2.699233E-01,1.560127E-01,8.349606E-02,4.983693E-02,2.426935E-02,1.950973E-02,4.938018E-03,4.938018E-03,0.000000E+00,0.000000E+00
0.00000,1.00000,0.00000,9.421369E-01,9.177563E-01,8.836400E-01,8.494554E-01,8.130696E-01,7.707220E-01,7.001367E-01,5.635000E-01,4.173415E-01,2.420288E-01,1.312428E-01,5.516374E-02,3.173286E-02,1.716114E-02,7.407026E-03,0.000000E+00,0.000000E+00,0.000000E+00,0.000000E+00
0.00000,2.50000,0.00000,7.657853E-01,7.026049E-01,5.970927E-01,4.367918E-01,2.592597E-01,1.223653E-01,4.547198E-02,2.469009E-03,0.000000E+00,0.000000E+00,0.000000E+00,0.000000E+00,0.000000E+00,0.000000E+00,0.000000E+00,0.000000E+00,0.000000E+00,0.000000E+00,0.000000E+00
