# mean, investigation_time=50.0, imt="PGA"
lon,lat,depth,poe-0.005,poe-0.007,poe-0.0098,poe-0.0137,poe-0.0192,poe-0.0269,poe-0.0376,poe-0.0527,poe-0.0738,poe-0.103,poe-0.145,poe-0.203,poe-0.284,poe-0.397,poe-0.556,poe-0.778,poe-1.09,poe-1.52,poe-2.13
0.00000,0.00000,0.00000,9.537653E-01,9.225004E-01,8.688914E-01,7.870905E-01,7.083573E-01,6.142024E-01,5.243825E-01,4.013319E-01,2.665620E-01,1.709917E-01,1.117555E-01,6.329173E-02,4.541971E-02,2.481190E-02,1.720686E-02,8.024279E-03,4.938018E-03,0.000000E+00,0.000000E+00
0.00000,1.00000,0.00000,9.167334E-01,8.745785E-01,8.265145E-01,7.661136E-01,7.059322E-01,6.091576E-01,5.005548E-01,3.989117E-01,2.849168E-01,1.549264E-01,8.282436E-02,3.268378E-02,6.744054E-03,3.657793E-03,1.851757E-03,0.000000E+00,0.000000E+00,0.000000E+00,0.000000E+00
0.00000,2.50000,0.00000,5.908247E-01,4.809240E-01,3.552865E-01,2.020494E-01,1.026112E-01,4.076602E-02,1.984340E-02,3.086261E-03,0.000000E+00,0.000000E+00,0.000000E+00,0.000000E+00,0.000000E+00,0.000000E+00,0.000000E+00,0.000000E+00,0.000000E+00,0.000000E+00,0.000000E+00
