# mean, investigation_time=50.0, imt="PGA", checksum=1264506295
lon,lat,depth,poe-0.005,poe-0.0192,poe-0.103,poe-0.145,poe-0.778,poe-1.09,poe-1.52
0.00000,0.00000,0.00000,9.699709E-01,8.049800E-01,2.336549E-01,1.421371E-01,7.685523E-03,1.950823E-03,9.754115E-04
0.00000,1.00000,0.00000,9.440531E-01,7.886079E-01,2.180752E-01,1.228040E-01,4.877058E-04,4.877058E-04,0.000000E+00
0.00000,2.50000,0.00000,7.157309E-01,1.628489E-01,0.000000E+00,0.000000E+00,0.000000E+00,0.000000E+00,0.000000E+00
