# mean, investigation_time=50.0,imt=PGA
lon,lat,depth,poe-0.005,poe-0.007,poe-0.0098,poe-0.0137,poe-0.0192,poe-0.0269,poe-0.0376,poe-0.0527,poe-0.0738,poe-0.103,poe-0.145,poe-0.203,poe-0.284,poe-0.397,poe-0.556,poe-0.778,poe-1.09,poe-1.52,poe-2.13
0.00000,0.00000,0.00000,9.340065E-01,8.852349E-01,8.179654E-01,7.363893E-01,6.655618E-01,5.839090E-01,5.072899E-01,3.840584E-01,2.777690E-01,1.807828E-01,1.072676E-01,7.063071E-02,3.722330E-02,1.921092E-02,1.216367E-02,7.407026E-03,0.000000E+00,0.000000E+00,0.000000E+00
0.00000,1.00000,0.00000,8.927618E-01,8.448784E-01,7.931753E-01,7.231755E-01,6.508170E-01,5.605655E-01,4.805615E-01,3.748200E-01,2.661833E-01,1.676914E-01,8.328246E-02,4.730586E-02,2.179737E-02,1.463117E-02,2.469009E-03,0.000000E+00,0.000000E+00,0.000000E+00,0.000000E+00
0.00000,2.50000,0.00000,5.559309E-01,4.884012E-01,3.842120E-01,2.665329E-01,1.398270E-01,5.802307E-02,2.179737E-02,2.469009E-03,0.000000E+00,0.000000E+00,0.000000E+00,0.000000E+00,0.000000E+00,0.000000E+00,0.000000E+00,0.000000E+00,0.000000E+00,0.000000E+00,0.000000E+00
