# mean, investigation_time=50.0, imt="PGA"
lon,lat,depth,poe-0.005,poe-0.007,poe-0.0098,poe-0.0137,poe-0.0192,poe-0.0269,poe-0.0376,poe-0.0527,poe-0.0738,poe-0.103,poe-0.145,poe-0.203,poe-0.284,poe-0.397,poe-0.556,poe-0.778,poe-1.09,poe-1.52,poe-2.13
0.00000,0.00000,0.00000,9.392517E-01,8.978586E-01,8.248188E-01,7.180415E-01,6.225486E-01,5.128699E-01,4.196785E-01,3.083243E-01,2.060661E-01,1.244221E-01,8.323169E-02,5.148382E-02,3.577003E-02,2.050637E-02,1.350335E-02,6.172522E-03,3.086261E-03,0.000000E+00,0.000000E+00
0.00000,1.00000,0.00000,8.902879E-01,8.341794E-01,7.732818E-01,6.981213E-01,6.210902E-01,5.066813E-01,3.870401E-01,2.921655E-01,2.028846E-01,1.048684E-01,5.730392E-02,2.188879E-02,3.673033E-03,2.438529E-03,1.234504E-03,0.000000E+00,0.000000E+00,0.000000E+00,0.000000E+00
0.00000,2.50000,0.00000,4.975182E-01,4.019412E-01,2.873639E-01,1.588113E-01,7.141458E-02,2.912642E-02,1.446802E-02,1.851757E-03,0.000000E+00,0.000000E+00,0.000000E+00,0.000000E+00,0.000000E+00,0.000000E+00,0.000000E+00,0.000000E+00,0.000000E+00,0.000000E+00,0.000000E+00
