# mean, investigation_time=50.0,imt=PGA
lon,lat,depth,PGA-0.005:float32,PGA-0.007:float32,PGA-0.0098:float32,PGA-0.0137:float32,PGA-0.0192:float32,PGA-0.0269:float32,PGA-0.0376:float32,PGA-0.0527:float32,PGA-0.0738:float32,PGA-0.103:float32,PGA-0.145:float32,PGA-0.203:float32,PGA-0.284:float32,PGA-0.397:float32,PGA-0.556:float32,PGA-0.778:float32,PGA-1.09:float32,PGA-1.52:float32,PGA-2.13:float32
0.00000,0.00000,0.00000,9.799398E-01,9.607747E-01,9.328752E-01,8.925700E-01,8.484858E-01,7.954322E-01,7.136437E-01,5.697812E-01,4.090986E-01,2.754389E-01,1.697650E-01,8.977322E-02,4.983693E-02,2.902599E-02,1.710169E-02,4.938018E-03,4.938018E-03,2.469009E-03,0.000000E+00
0.00000,1.00000,0.00000,9.532405E-01,9.308703E-01,9.032956E-01,8.700187E-01,8.328134E-01,7.660617E-01,6.884977E-01,5.521092E-01,3.880037E-01,2.519920E-01,1.516429E-01,6.422176E-02,3.155148E-02,1.222312E-02,9.815075E-03,2.469009E-03,0.000000E+00,0.000000E+00,0.000000E+00
0.00000,2.50000,0.00000,7.559403E-01,6.579227E-01,5.170062E-01,3.465360E-01,1.724764E-01,9.278887E-02,3.550307E-02,2.469009E-03,0.000000E+00,0.000000E+00,0.000000E+00,0.000000E+00,0.000000E+00,0.000000E+00,0.000000E+00,0.000000E+00,0.000000E+00,0.000000E+00,0.000000E+00
