# mean, investigation_time=50.0,imt=PGA
lon,lat,depth,poe-0.005,poe-0.007,poe-0.0098,poe-0.0137,poe-0.0192,poe-0.0269,poe-0.0376,poe-0.0527,poe-0.0738,poe-0.103,poe-0.145,poe-0.203,poe-0.284,poe-0.397,poe-0.556,poe-0.778,poe-1.09,poe-1.52,poe-2.13
0.00000,0.00000,0.00000,1.000000E+00,9.999999E-01,9.999950E-01,9.998704E-01,9.984439E-01,9.845214E-01,9.241659E-01,7.754728E-01,5.637420E-01,3.355216E-01,2.093625E-01,1.371183E-01,7.053334E-02,4.788301E-02,2.926385E-02,1.475309E-02,7.346066E-03,2.469009E-03,0.000000E+00
0.00000,1.00000,0.00000,9.999999E-01,9.999987E-01,9.999747E-01,9.995274E-01,9.959128E-01,9.741859E-01,8.983506E-01,7.377099E-01,5.213867E-01,3.071879E-01,1.788285E-01,8.246613E-02,4.818182E-02,2.203820E-02,7.407026E-03,0.000000E+00,0.000000E+00,0.000000E+00,0.000000E+00
0.00000,2.50000,0.00000,9.703692E-01,9.125191E-01,7.664896E-01,5.493500E-01,2.961271E-01,1.371593E-01,3.883810E-02,2.469009E-03,0.000000E+00,0.000000E+00,0.000000E+00,0.000000E+00,0.000000E+00,0.000000E+00,0.000000E+00,0.000000E+00,0.000000E+00,0.000000E+00,0.000000E+00
