# mean, investigation_time=50.0
lon,lat,PGA-0.005,PGA-0.007,PGA-0.0098,PGA-0.0137,PGA-0.0192,PGA-0.0269,PGA-0.0376,PGA-0.0527,PGA-0.0738,PGA-0.103,PGA-0.145,PGA-0.203,PGA-0.284,PGA-0.397,PGA-0.556,PGA-0.778,PGA-1.09,PGA-1.52,PGA-2.13,SA(0.1)-0.005,SA(0.1)-0.007,SA(0.1)-0.0098,SA(0.1)-0.0137,SA(0.1)-0.0192,SA(0.1)-0.0269,SA(0.1)-0.0376,SA(0.1)-0.0527,SA(0.1)-0.0738,SA(0.1)-0.103,SA(0.1)-0.145,SA(0.1)-0.203,SA(0.1)-0.284,SA(0.1)-0.397,SA(0.1)-0.556,SA(0.1)-0.778,SA(0.1)-1.09,SA(0.1)-1.52,SA(0.1)-2.13
0.00000,0.00000,9.789609E-01,9.647437E-01,9.364841E-01,8.898715E-01,8.466611E-01,7.923872E-01,7.104366E-01,5.415887E-01,3.990518E-01,2.673664E-01,1.674790E-01,1.095355E-01,6.796089E-02,4.347579E-02,2.914344E-02,1.228408E-02,4.938018E-03,2.469009E-03,0.000000E+00,9.931421E-01,9.865650E-01,9.769279E-01,9.586622E-01,9.345346E-01,8.926782E-01,8.417370E-01,7.805079E-01,6.887490E-01,5.687035E-01,4.272609E-01,2.861816E-01,1.890710E-01,1.163036E-01,6.416080E-02,2.673539E-02,7.407026E-03,2.469009E-03,0.000000E+00
0.00000,1.00000,9.552388E-01,9.333184E-01,9.019149E-01,8.630745E-01,8.261358E-01,7.660544E-01,6.830369E-01,5.528001E-01,3.745877E-01,2.255087E-01,1.285413E-01,7.071582E-02,3.402347E-02,1.963015E-02,4.938018E-03,0.000000E+00,0.000000E+00,0.000000E+00,0.000000E+00,9.769032E-01,9.650281E-01,9.494224E-01,9.312187E-01,9.132614E-01,8.802134E-01,8.268044E-01,7.690324E-01,7.022670E-01,5.827934E-01,4.233206E-01,2.879973E-01,1.757116E-01,1.014375E-01,6.404039E-02,2.685580E-02,1.475309E-02,9.815075E-03,2.469009E-03
0.00000,2.50000,7.746835E-01,6.796900E-01,5.213966E-01,3.520436E-01,2.027506E-01,9.870801E-02,2.643657E-02,2.469009E-03,0.000000E+00,0.000000E+00,0.000000E+00,0.000000E+00,0.000000E+00,0.000000E+00,0.000000E+00,0.000000E+00,0.000000E+00,0.000000E+00,0.000000E+00,8.241208E-01,7.787661E-01,7.173255E-01,6.010674E-01,4.626949E-01,3.008047E-01,1.394982E-01,7.714759E-02,2.655698E-02,7.407026E-03,0.000000E+00,0.000000E+00,0.000000E+00,0.000000E+00,0.000000E+00,0.000000E+00,0.000000E+00,0.000000E+00,0.000000E+00
