# mean, investigation_time=50.0,imt=PGA
lon,lat,depth,poe-0.005,poe-0.007,poe-0.0098,poe-0.0137,poe-0.0192,poe-0.0269,poe-0.0376,poe-0.0527,poe-0.0738,poe-0.103,poe-0.145,poe-0.203,poe-0.284,poe-0.397,poe-0.556,poe-0.778,poe-1.09,poe-1.52,poe-2.13
0.00000,0.00000,0.00000,9.416985E-01,8.958051E-01,8.317712E-01,7.501923E-01,6.780244E-01,5.983145E-01,5.192022E-01,3.913417E-01,2.829609E-01,1.870238E-01,1.100387E-01,7.129566E-02,4.255420E-02,2.169988E-02,1.514791E-02,7.715653E-03,0.000000E+00,0.000000E+00,0.000000E+00
0.00000,1.00000,0.00000,8.960643E-01,8.475903E-01,7.967318E-01,7.324479E-01,6.643796E-01,5.697791E-01,4.918734E-01,3.784389E-01,2.636936E-01,1.646697E-01,8.081282E-02,4.965501E-02,2.045361E-02,1.524081E-02,3.857826E-03,0.000000E+00,0.000000E+00,0.000000E+00,0.000000E+00
0.00000,2.50000,0.00000,5.687813E-01,5.005440E-01,3.995859E-01,2.753668E-01,1.405898E-01,6.012854E-02,2.271163E-02,2.314696E-03,0.000000E+00,0.000000E+00,0.000000E+00,0.000000E+00,0.000000E+00,0.000000E+00,0.000000E+00,0.000000E+00,0.000000E+00,0.000000E+00,0.000000E+00
