# mean, investigation_time=50.0, imt="PGA"
lon,lat,depth,poe-0.005,poe-0.007,poe-0.0098,poe-0.0137,poe-0.0192,poe-0.0269,poe-0.0376,poe-0.0527,poe-0.0738,poe-0.103,poe-0.145,poe-0.203,poe-0.284,poe-0.397,poe-0.556,poe-0.778,poe-1.09,poe-1.52,poe-2.13
0.00000,0.00000,0.00000,6.133996E-01,5.838702E-01,5.622280E-01,5.318668E-01,4.967721E-01,4.416829E-01,3.676294E-01,2.897427E-01,2.080248E-01,1.416346E-01,1.040800E-01,6.290436E-02,3.049331E-02,2.626323E-02,1.204768E-02,6.699087E-03,1.234504E-03,0.000000E+00,0.000000E+00
0.00000,1.00000,0.00000,6.030740E-01,5.833964E-01,5.457102E-01,5.046414E-01,4.705906E-01,4.253217E-01,3.596775E-01,2.847706E-01,2.014978E-01,1.288702E-01,6.908663E-02,3.268848E-02,1.434115E-02,1.093065E-02,4.290286E-03,0.000000E+00,0.000000E+00,0.000000E+00,0.000000E+00
0.00000,2.50000,0.00000,4.300818E-01,3.592632E-01,2.553891E-01,1.559043E-01,6.152442E-02,2.950904E-02,8.534851E-03,0.000000E+00,0.000000E+00,0.000000E+00,0.000000E+00,0.000000E+00,0.000000E+00,0.000000E+00,0.000000E+00,0.000000E+00,0.000000E+00,0.000000E+00,0.000000E+00
