# mean, investigation_time=50.0
lon,lat,PGA-0.005,PGA-0.007,PGA-0.0098,PGA-0.0137,PGA-0.0192,PGA-0.0269,PGA-0.0376,PGA-0.0527,PGA-0.0738,PGA-0.103,PGA-0.145,PGA-0.203,PGA-0.284,PGA-0.397,PGA-0.556,PGA-0.778,PGA-1.09,PGA-1.52,PGA-2.13,SA(0.1)-0.005,SA(0.1)-0.007,SA(0.1)-0.0098,SA(0.1)-0.0137,SA(0.1)-0.0192,SA(0.1)-0.0269,SA(0.1)-0.0376,SA(0.1)-0.0527,SA(0.1)-0.0738,SA(0.1)-0.103,SA(0.1)-0.145,SA(0.1)-0.203,SA(0.1)-0.284,SA(0.1)-0.397,SA(0.1)-0.556,SA(0.1)-0.778,SA(0.1)-1.09,SA(0.1)-1.52,SA(0.1)-2.13
0.00000,0.00000,9.805646E-01,9.654288E-01,9.389881E-01,8.988858E-01,8.406955E-01,7.703819E-01,6.790049E-01,5.422468E-01,4.067336E-01,2.910105E-01,1.769216E-01,1.079060E-01,6.893034E-02,3.631110E-02,2.920440E-02,9.754115E-03,7.346066E-03,2.469009E-03,0.000000E+00,9.931310E-01,9.865321E-01,9.744833E-01,9.601338E-01,9.286900E-01,8.850204E-01,8.421657E-01,7.836412E-01,6.946021E-01,5.674270E-01,4.145947E-01,2.809708E-01,1.747130E-01,1.121807E-01,6.181221E-02,2.197874E-02,7.407026E-03,0.000000E+00,0.000000E+00
0.00000,1.00000,9.560326E-01,9.374493E-01,8.956448E-01,8.584664E-01,8.318073E-01,7.918054E-01,6.802103E-01,5.483247E-01,3.745872E-01,2.396995E-01,1.288243E-01,6.354243E-02,2.896503E-02,1.716114E-02,2.469009E-03,0.000000E+00,0.000000E+00,0.000000E+00,0.000000E+00,9.792444E-01,9.701035E-01,9.520290E-01,9.305488E-01,8.976090E-01,8.696254E-01,8.270311E-01,7.780909E-01,6.878132E-01,5.761964E-01,4.148891E-01,2.693339E-01,1.650221E-01,9.449610E-02,5.940416E-02,2.444625E-02,9.876035E-03,7.407026E-03,2.469009E-03
0.00000,2.50000,7.451684E-01,6.532615E-01,5.113841E-01,3.398234E-01,1.877355E-01,7.456984E-02,2.655698E-02,4.938018E-03,2.469009E-03,0.000000E+00,0.000000E+00,0.000000E+00,0.000000E+00,0.000000E+00,0.000000E+00,0.000000E+00,0.000000E+00,0.000000E+00,0.000000E+00,8.342525E-01,7.901861E-01,7.187098E-01,5.943063E-01,4.588539E-01,3.074085E-01,1.711860E-01,7.254231E-02,2.926385E-02,4.938018E-03,0.000000E+00,0.000000E+00,0.000000E+00,0.000000E+00,0.000000E+00,0.000000E+00,0.000000E+00,0.000000E+00,0.000000E+00
