# mean, investigation_time=50.0, imt="PGA"
lon,lat,depth,poe-0.005,poe-0.007,poe-0.0098,poe-0.0137,poe-0.0192,poe-0.0269,poe-0.0376,poe-0.0527,poe-0.0738,poe-0.103,poe-0.145,poe-0.203,poe-0.284,poe-0.397,poe-0.556,poe-0.778,poe-1.09,poe-1.52,poe-2.13
0.00000,0.00000,0.00000,9.536894E-01,9.112938E-01,8.529209E-01,7.624528E-01,6.571148E-01,5.382337E-01,4.084862E-01,2.873126E-01,1.931329E-01,1.048907E-01,7.072485E-02,5.356993E-02,3.148714E-02,1.312983E-02,0.000000E+00,0.000000E+00,0.000000E+00,0.000000E+00,0.000000E+00
0.00000,1.00000,0.00000,9.228228E-01,8.876367E-01,8.336450E-01,7.551216E-01,6.638274E-01,5.693724E-01,4.333158E-01,3.106035E-01,2.049892E-01,1.217026E-01,6.245395E-02,2.843527E-02,1.005086E-02,4.290286E-03,2.438529E-03,0.000000E+00,0.000000E+00,0.000000E+00,0.000000E+00
0.00000,2.50000,0.00000,5.237930E-01,4.408511E-01,3.192511E-01,1.947849E-01,7.328791E-02,1.189899E-02,0.000000E+00,0.000000E+00,0.000000E+00,0.000000E+00,0.000000E+00,0.000000E+00,0.000000E+00,0.000000E+00,0.000000E+00,0.000000E+00,0.000000E+00,0.000000E+00,0.000000E+00
