# mean, investigation_time=50.0, imt="PGA"
lon,lat,depth,poe-0.005,poe-0.007,poe-0.0098,poe-0.0137,poe-0.0192,poe-0.0269,poe-0.0376,poe-0.0527,poe-0.0738,poe-0.103,poe-0.145,poe-0.203,poe-0.284,poe-0.397,poe-0.556,poe-0.778,poe-1.09,poe-1.52,poe-2.13
0.00000,0.00000,0.00000,7.899990E-01,7.476372E-01,6.948419E-01,6.419321E-01,5.604060E-01,4.912852E-01,4.021895E-01,2.955786E-01,2.033066E-01,1.230982E-01,7.577223E-02,4.087758E-02,2.654240E-02,1.155125E-02,5.952774E-03,2.985050E-03,2.238787E-03,4.975083E-04,0.000000E+00
0.00000,1.00000,0.00000,7.599360E-01,7.203541E-01,6.714752E-01,6.076173E-01,5.540254E-01,4.777084E-01,3.911695E-01,2.884358E-01,2.010996E-01,1.111222E-01,5.900571E-02,3.002691E-02,1.553407E-02,8.093730E-03,1.975232E-03,4.975083E-04,0.000000E+00,0.000000E+00,0.000000E+00
0.00000,2.50000,0.00000,4.676656E-01,3.921278E-01,2.847626E-01,1.601471E-01,6.983908E-02,2.612616E-02,5.647582E-03,0.000000E+00,0.000000E+00,0.000000E+00,0.000000E+00,0.000000E+00,0.000000E+00,0.000000E+00,0.000000E+00,0.000000E+00,0.000000E+00,0.000000E+00,0.000000E+00
