# mean, investigation_time=50.0
lon,lat,PGA-0.005,PGA-0.007,PGA-0.0098,PGA-0.0137,PGA-0.0192,PGA-0.0269,PGA-0.0376,PGA-0.0527,PGA-0.0738,PGA-0.103,PGA-0.145,PGA-0.203,PGA-0.284,PGA-0.397,PGA-0.556,PGA-0.778,PGA-1.09,PGA-1.52,PGA-2.13,SA(0.1)-0.005,SA(0.1)-0.007,SA(0.1)-0.0098,SA(0.1)-0.0137,SA(0.1)-0.0192,SA(0.1)-0.0269,SA(0.1)-0.0376,SA(0.1)-0.0527,SA(0.1)-0.0738,SA(0.1)-0.103,SA(0.1)-0.145,SA(0.1)-0.203,SA(0.1)-0.284,SA(0.1)-0.397,SA(0.1)-0.556,SA(0.1)-0.778,SA(0.1)-1.09,SA(0.1)-1.52,SA(0.1)-2.13
0.00000,0.00000,9.791586E-01,9.635696E-01,9.371237E-01,8.907887E-01,8.447924E-01,7.939623E-01,7.204049E-01,5.832948E-01,4.150565E-01,2.723382E-01,1.679504E-01,9.487902E-02,5.895971E-02,2.667443E-02,1.457172E-02,9.815075E-03,2.469009E-03,2.469009E-03,0.000000E+00,9.919262E-01,9.856815E-01,9.755679E-01,9.566009E-01,9.315630E-01,8.958600E-01,8.474272E-01,7.926532E-01,6.901567E-01,5.775056E-01,4.279066E-01,3.073288E-01,1.812854E-01,1.065455E-01,6.313777E-02,2.444625E-02,7.346066E-03,4.877058E-03,0.000000E+00
0.00000,1.00000,9.573596E-01,9.386780E-01,9.056116E-01,8.673184E-01,8.287205E-01,7.654836E-01,6.903630E-01,5.414236E-01,3.842091E-01,2.275177E-01,1.325757E-01,7.512325E-02,3.860611E-02,1.956919E-02,7.346066E-03,0.000000E+00,0.000000E+00,0.000000E+00,0.000000E+00,9.749909E-01,9.666622E-01,9.505114E-01,9.293868E-01,9.099788E-01,8.779920E-01,8.373859E-01,7.771574E-01,7.037372E-01,5.805619E-01,4.363674E-01,3.076022E-01,1.745985E-01,1.034986E-01,5.452413E-02,2.667443E-02,1.704073E-02,9.754115E-03,2.469009E-03
0.00000,2.50000,7.696056E-01,6.868002E-01,5.422666E-01,3.354151E-01,1.773090E-01,9.433247E-02,3.801718E-02,2.469009E-03,0.000000E+00,0.000000E+00,0.000000E+00,0.000000E+00,0.000000E+00,0.000000E+00,0.000000E+00,0.000000E+00,0.000000E+00,0.000000E+00,0.000000E+00,8.250685E-01,7.861229E-01,7.271361E-01,6.062267E-01,4.608040E-01,2.979154E-01,1.350811E-01,6.581309E-02,2.167993E-02,7.407026E-03,0.000000E+00,0.000000E+00,0.000000E+00,0.000000E+00,0.000000E+00,0.000000E+00,0.000000E+00,0.000000E+00,0.000000E+00
