# mean, investigation_time=50.0
lon,lat,PGA-0.005,PGA-0.007,PGA-0.0098,PGA-0.0137,PGA-0.0192,PGA-0.0269,PGA-0.0376,PGA-0.0527,PGA-0.0738,PGA-0.103,PGA-0.145,PGA-0.203,PGA-0.284,PGA-0.397,PGA-0.556,PGA-0.778,PGA-1.09,PGA-1.52,PGA-2.13,SA(0.1)-0.005,SA(0.1)-0.007,SA(0.1)-0.0098,SA(0.1)-0.0137,SA(0.1)-0.0192,SA(0.1)-0.0269,SA(0.1)-0.0376,SA(0.1)-0.0527,SA(0.1)-0.0738,SA(0.1)-0.103,SA(0.1)-0.145,SA(0.1)-0.203,SA(0.1)-0.284,SA(0.1)-0.397,SA(0.1)-0.556,SA(0.1)-0.778,SA(0.1)-1.09,SA(0.1)-1.52,SA(0.1)-2.13
0.00000,0.00000,9.805646E-01,9.654288E-01,9.389881E-01,8.988858E-01,8.406955E-01,7.703819E-01,6.790049E-01,5.422468E-01,4.067336E-01,2.910105E-01,1.769216E-01,1.079060E-01,6.893034E-02,3.631110E-02,2.920440E-02,9.754115E-03,7.346066E-03,2.469009E-03,0.000000E+00,9.935216E-01,9.895088E-01,9.796132E-01,9.619759E-01,9.306293E-01,8.899744E-01,8.371464E-01,7.739776E-01,6.840969E-01,5.599707E-01,4.311265E-01,3.093302E-01,2.041948E-01,1.249226E-01,8.218828E-02,5.029976E-02,2.920440E-02,1.944878E-02,7.346066E-03
0.00000,1.00000,9.560326E-01,9.374493E-01,8.956448E-01,8.584664E-01,8.318073E-01,7.918054E-01,6.802103E-01,5.483247E-01,3.745872E-01,2.396995E-01,1.288243E-01,6.354243E-02,2.896503E-02,1.716114E-02,2.469009E-03,0.000000E+00,0.000000E+00,0.000000E+00,0.000000E+00,9.765607E-01,9.661834E-01,9.543684E-01,9.319936E-01,8.944367E-01,8.565994E-01,8.285064E-01,7.830102E-01,6.874945E-01,5.582119E-01,4.009652E-01,2.624007E-01,1.613998E-01,7.714152E-02,3.607324E-02,2.432583E-02,4.938018E-03,0.000000E+00,0.000000E+00
0.00000,2.50000,7.451684E-01,6.532615E-01,5.113841E-01,3.398234E-01,1.877355E-01,7.456984E-02,2.655698E-02,4.938018E-03,2.469009E-03,0.000000E+00,0.000000E+00,0.000000E+00,0.000000E+00,0.000000E+00,0.000000E+00,0.000000E+00,0.000000E+00,0.000000E+00,0.000000E+00,8.204861E-01,7.764144E-01,7.129786E-01,5.915297E-01,4.452654E-01,2.975374E-01,1.600273E-01,6.309777E-02,2.191778E-02,4.938018E-03,2.469009E-03,0.000000E+00,0.000000E+00,0.000000E+00,0.000000E+00,0.000000E+00,0.000000E+00,0.000000E+00,0.000000E+00
