# source_model_tree_path=('b11',),gsim_tree_path=('CY',),investigation_time=50.0
lon,lat,PGA-0.005,PGA-0.007,PGA-0.0098,PGA-0.0137,PGA-0.0192,PGA-0.0269,PGA-0.0376,PGA-0.0527,PGA-0.0738,PGA-0.103,PGA-0.145,PGA-0.203,PGA-0.284,PGA-0.397,PGA-0.556,PGA-0.778,PGA-1.09,PGA-1.52,PGA-2.13,SA(0.1)-0.005,SA(0.1)-0.007,SA(0.1)-0.0098,SA(0.1)-0.0137,SA(0.1)-0.0192,SA(0.1)-0.0269,SA(0.1)-0.0376,SA(0.1)-0.0527,SA(0.1)-0.0738,SA(0.1)-0.103,SA(0.1)-0.145,SA(0.1)-0.203,SA(0.1)-0.284,SA(0.1)-0.397,SA(0.1)-0.556,SA(0.1)-0.778,SA(0.1)-1.09,SA(0.1)-1.52,SA(0.1)-2.13
0.00000,0.00000,1.000000E+00,9.999989E-01,9.999568E-01,9.991749E-01,9.927373E-01,9.602442E-01,8.891968E-01,7.205690E-01,5.034147E-01,3.462302E-01,2.211992E-01,1.605430E-01,7.225651E-02,4.877058E-02,2.469009E-02,2.469009E-02,2.469009E-02,2.469009E-02,0.000000E+00,1.000000E+00,1.000000E+00,9.999994E-01,9.999849E-01,9.996384E-01,9.968958E-01,9.846248E-01,9.406913E-01,8.541242E-01,7.534030E-01,6.228076E-01,4.647386E-01,2.211992E-01,1.392920E-01,1.175031E-01,7.225651E-02,0.000000E+00,0.000000E+00,0.000000E+00
0.00000,1.00000,9.999997E-01,9.999899E-01,9.998493E-01,9.979192E-01,9.830078E-01,9.360721E-01,8.305166E-01,6.833632E-01,5.034147E-01,3.623718E-01,2.404279E-01,1.175031E-01,4.877058E-02,4.877058E-02,4.877058E-02,2.469009E-02,0.000000E+00,0.000000E+00,0.000000E+00,1.000000E+00,9.999999E-01,9.999970E-01,9.999523E-01,9.992345E-01,9.962085E-01,9.821366E-01,9.219183E-01,8.079501E-01,6.228076E-01,4.372951E-01,3.296800E-01,2.211992E-01,1.175031E-01,4.877058E-02,2.469009E-02,2.469009E-02,2.469009E-02,0.000000E+00
0.00000,2.50000,9.022166E-01,7.407597E-01,5.034147E-01,2.211992E-01,1.392920E-01,4.877058E-02,0.000000E+00,0.000000E+00,0.000000E+00,0.000000E+00,0.000000E+00,0.000000E+00,0.000000E+00,0.000000E+00,0.000000E+00,0.000000E+00,0.000000E+00,0.000000E+00,0.000000E+00,9.602442E-01,8.891968E-01,6.833632E-01,4.372951E-01,1.605430E-01,7.225651E-02,0.000000E+00,0.000000E+00,0.000000E+00,0.000000E+00,0.000000E+00,0.000000E+00,0.000000E+00,0.000000E+00,0.000000E+00,0.000000E+00,0.000000E+00,0.000000E+00,0.000000E+00
