# source_model_tree_path=('b11',), gsim_tree_path=('CB',), investigation_time=50.0,imt=PGA
lon,lat,depth,poe-0.005,poe-0.007,poe-0.0098,poe-0.0137,poe-0.0192,poe-0.0269,poe-0.0376,poe-0.0527,poe-0.0738,poe-0.103,poe-0.145,poe-0.203,poe-0.284,poe-0.397,poe-0.556,poe-0.778,poe-1.09,poe-1.52,poe-2.13
0.00000,0.00000,0.00000,1.000000E+00,1.000000E+00,1.000000E+00,9.999958E-01,9.996293E-01,9.923649E-01,9.602442E-01,8.305166E-01,6.132590E-01,3.462302E-01,2.014838E-01,1.392920E-01,4.877058E-02,2.469009E-02,2.469009E-02,2.469009E-02,0.000000E+00,0.000000E+00,0.000000E+00
0.00000,1.00000,0.00000,1.000000E+00,1.000000E+00,9.999998E-01,9.999717E-01,9.987691E-01,9.812207E-01,8.997412E-01,7.407597E-01,4.908436E-01,3.296800E-01,1.392920E-01,7.225651E-02,4.877058E-02,4.877058E-02,2.469009E-02,0.000000E+00,0.000000E+00,0.000000E+00,0.000000E+00
0.00000,2.50000,0.00000,9.979706E-01,9.838365E-01,9.092820E-01,6.671289E-01,3.781149E-01,1.175031E-01,2.469009E-02,0.000000E+00,0.000000E+00,0.000000E+00,0.000000E+00,0.000000E+00,0.000000E+00,0.000000E+00,0.000000E+00,0.000000E+00,0.000000E+00,0.000000E+00,0.000000E+00
