# mean, investigation_time=50.0, imt="SA(0.1)"
lon,lat,depth,poe-0.005,poe-0.007,poe-0.0098,poe-0.0137,poe-0.0192,poe-0.0269,poe-0.0376,poe-0.0527,poe-0.0738,poe-0.103,poe-0.145,poe-0.203,poe-0.284,poe-0.397,poe-0.556,poe-0.778,poe-1.09,poe-1.52,poe-2.13
0.00000,0.00000,0.00000,9.841438E-01,9.714927E-01,9.512266E-01,9.069576E-01,8.415301E-01,7.824807E-01,7.055299E-01,6.319578E-01,5.432894E-01,4.484613E-01,3.273167E-01,2.165293E-01,1.130043E-01,8.037044E-02,5.279391E-02,2.423665E-02,1.226884E-02,4.938018E-03,0.000000E+00
0.00000,1.00000,0.00000,9.567057E-01,9.437373E-01,9.188302E-01,8.853312E-01,8.300489E-01,7.764294E-01,7.121939E-01,6.175463E-01,5.165387E-01,3.941708E-01,2.869779E-01,1.834708E-01,1.056207E-01,6.525154E-02,3.438390E-02,8.024279E-03,4.938018E-03,4.938018E-03,3.086261E-03
0.00000,2.50000,0.00000,6.901282E-01,6.264955E-01,5.520743E-01,4.410743E-01,3.088280E-01,1.834537E-01,7.172278E-02,3.605949E-02,1.103434E-02,0.000000E+00,0.000000E+00,0.000000E+00,0.000000E+00,0.000000E+00,0.000000E+00,0.000000E+00,0.000000E+00,0.000000E+00,0.000000E+00
