# quantile-0.9, investigation_time=50.0
lon,lat,PGA-0.005,PGA-0.007,PGA-0.0098,PGA-0.0137,PGA-0.0192,PGA-0.0269,PGA-0.0376,PGA-0.0527,PGA-0.0738,PGA-0.103,PGA-0.145,PGA-0.203,PGA-0.284,PGA-0.397,PGA-0.556,PGA-0.778,PGA-1.09,PGA-1.52,PGA-2.13,SA(0.1)-0.005,SA(0.1)-0.007,SA(0.1)-0.0098,SA(0.1)-0.0137,SA(0.1)-0.0192,SA(0.1)-0.0269,SA(0.1)-0.0376,SA(0.1)-0.0527,SA(0.1)-0.0738,SA(0.1)-0.103,SA(0.1)-0.145,SA(0.1)-0.203,SA(0.1)-0.284,SA(0.1)-0.397,SA(0.1)-0.556,SA(0.1)-0.778,SA(0.1)-1.09,SA(0.1)-1.52,SA(0.1)-2.13
0.00000,0.00000,1.000000E+00,1.000000E+00,1.000000E+00,9.999967E-01,9.996158E-01,9.920473E-01,9.264095E-01,7.988481E-01,6.049309E-01,4.372951E-01,3.190320E-01,2.177535E-01,1.424662E-01,8.554203E-02,7.225651E-02,4.877058E-02,3.865677E-02,1.432025E-02,0.000000E+00,1.000000E+00,1.000000E+00,1.000000E+00,1.000000E+00,9.999999E-01,9.999797E-01,9.991406E-01,9.897317E-01,9.346955E-01,8.268669E-01,6.463416E-01,4.724036E-01,3.682364E-01,2.432291E-01,1.662119E-01,1.207577E-01,7.225651E-02,6.239242E-02,3.865677E-02
0.00000,1.00000,1.000000E+00,1.000000E+00,9.999999E-01,9.999829E-01,9.993705E-01,9.862872E-01,9.215729E-01,7.662948E-01,5.586038E-01,3.934693E-01,2.538378E-01,1.544875E-01,8.554203E-02,4.877058E-02,1.432025E-02,0.000000E+00,0.000000E+00,0.000000E+00,0.000000E+00,1.000000E+00,1.000000E+00,1.000000E+00,1.000000E+00,9.999989E-01,9.999239E-01,9.989211E-01,9.857035E-01,9.318527E-01,7.900915E-01,6.061464E-01,4.188883E-01,2.878194E-01,1.753632E-01,9.516258E-02,6.239242E-02,2.469009E-02,0.000000E+00,0.000000E+00
0.00000,2.50000,9.982958E-01,9.852324E-01,9.169159E-01,7.008398E-01,4.332360E-01,1.812692E-01,8.554203E-02,2.469009E-02,1.432025E-02,0.000000E+00,0.000000E+00,0.000000E+00,0.000000E+00,0.000000E+00,0.000000E+00,0.000000E+00,0.000000E+00,0.000000E+00,0.000000E+00,9.997433E-01,9.988858E-01,9.928758E-01,9.601476E-01,8.240059E-01,6.168160E-01,3.682364E-01,1.662119E-01,6.239242E-02,2.469009E-02,1.432025E-02,0.000000E+00,0.000000E+00,0.000000E+00,0.000000E+00,0.000000E+00,0.000000E+00,0.000000E+00,0.000000E+00
