# source_model_tree_path=('b11',), gsim_tree_path=('CB',), investigation_time=50.0,imt=PGA
lon,lat,depth,poe-0.005,poe-0.007,poe-0.0098,poe-0.0137,poe-0.0192,poe-0.0269,poe-0.0376,poe-0.0527,poe-0.0738,poe-0.103,poe-0.145,poe-0.203,poe-0.284,poe-0.397,poe-0.556,poe-0.778,poe-1.09,poe-1.52,poe-2.13
0.00000,0.00000,0.00000,1.000000E+00,1.000000E+00,1.000000E+00,9.999973E-01,9.996645E-01,9.923649E-01,9.476603E-01,7.877520E-01,5.831380E-01,3.462302E-01,1.812692E-01,4.877058E-02,2.469009E-02,2.469009E-02,2.469009E-02,0.000000E+00,0.000000E+00,0.000000E+00,0.000000E+00
0.00000,1.00000,0.00000,1.000000E+00,1.000000E+00,9.999999E-01,9.999870E-01,9.992345E-01,9.891653E-01,9.275603E-01,7.594916E-01,6.412035E-01,3.462302E-01,1.175031E-01,0.000000E+00,0.000000E+00,0.000000E+00,0.000000E+00,0.000000E+00,0.000000E+00,0.000000E+00,0.000000E+00
0.00000,2.50000,0.00000,9.987379E-01,9.874119E-01,9.421557E-01,7.712213E-01,4.908436E-01,1.812692E-01,4.877058E-02,0.000000E+00,0.000000E+00,0.000000E+00,0.000000E+00,0.000000E+00,0.000000E+00,0.000000E+00,0.000000E+00,0.000000E+00,0.000000E+00,0.000000E+00,0.000000E+00
