# mean, investigation_time=50.0, imt="SA(0.1)"
lon,lat,depth,poe-0.005,poe-0.007,poe-0.0098,poe-0.0137,poe-0.0192,poe-0.0269,poe-0.0376,poe-0.0527,poe-0.0738,poe-0.103,poe-0.145,poe-0.203,poe-0.284,poe-0.397,poe-0.556,poe-0.778,poe-1.09,poe-1.52,poe-2.13
0.00000,0.00000,0.00000,8.713580E-01,8.395644E-01,7.966005E-01,7.497560E-01,7.098919E-01,6.438883E-01,5.759425E-01,4.931588E-01,4.109205E-01,3.239154E-01,2.348603E-01,1.499704E-01,8.937255E-02,5.101820E-02,3.084059E-02,1.461789E-02,7.659573E-03,1.243771E-03,0.000000E+00
0.00000,1.00000,0.00000,8.141324E-01,7.927839E-01,7.596028E-01,7.237639E-01,6.761038E-01,6.285694E-01,5.531584E-01,4.788780E-01,4.082940E-01,3.159995E-01,2.227532E-01,1.481754E-01,8.972198E-02,4.196768E-02,2.034870E-02,9.796187E-03,3.711561E-03,1.741279E-03,1.243771E-03
0.00000,2.50000,0.00000,5.744745E-01,5.186862E-01,4.551791E-01,3.494915E-01,2.600614E-01,1.501419E-01,7.308037E-02,2.458483E-02,7.630190E-03,2.728870E-03,1.990033E-03,0.000000E+00,0.000000E+00,0.000000E+00,0.000000E+00,0.000000E+00,0.000000E+00,0.000000E+00,0.000000E+00
