# quantile-0.1, investigation_time=50.0, imt="PGA"
lon,lat,depth,poe-0.005,poe-0.007,poe-0.0098,poe-0.0137,poe-0.0192,poe-0.0269,poe-0.0376,poe-0.0527,poe-0.0738,poe-0.103,poe-0.145,poe-0.203,poe-0.284,poe-0.397,poe-0.556,poe-0.778,poe-1.09,poe-1.52,poe-2.13
0.00000,0.00000,0.00000,9.999990E-01,9.999725E-01,9.994869E-01,9.942006E-01,9.649156E-01,8.835158E-01,7.407597E-01,5.506710E-01,3.781149E-01,2.014838E-01,1.812692E-01,1.218609E-01,4.877058E-02,2.469009E-02,4.938018E-03,1.234504E-02,0.000000E+00,0.000000E+00,0.000000E+00
0.00000,1.00000,0.00000,9.999744E-01,9.997636E-01,9.982532E-01,9.891653E-01,9.640275E-01,8.835158E-01,6.911810E-01,4.511884E-01,2.953119E-01,1.812692E-01,4.877058E-02,0.000000E+00,0.000000E+00,0.000000E+00,0.000000E+00,0.000000E+00,0.000000E+00,0.000000E+00,0.000000E+00
0.00000,2.50000,0.00000,8.466451E-01,6.753475E-01,4.372951E-01,2.211992E-01,9.516259E-02,4.877058E-02,0.000000E+00,0.000000E+00,0.000000E+00,0.000000E+00,0.000000E+00,0.000000E+00,0.000000E+00,0.000000E+00,0.000000E+00,0.000000E+00,0.000000E+00,0.000000E+00,0.000000E+00
