# mean, investigation_time=50.0,imt=SA(0.1)
lon,lat,depth,poe-0.005,poe-0.007,poe-0.0098,poe-0.0137,poe-0.0192,poe-0.0269,poe-0.0376,poe-0.0527,poe-0.0738,poe-0.103,poe-0.145,poe-0.203,poe-0.284,poe-0.397,poe-0.556,poe-0.778,poe-1.09,poe-1.52,poe-2.13
0.00000,0.00000,0.00000,9.725730E-01,9.528514E-01,9.262280E-01,8.802527E-01,8.251750E-01,7.551416E-01,6.713883E-01,6.006990E-01,5.098836E-01,4.118884E-01,2.852778E-01,1.782206E-01,1.126024E-01,7.374939E-02,4.040070E-02,1.972015E-02,1.147823E-02,5.400957E-03,0.000000E+00
0.00000,1.00000,0.00000,9.399816E-01,9.211623E-01,8.895146E-01,8.515504E-01,7.987953E-01,7.428776E-01,6.638677E-01,5.907142E-01,5.195736E-01,4.311854E-01,3.203284E-01,2.122084E-01,1.232977E-01,7.197450E-02,2.728481E-02,1.379292E-02,1.379292E-02,7.715653E-03,3.857826E-03
0.00000,2.50000,0.00000,6.530177E-01,5.981914E-01,5.462685E-01,4.771850E-01,3.647401E-01,2.361483E-01,1.193391E-01,5.940426E-02,2.632695E-02,1.224979E-02,3.857826E-03,0.000000E+00,0.000000E+00,0.000000E+00,0.000000E+00,0.000000E+00,0.000000E+00,0.000000E+00,0.000000E+00
