# mean, investigation_time=50.0, imt="SA(0.1)"
lon,lat,depth,poe-0.005,poe-0.007,poe-0.0098,poe-0.0137,poe-0.0192,poe-0.0269,poe-0.0376,poe-0.0527,poe-0.0738,poe-0.103,poe-0.145,poe-0.203,poe-0.284,poe-0.397,poe-0.556,poe-0.778,poe-1.09,poe-1.52,poe-2.13
0.00000,0.00000,0.00000,9.894136E-01,9.821033E-01,9.651959E-01,9.355734E-01,8.843502E-01,8.119744E-01,7.378165E-01,6.382986E-01,5.442957E-01,4.511017E-01,3.123016E-01,1.970088E-01,1.097860E-01,6.644863E-02,5.428729E-02,3.664574E-02,1.698604E-02,5.139339E-03,0.000000E+00
0.00000,1.00000,0.00000,9.597292E-01,9.502994E-01,9.270456E-01,8.893043E-01,8.520328E-01,7.957162E-01,7.343417E-01,6.652486E-01,5.847549E-01,4.622951E-01,3.404086E-01,2.262830E-01,1.218830E-01,6.215377E-02,2.372175E-02,5.125163E-03,1.722564E-03,0.000000E+00,0.000000E+00
0.00000,2.50000,0.00000,7.399227E-01,7.056402E-01,6.297128E-01,5.484948E-01,4.248050E-01,2.921669E-01,1.291584E-01,4.225221E-02,7.464445E-03,0.000000E+00,0.000000E+00,0.000000E+00,0.000000E+00,0.000000E+00,0.000000E+00,0.000000E+00,0.000000E+00,0.000000E+00,0.000000E+00
