# quantile-0.9, investigation_time=50.0
lon,lat,PGA-0.005,PGA-0.007,PGA-0.0098,PGA-0.0137,PGA-0.0192,PGA-0.0269,PGA-0.0376,PGA-0.0527,PGA-0.0738,PGA-0.103,PGA-0.145,PGA-0.203,PGA-0.284,PGA-0.397,PGA-0.556,PGA-0.778,PGA-1.09,PGA-1.52,PGA-2.13,SA(0.1)-0.005,SA(0.1)-0.007,SA(0.1)-0.0098,SA(0.1)-0.0137,SA(0.1)-0.0192,SA(0.1)-0.0269,SA(0.1)-0.0376,SA(0.1)-0.0527,SA(0.1)-0.0738,SA(0.1)-0.103,SA(0.1)-0.145,SA(0.1)-0.203,SA(0.1)-0.284,SA(0.1)-0.397,SA(0.1)-0.556,SA(0.1)-0.778,SA(0.1)-1.09,SA(0.1)-1.52,SA(0.1)-2.13
0.00000,0.00000,1.000000E+00,1.000000E+00,1.000000E+00,9.999964E-01,9.996621E-01,9.925205E-01,9.373747E-01,7.822205E-01,6.006082E-01,4.124395E-01,3.267142E-01,2.349486E-01,1.725642E-01,8.554203E-02,7.225651E-02,3.865677E-02,2.469009E-02,1.432025E-02,0.000000E+00,1.000000E+00,1.000000E+00,1.000000E+00,1.000000E+00,9.999999E-01,9.999858E-01,9.994124E-01,9.911092E-01,9.469916E-01,8.472106E-01,6.789260E-01,4.590475E-01,3.225529E-01,2.155813E-01,1.301407E-01,7.225651E-02,2.469009E-02,1.432025E-02,0.000000E+00
0.00000,1.00000,1.000000E+00,1.000000E+00,9.999998E-01,9.999828E-01,9.989329E-01,9.864378E-01,9.238462E-01,7.744974E-01,5.725851E-01,3.934693E-01,2.538378E-01,1.636388E-01,7.567794E-02,4.877058E-02,2.469009E-02,0.000000E+00,0.000000E+00,0.000000E+00,0.000000E+00,1.000000E+00,1.000000E+00,1.000000E+00,1.000000E+00,9.999984E-01,9.999238E-01,9.985063E-01,9.863714E-01,9.343055E-01,8.030883E-01,6.071157E-01,4.472295E-01,2.979107E-01,2.129187E-01,1.301407E-01,6.239242E-02,3.865677E-02,3.865677E-02,1.432025E-02
0.00000,2.50000,9.982756E-01,9.874177E-01,9.299986E-01,7.795986E-01,5.135326E-01,2.619138E-01,8.554203E-02,1.432025E-02,0.000000E+00,0.000000E+00,0.000000E+00,0.000000E+00,0.000000E+00,0.000000E+00,0.000000E+00,0.000000E+00,0.000000E+00,0.000000E+00,0.000000E+00,9.997252E-01,9.982933E-01,9.918525E-01,9.663860E-01,8.735379E-01,6.049309E-01,3.433377E-01,1.812692E-01,8.554203E-02,2.469009E-02,0.000000E+00,0.000000E+00,0.000000E+00,0.000000E+00,0.000000E+00,0.000000E+00,0.000000E+00,0.000000E+00,0.000000E+00
