# source_model_tree_path=('b11',), gsim_tree_path=('CY',), investigation_time=50.0,imt=PGA
lon,lat,depth,PGA-0.005:float32,PGA-0.007:float32,PGA-0.0098:float32,PGA-0.0137:float32,PGA-0.0192:float32,PGA-0.0269:float32,PGA-0.0376:float32,PGA-0.0527:float32,PGA-0.0738:float32,PGA-0.103:float32,PGA-0.145:float32,PGA-0.203:float32,PGA-0.284:float32,PGA-0.397:float32,PGA-0.556:float32,PGA-0.778:float32,PGA-1.09:float32,PGA-1.52:float32,PGA-2.13:float32
0.00000,0.00000,0.00000,1.000000E+00,9.999986E-01,9.999340E-01,9.987379E-01,9.917703E-01,9.582059E-01,8.775436E-01,7.134952E-01,5.156754E-01,3.296800E-01,2.404279E-01,1.812692E-01,9.516259E-02,7.225651E-02,2.469009E-02,0.000000E+00,0.000000E+00,0.000000E+00,0.000000E+00
0.00000,1.00000,0.00000,9.999998E-01,9.999950E-01,9.998884E-01,9.981172E-01,9.880258E-01,9.435838E-01,8.427628E-01,6.228076E-01,4.511884E-01,3.623719E-01,2.404279E-01,1.392920E-01,7.225651E-02,2.469009E-02,2.469009E-02,0.000000E+00,0.000000E+00,0.000000E+00,0.000000E+00
0.00000,2.50000,0.00000,8.744436E-01,7.062423E-01,5.034147E-01,3.781149E-01,1.605430E-01,9.516259E-02,2.469009E-02,0.000000E+00,0.000000E+00,0.000000E+00,0.000000E+00,0.000000E+00,0.000000E+00,0.000000E+00,0.000000E+00,0.000000E+00,0.000000E+00,0.000000E+00,0.000000E+00
