# mean, investigation_time=50.0, imt="SA(0.1)"
lon,lat,depth,poe-0.005,poe-0.007,poe-0.0098,poe-0.0137,poe-0.0192,poe-0.0269,poe-0.0376,poe-0.0527,poe-0.0738,poe-0.103,poe-0.145,poe-0.203,poe-0.284,poe-0.397,poe-0.556,poe-0.778,poe-1.09,poe-1.52,poe-2.13
0.00000,0.00000,0.00000,6.470687E-01,6.329672E-01,6.127089E-01,5.920130E-01,5.674449E-01,5.314397E-01,5.078105E-01,4.525591E-01,3.848325E-01,2.945725E-01,2.191508E-01,1.286906E-01,8.152014E-02,6.080518E-02,4.052025E-02,2.541130E-02,1.285562E-02,5.555270E-03,1.234504E-03
0.00000,1.00000,0.00000,6.208415E-01,6.169869E-01,6.032975E-01,5.881092E-01,5.633034E-01,5.264505E-01,4.957284E-01,4.510144E-01,3.704996E-01,2.979851E-01,2.034460E-01,1.194228E-01,8.076905E-02,4.444412E-02,1.987663E-02,1.366369E-02,5.524790E-03,4.320765E-03,4.320765E-03
0.00000,2.50000,0.00000,5.147442E-01,4.668592E-01,4.253504E-01,3.426516E-01,2.166664E-01,1.035514E-01,4.036992E-02,1.934802E-02,3.086261E-03,0.000000E+00,0.000000E+00,0.000000E+00,0.000000E+00,0.000000E+00,0.000000E+00,0.000000E+00,0.000000E+00,0.000000E+00,0.000000E+00
