# mean, investigation_time=50.0, imt="SA(0.1)"
lon,lat,depth,poe-0.005,poe-0.007,poe-0.0098,poe-0.0137,poe-0.0192,poe-0.0269,poe-0.0376,poe-0.0527,poe-0.0738,poe-0.103,poe-0.145,poe-0.203,poe-0.284,poe-0.397,poe-0.556,poe-0.778,poe-1.09,poe-1.52,poe-2.13
0.00000,0.00000,0.00000,9.856297E-01,9.743918E-01,9.539777E-01,9.208797E-01,8.535206E-01,7.511185E-01,6.658924E-01,5.496892E-01,4.411941E-01,3.254955E-01,2.296320E-01,1.432329E-01,9.815312E-02,6.550843E-02,4.103666E-02,2.630900E-02,7.407026E-03,7.407026E-03,4.320765E-03
0.00000,1.00000,0.00000,9.498442E-01,9.310355E-01,8.995597E-01,8.576229E-01,7.791815E-01,7.102588E-01,6.196235E-01,5.230685E-01,4.394636E-01,3.438353E-01,2.433869E-01,1.685537E-01,9.856056E-02,4.650480E-02,1.795322E-02,1.261921E-02,3.612826E-03,1.234504E-03,1.234504E-03
0.00000,2.50000,0.00000,6.248920E-01,5.592789E-01,4.950072E-01,3.863957E-01,3.121135E-01,1.919359E-01,1.044138E-01,4.195415E-02,1.088382E-02,3.086261E-03,0.000000E+00,0.000000E+00,0.000000E+00,0.000000E+00,0.000000E+00,0.000000E+00,0.000000E+00,0.000000E+00,0.000000E+00
