# source_model_tree_path=('b11',),gsim_tree_path=('CY',),investigation_time=50.0
lon,lat,PGA-0.005,PGA-0.007,PGA-0.0098,PGA-0.0137,PGA-0.0192,PGA-0.0269,PGA-0.0376,PGA-0.0527,PGA-0.0738,PGA-0.103,PGA-0.145,PGA-0.203,PGA-0.284,PGA-0.397,PGA-0.556,PGA-0.778,PGA-1.09,PGA-1.52,PGA-2.13,SA(0.1)-0.005,SA(0.1)-0.007,SA(0.1)-0.0098,SA(0.1)-0.0137,SA(0.1)-0.0192,SA(0.1)-0.0269,SA(0.1)-0.0376,SA(0.1)-0.0527,SA(0.1)-0.0738,SA(0.1)-0.103,SA(0.1)-0.145,SA(0.1)-0.203,SA(0.1)-0.284,SA(0.1)-0.397,SA(0.1)-0.556,SA(0.1)-0.778,SA(0.1)-1.09,SA(0.1)-1.52,SA(0.1)-2.13
0.00000,0.00000,1.000000E+00,9.999992E-01,9.999769E-01,9.993574E-01,9.927373E-01,9.666267E-01,8.919326E-01,7.594915E-01,5.506710E-01,3.127107E-01,1.812692E-01,4.877058E-02,4.877058E-02,0.000000E+00,0.000000E+00,0.000000E+00,0.000000E+00,0.000000E+00,0.000000E+00,1.000000E+00,1.000000E+00,9.999999E-01,9.999935E-01,9.998415E-01,9.982533E-01,9.857358E-01,9.502129E-01,8.126918E-01,6.753475E-01,4.908436E-01,3.934693E-01,2.404279E-01,2.211992E-01,1.392920E-01,4.877058E-02,2.469009E-02,0.000000E+00,0.000000E+00
0.00000,1.00000,9.999999E-01,9.999944E-01,9.998375E-01,9.981637E-01,9.880258E-01,9.538104E-01,8.577259E-01,7.274682E-01,5.506710E-01,3.462302E-01,2.404279E-01,1.605430E-01,1.175031E-01,4.877058E-02,0.000000E+00,0.000000E+00,0.000000E+00,0.000000E+00,0.000000E+00,1.000000E+00,9.999999E-01,9.999978E-01,9.999718E-01,9.997040E-01,9.972606E-01,9.886098E-01,9.602442E-01,8.891968E-01,7.712213E-01,6.321206E-01,4.908436E-01,3.623718E-01,2.591818E-01,1.392920E-01,4.877058E-02,2.469009E-02,0.000000E+00,0.000000E+00
0.00000,2.50000,9.022166E-01,7.534030E-01,5.617650E-01,3.127107E-01,1.392920E-01,4.877058E-02,0.000000E+00,0.000000E+00,0.000000E+00,0.000000E+00,0.000000E+00,0.000000E+00,0.000000E+00,0.000000E+00,0.000000E+00,0.000000E+00,0.000000E+00,0.000000E+00,0.000000E+00,9.797581E-01,9.179150E-01,8.079501E-01,6.412035E-01,3.934693E-01,1.175031E-01,2.469009E-02,0.000000E+00,0.000000E+00,0.000000E+00,0.000000E+00,0.000000E+00,0.000000E+00,0.000000E+00,0.000000E+00,0.000000E+00,0.000000E+00,0.000000E+00,0.000000E+00
