# quantile-0.1, investigation_time=50.0
lon,lat,PGA-0.005,PGA-0.007,PGA-0.0098,PGA-0.0137,PGA-0.0192,PGA-0.0269,PGA-0.0376,PGA-0.0527,PGA-0.0738,PGA-0.103,PGA-0.145,PGA-0.203,PGA-0.284,PGA-0.397,PGA-0.556,PGA-0.778,PGA-1.09,PGA-1.52,PGA-2.13,SA(0.1)-0.005,SA(0.1)-0.007,SA(0.1)-0.0098,SA(0.1)-0.0137,SA(0.1)-0.0192,SA(0.1)-0.0269,SA(0.1)-0.0376,SA(0.1)-0.0527,SA(0.1)-0.0738,SA(0.1)-0.103,SA(0.1)-0.145,SA(0.1)-0.203,SA(0.1)-0.284,SA(0.1)-0.397,SA(0.1)-0.556,SA(0.1)-0.778,SA(0.1)-1.09,SA(0.1)-1.52,SA(0.1)-2.13
0.00000,0.00000,9.096611E-01,8.541242E-01,7.486271E-01,6.075805E-01,4.886476E-01,3.434105E-01,2.448341E-01,1.093368E-01,4.466799E-02,3.480389E-02,1.036984E-02,1.036984E-02,0.000000E+00,0.000000E+00,0.000000E+00,0.000000E+00,0.000000E+00,0.000000E+00,0.000000E+00,9.755329E-01,9.471766E-01,9.076735E-01,8.345204E-01,7.521196E-01,5.934303E-01,4.568795E-01,3.335684E-01,1.980398E-01,1.355798E-01,6.825522E-02,3.480389E-02,1.036984E-02,0.000000E+00,0.000000E+00,0.000000E+00,0.000000E+00,0.000000E+00,0.000000E+00
0.00000,1.00000,8.168604E-01,7.361632E-01,6.376880E-01,5.021750E-01,3.973687E-01,2.505529E-01,1.480980E-01,6.742805E-02,3.996828E-02,1.036984E-02,1.036984E-02,1.036984E-02,0.000000E+00,0.000000E+00,0.000000E+00,0.000000E+00,0.000000E+00,0.000000E+00,0.000000E+00,9.192009E-01,8.654247E-01,8.125120E-01,7.482169E-01,6.866028E-01,5.769580E-01,3.807135E-01,2.634792E-01,1.812692E-01,1.004114E-01,6.825522E-02,3.480389E-02,1.036984E-02,1.036984E-02,0.000000E+00,0.000000E+00,0.000000E+00,0.000000E+00,0.000000E+00
0.00000,2.50000,2.957421E-01,1.980398E-01,1.044200E-01,2.048364E-02,0.000000E+00,0.000000E+00,0.000000E+00,0.000000E+00,0.000000E+00,0.000000E+00,0.000000E+00,0.000000E+00,0.000000E+00,0.000000E+00,0.000000E+00,0.000000E+00,0.000000E+00,0.000000E+00,0.000000E+00,3.708713E-01,2.667611E-01,2.216747E-01,1.482174E-01,1.045456E-01,6.825522E-02,1.036984E-02,1.036984E-02,0.000000E+00,0.000000E+00,0.000000E+00,0.000000E+00,0.000000E+00,0.000000E+00,0.000000E+00,0.000000E+00,0.000000E+00,0.000000E+00,0.000000E+00
