# source_model_tree_path=('b11',),gsim_tree_path=('CY',),investigation_time=50.0
lon,lat,PGA-0.005,PGA-0.007,PGA-0.0098,PGA-0.0137,PGA-0.0192,PGA-0.0269,PGA-0.0376,PGA-0.0527,PGA-0.0738,PGA-0.103,PGA-0.145,PGA-0.203,PGA-0.284,PGA-0.397,PGA-0.556,PGA-0.778,PGA-1.09,PGA-1.52,PGA-2.13,SA(0.1)-0.005,SA(0.1)-0.007,SA(0.1)-0.0098,SA(0.1)-0.0137,SA(0.1)-0.0192,SA(0.1)-0.0269,SA(0.1)-0.0376,SA(0.1)-0.0527,SA(0.1)-0.0738,SA(0.1)-0.103,SA(0.1)-0.145,SA(0.1)-0.203,SA(0.1)-0.284,SA(0.1)-0.397,SA(0.1)-0.556,SA(0.1)-0.778,SA(0.1)-1.09,SA(0.1)-1.52,SA(0.1)-2.13
0.00000,0.00000,1.000000E+00,9.999986E-01,9.999339E-01,9.987379E-01,9.917703E-01,9.582059E-01,8.775436E-01,7.134952E-01,5.156754E-01,3.296800E-01,2.404279E-01,1.812692E-01,9.516258E-02,7.225651E-02,2.469009E-02,0.000000E+00,0.000000E+00,0.000000E+00,0.000000E+00,1.000000E+00,1.000000E+00,9.999999E-01,9.999891E-01,9.997694E-01,9.975212E-01,9.867664E-01,9.489526E-01,8.805670E-01,7.274682E-01,5.617650E-01,4.084446E-01,2.774726E-01,1.392920E-01,4.877058E-02,4.877058E-02,2.469009E-02,0.000000E+00,0.000000E+00
0.00000,1.00000,9.999998E-01,9.999950E-01,9.998883E-01,9.981172E-01,9.880258E-01,9.435839E-01,8.427628E-01,6.228076E-01,4.511884E-01,3.623718E-01,2.404279E-01,1.392920E-01,7.225651E-02,2.469009E-02,2.469009E-02,0.000000E+00,0.000000E+00,0.000000E+00,0.000000E+00,1.000000E+00,9.999999E-01,9.999988E-01,9.999775E-01,9.997636E-01,9.975212E-01,9.857358E-01,9.257264E-01,8.387824E-01,7.134952E-01,5.831380E-01,4.372951E-01,3.296800E-01,2.211992E-01,1.175031E-01,4.877058E-02,2.469009E-02,0.000000E+00,0.000000E+00
0.00000,2.50000,8.744436E-01,7.062423E-01,5.034147E-01,3.781149E-01,1.605430E-01,9.516258E-02,2.469009E-02,0.000000E+00,0.000000E+00,0.000000E+00,0.000000E+00,0.000000E+00,0.000000E+00,0.000000E+00,0.000000E+00,0.000000E+00,0.000000E+00,0.000000E+00,0.000000E+00,9.666267E-01,9.046308E-01,8.126918E-01,5.617650E-01,3.127107E-01,2.014838E-01,1.175031E-01,9.516258E-02,2.469009E-02,0.000000E+00,0.000000E+00,0.000000E+00,0.000000E+00,0.000000E+00,0.000000E+00,0.000000E+00,0.000000E+00,0.000000E+00,0.000000E+00
