# quantile-0.9, investigation_time=50.0
lon,lat,PGA-0.005,PGA-0.007,PGA-0.0098,PGA-0.0137,PGA-0.0192,PGA-0.0269,PGA-0.0376,PGA-0.0527,PGA-0.0738,PGA-0.103,PGA-0.145,PGA-0.203,PGA-0.284,PGA-0.397,PGA-0.556,PGA-0.778,PGA-1.09,PGA-1.52,PGA-2.13,SA(0.1)-0.005,SA(0.1)-0.007,SA(0.1)-0.0098,SA(0.1)-0.0137,SA(0.1)-0.0192,SA(0.1)-0.0269,SA(0.1)-0.0376,SA(0.1)-0.0527,SA(0.1)-0.0738,SA(0.1)-0.103,SA(0.1)-0.145,SA(0.1)-0.203,SA(0.1)-0.284,SA(0.1)-0.397,SA(0.1)-0.556,SA(0.1)-0.778,SA(0.1)-1.09,SA(0.1)-1.52,SA(0.1)-2.13
0.00000,0.00000,1.000000E+00,1.000000E+00,1.000000E+00,9.999957E-01,9.996473E-01,9.919734E-01,9.327945E-01,7.534030E-01,5.831380E-01,3.781149E-01,2.774726E-01,2.014838E-01,1.605430E-01,7.225651E-02,7.225651E-02,2.469009E-02,2.469009E-02,2.741150E-17,0.000000E+00,1.000000E+00,1.000000E+00,1.000000E+00,1.000000E+00,9.999999E-01,9.999837E-01,9.994038E-01,9.901963E-01,9.391899E-01,8.427628E-01,6.412035E-01,4.511884E-01,3.127107E-01,1.812692E-01,1.175031E-01,7.225651E-02,2.469009E-02,2.741150E-17,0.000000E+00
0.00000,1.00000,1.000000E+00,1.000000E+00,9.999998E-01,9.999820E-01,9.988862E-01,9.838365E-01,9.238462E-01,7.712213E-01,5.725851E-01,3.934693E-01,2.211992E-01,1.392920E-01,4.877058E-02,4.877058E-02,2.469009E-02,0.000000E+00,0.000000E+00,0.000000E+00,0.000000E+00,1.000000E+00,1.000000E+00,1.000000E+00,1.000000E+00,9.999982E-01,9.999193E-01,9.980207E-01,9.853747E-01,9.275602E-01,8.030883E-01,5.725851E-01,4.230502E-01,2.774726E-01,2.014838E-01,1.175031E-01,4.877058E-02,2.469009E-02,2.469009E-02,2.741150E-17
0.00000,2.50000,9.979192E-01,9.850044E-01,9.238462E-01,7.471604E-01,4.779542E-01,2.404279E-01,7.225651E-02,2.741150E-17,0.000000E+00,0.000000E+00,0.000000E+00,0.000000E+00,0.000000E+00,0.000000E+00,0.000000E+00,0.000000E+00,0.000000E+00,0.000000E+00,0.000000E+00,9.996199E-01,9.973282E-01,9.886098E-01,9.649156E-01,8.680062E-01,5.934303E-01,2.953119E-01,1.812692E-01,7.225651E-02,2.469009E-02,0.000000E+00,0.000000E+00,0.000000E+00,0.000000E+00,0.000000E+00,0.000000E+00,0.000000E+00,0.000000E+00,0.000000E+00
