# mean, investigation_time=50.0,imt=SA(0.1)
lon,lat,depth,poe-0.005,poe-0.007,poe-0.0098,poe-0.0137,poe-0.0192,poe-0.0269,poe-0.0376,poe-0.0527,poe-0.0738,poe-0.103,poe-0.145,poe-0.203,poe-0.284,poe-0.397,poe-0.556,poe-0.778,poe-1.09,poe-1.52,poe-2.13
0.00000,0.00000,0.00000,9.923786E-01,9.857613E-01,9.757352E-01,9.562316E-01,9.318492E-01,8.955025E-01,8.460333E-01,7.985292E-01,7.089527E-01,5.787135E-01,4.344658E-01,3.008991E-01,2.004083E-01,1.109498E-01,6.283526E-02,3.607614E-02,9.815075E-03,0.000000E+00,0.000000E+00
0.00000,1.00000,0.00000,9.758403E-01,9.679622E-01,9.547554E-01,9.349379E-01,9.124289E-01,8.807245E-01,8.301461E-01,7.736707E-01,6.992488E-01,5.747499E-01,4.337048E-01,2.890071E-01,1.913806E-01,1.065653E-01,5.281805E-02,2.691526E-02,1.963015E-02,7.407026E-03,2.469009E-03
0.00000,2.50000,0.00000,8.306589E-01,7.819006E-01,7.137319E-01,6.027057E-01,4.453744E-01,3.116633E-01,1.524514E-01,6.984980E-02,3.113963E-02,2.469009E-03,2.469009E-03,0.000000E+00,0.000000E+00,0.000000E+00,0.000000E+00,0.000000E+00,0.000000E+00,0.000000E+00,0.000000E+00
