# mean, investigation_time=50.0, imt="SA(0.1)"
lon,lat,depth,poe-0.005,poe-0.007,poe-0.0098,poe-0.0137,poe-0.0192,poe-0.0269,poe-0.0376,poe-0.0527,poe-0.0738,poe-0.103,poe-0.145,poe-0.203,poe-0.284,poe-0.397,poe-0.556,poe-0.778,poe-1.09,poe-1.52,poe-2.13
0.00000,0.00000,0.00000,9.785413E-01,9.619864E-01,9.349709E-01,8.739480E-01,7.932774E-01,7.091811E-01,6.207302E-01,5.334625E-01,4.421835E-01,3.557901E-01,2.540993E-01,1.569756E-01,8.078899E-02,5.766227E-02,3.763422E-02,1.881741E-02,1.165159E-02,2.469009E-03,0.000000E+00
0.00000,1.00000,0.00000,9.422103E-01,9.255843E-01,8.923355E-01,8.484622E-01,7.781715E-01,7.116446E-01,6.349190E-01,5.222189E-01,4.098361E-01,2.957995E-01,2.084974E-01,1.261861E-01,7.124920E-02,4.661801E-02,2.414707E-02,5.555270E-03,4.320765E-03,4.320765E-03,3.086261E-03
0.00000,2.50000,0.00000,6.031622E-01,5.349063E-01,4.677644E-01,3.734280E-01,2.615167E-01,1.593101E-01,6.075842E-02,2.949532E-02,8.595811E-03,0.000000E+00,0.000000E+00,0.000000E+00,0.000000E+00,0.000000E+00,0.000000E+00,0.000000E+00,0.000000E+00,0.000000E+00,0.000000E+00
