# quantile-0.1, investigation_time=50.0
lon,lat,PGA-0.005,PGA-0.007,PGA-0.0098,PGA-0.0137,PGA-0.0192,PGA-0.0269,PGA-0.0376,PGA-0.0527,PGA-0.0738,PGA-0.103,PGA-0.145,PGA-0.203,PGA-0.284,PGA-0.397,PGA-0.556,PGA-0.778,PGA-1.09,PGA-1.52,PGA-2.13,SA(0.1)-0.005,SA(0.1)-0.007,SA(0.1)-0.0098,SA(0.1)-0.0137,SA(0.1)-0.0192,SA(0.1)-0.0269,SA(0.1)-0.0376,SA(0.1)-0.0527,SA(0.1)-0.0738,SA(0.1)-0.103,SA(0.1)-0.145,SA(0.1)-0.203,SA(0.1)-0.284,SA(0.1)-0.397,SA(0.1)-0.556,SA(0.1)-0.778,SA(0.1)-1.09,SA(0.1)-1.52,SA(0.1)-2.13
0.00000,0.00000,9.156631E-01,8.552033E-01,7.566901E-01,6.312022E-01,4.430522E-01,2.707867E-01,1.569225E-01,9.516258E-02,5.863467E-02,3.480389E-02,2.048364E-02,1.036984E-02,1.036984E-02,0.000000E+00,0.000000E+00,0.000000E+00,0.000000E+00,0.000000E+00,0.000000E+00,9.751478E-01,9.591932E-01,9.218434E-01,8.587783E-01,7.458445E-01,6.193173E-01,4.372951E-01,2.953119E-01,1.777381E-01,9.516258E-02,5.863467E-02,3.480389E-02,2.048364E-02,1.036984E-02,1.036984E-02,0.000000E+00,0.000000E+00,0.000000E+00,0.000000E+00
0.00000,1.00000,8.285424E-01,7.505307E-01,6.172157E-01,5.084953E-01,4.289530E-01,3.466293E-01,1.442849E-01,8.678958E-02,3.034774E-02,2.048364E-02,1.036984E-02,0.000000E+00,0.000000E+00,0.000000E+00,0.000000E+00,0.000000E+00,0.000000E+00,0.000000E+00,0.000000E+00,9.204061E-01,8.769062E-01,8.285424E-01,7.566901E-01,6.302059E-01,5.037179E-01,4.177113E-01,3.234771E-01,1.610555E-01,8.678958E-02,3.996828E-02,2.048364E-02,1.036984E-02,0.000000E+00,0.000000E+00,0.000000E+00,0.000000E+00,0.000000E+00,0.000000E+00
0.00000,2.50000,2.014838E-01,1.226223E-01,5.863467E-02,2.469009E-02,1.036984E-02,1.036984E-02,0.000000E+00,0.000000E+00,0.000000E+00,0.000000E+00,0.000000E+00,0.000000E+00,0.000000E+00,0.000000E+00,0.000000E+00,0.000000E+00,0.000000E+00,0.000000E+00,0.000000E+00,3.627611E-01,2.667611E-01,2.178403E-01,1.045456E-01,5.863467E-02,2.469009E-02,1.036984E-02,0.000000E+00,0.000000E+00,0.000000E+00,0.000000E+00,0.000000E+00,0.000000E+00,0.000000E+00,0.000000E+00,0.000000E+00,0.000000E+00,0.000000E+00,0.000000E+00
