# quantile-0.9, investigation_time=50.0
lon,lat,PGA-0.005,PGA-0.007,PGA-0.0098,PGA-0.0137,PGA-0.0192,PGA-0.0269,PGA-0.0376,PGA-0.0527,PGA-0.0738,PGA-0.103,PGA-0.145,PGA-0.203,PGA-0.284,PGA-0.397,PGA-0.556,PGA-0.778,PGA-1.09,PGA-1.52,PGA-2.13,SA(0.1)-0.005,SA(0.1)-0.007,SA(0.1)-0.0098,SA(0.1)-0.0137,SA(0.1)-0.0192,SA(0.1)-0.0269,SA(0.1)-0.0376,SA(0.1)-0.0527,SA(0.1)-0.0738,SA(0.1)-0.103,SA(0.1)-0.145,SA(0.1)-0.203,SA(0.1)-0.284,SA(0.1)-0.397,SA(0.1)-0.556,SA(0.1)-0.778,SA(0.1)-1.09,SA(0.1)-1.52,SA(0.1)-2.13
0.00000,0.00000,1.000000E+00,1.000000E+00,1.000000E+00,9.999952E-01,9.995799E-01,9.913483E-01,9.310932E-01,7.712213E-01,5.725851E-01,3.781149E-01,2.774726E-01,2.014838E-01,1.175031E-01,7.225651E-02,4.877058E-02,2.469009E-02,2.741150E-17,2.741150E-17,0.000000E+00,1.000000E+00,1.000000E+00,1.000000E+00,1.000000E+00,9.999999E-01,9.999841E-01,9.991106E-01,9.883214E-01,9.406913E-01,8.387824E-01,6.412035E-01,4.908436E-01,2.774726E-01,2.211992E-01,1.392920E-01,4.877058E-02,2.469009E-02,5.414622E-17,0.000000E+00
0.00000,1.00000,1.000000E+00,1.000000E+00,9.999997E-01,9.999745E-01,9.982533E-01,9.853747E-01,9.219183E-01,7.534030E-01,5.725851E-01,3.781149E-01,2.404279E-01,1.605430E-01,7.225651E-02,4.877058E-02,2.469009E-02,0.000000E+00,0.000000E+00,0.000000E+00,0.000000E+00,1.000000E+00,1.000000E+00,1.000000E+00,1.000000E+00,9.999987E-01,9.999417E-01,9.987379E-01,9.853747E-01,9.199417E-01,8.126918E-01,6.321206E-01,4.908436E-01,2.591818E-01,1.812692E-01,1.175031E-01,7.225651E-02,4.877058E-02,4.877058E-02,2.741150E-17
0.00000,2.50000,9.979706E-01,9.857358E-01,9.310932E-01,7.134952E-01,4.372951E-01,1.812692E-01,9.516258E-02,2.741150E-17,0.000000E+00,0.000000E+00,0.000000E+00,0.000000E+00,0.000000E+00,0.000000E+00,0.000000E+00,0.000000E+00,0.000000E+00,0.000000E+00,0.000000E+00,9.996560E-01,9.984195E-01,9.913483E-01,9.514422E-01,8.387824E-01,5.506710E-01,2.774726E-01,1.175031E-01,7.225651E-02,2.469009E-02,0.000000E+00,0.000000E+00,0.000000E+00,0.000000E+00,0.000000E+00,0.000000E+00,0.000000E+00,0.000000E+00,0.000000E+00
