# mean, investigation_time=50.0,imt=SA(0.1)
lon,lat,depth,poe-0.005,poe-0.007,poe-0.0098,poe-0.0137,poe-0.0192,poe-0.0269,poe-0.0376,poe-0.0527,poe-0.0738,poe-0.103,poe-0.145,poe-0.203,poe-0.284,poe-0.397,poe-0.556,poe-0.778,poe-1.09,poe-1.52,poe-2.13
0.00000,0.00000,0.00000,9.788027E-01,9.676138E-01,9.524324E-01,9.267983E-01,8.968304E-01,8.684766E-01,8.300375E-01,7.733101E-01,6.950803E-01,5.951468E-01,4.346208E-01,2.932509E-01,1.962778E-01,1.064265E-01,6.977080E-02,2.397343E-02,7.346066E-03,0.000000E+00,0.000000E+00
0.00000,1.00000,0.00000,9.588436E-01,9.435968E-01,9.268555E-01,9.066381E-01,8.776749E-01,8.492901E-01,8.218414E-01,7.697155E-01,7.034447E-01,6.000870E-01,4.429884E-01,3.145728E-01,1.865340E-01,8.834637E-02,4.600576E-02,1.950973E-02,1.222312E-02,7.346066E-03,2.469009E-03
0.00000,2.50000,0.00000,8.015874E-01,7.674557E-01,7.286563E-01,6.703096E-01,5.521877E-01,3.803602E-01,2.096721E-01,1.017833E-01,3.366222E-02,9.815075E-03,4.938018E-03,2.469009E-03,0.000000E+00,0.000000E+00,0.000000E+00,0.000000E+00,0.000000E+00,0.000000E+00,0.000000E+00
