# source_model_tree_path=('b11',), gsim_tree_path=('CB',), investigation_time=50.0,imt=PGA
lon,lat,depth,poe-0.005,poe-0.007,poe-0.0098,poe-0.0137,poe-0.0192,poe-0.0269,poe-0.0376,poe-0.0527,poe-0.0738,poe-0.103,poe-0.145,poe-0.203,poe-0.284,poe-0.397,poe-0.556,poe-0.778,poe-1.09,poe-1.52,poe-2.13
0.00000,0.00000,0.00000,1.000000E+00,1.000000E+00,1.000000E+00,9.999981E-01,9.997576E-01,9.930915E-01,9.514422E-01,8.126918E-01,5.725850E-01,3.296800E-01,1.812692E-01,9.516259E-02,4.877058E-02,2.469009E-02,2.469009E-02,2.469009E-02,0.000000E+00,0.000000E+00,0.000000E+00
0.00000,1.00000,0.00000,1.000000E+00,1.000000E+00,9.999998E-01,9.999860E-01,9.993733E-01,9.867665E-01,9.238462E-01,7.407597E-01,6.321205E-01,3.934693E-01,2.591818E-01,1.175031E-01,7.225651E-02,4.877058E-02,0.000000E+00,0.000000E+00,0.000000E+00,0.000000E+00,0.000000E+00
0.00000,2.50000,0.00000,9.980695E-01,9.888910E-01,9.344538E-01,7.654297E-01,4.647386E-01,1.605430E-01,7.225651E-02,0.000000E+00,0.000000E+00,0.000000E+00,0.000000E+00,0.000000E+00,0.000000E+00,0.000000E+00,0.000000E+00,0.000000E+00,0.000000E+00,0.000000E+00,0.000000E+00
