# mean, investigation_time=50.0,imt=SA(0.1)
lon,lat,depth,poe-0.005,poe-0.007,poe-0.0098,poe-0.0137,poe-0.0192,poe-0.0269,poe-0.0376,poe-0.0527,poe-0.0738,poe-0.103,poe-0.145,poe-0.203,poe-0.284,poe-0.397,poe-0.556,poe-0.778,poe-1.09,poe-1.52,poe-2.13
0.00000,0.00000,0.00000,9.657175E-01,9.424985E-01,9.119691E-01,8.635112E-01,8.045729E-01,7.296301E-01,6.520862E-01,5.800453E-01,5.012988E-01,4.076897E-01,2.865129E-01,1.773822E-01,1.074582E-01,7.091685E-02,3.543363E-02,1.704073E-02,9.815075E-03,4.938018E-03,0.000000E+00
0.00000,1.00000,0.00000,9.336555E-01,9.126149E-01,8.778901E-01,8.403669E-01,7.798548E-01,7.223778E-01,6.523484E-01,5.825556E-01,5.071868E-01,4.192802E-01,3.109746E-01,2.025248E-01,1.149083E-01,6.800068E-02,2.426638E-02,9.815075E-03,9.815075E-03,4.938018E-03,2.469009E-03
0.00000,2.50000,0.00000,6.305723E-01,5.769414E-01,5.215505E-01,4.551654E-01,3.446208E-01,2.156327E-01,1.165931E-01,5.702037E-02,2.408798E-02,9.815075E-03,2.469009E-03,0.000000E+00,0.000000E+00,0.000000E+00,0.000000E+00,0.000000E+00,0.000000E+00,0.000000E+00,0.000000E+00
