# mean, investigation_time=50.0, imt="SA(0.1)"
lon,lat,depth,poe-0.005,poe-0.007,poe-0.0098,poe-0.0137,poe-0.0192,poe-0.0269,poe-0.0376,poe-0.0527,poe-0.0738,poe-0.103,poe-0.145,poe-0.203,poe-0.284,poe-0.397,poe-0.556,poe-0.778,poe-1.09,poe-1.52,poe-2.13
0.00000,0.00000,0.00000,9.827020E-01,9.687890E-01,9.430572E-01,8.973154E-01,8.277724E-01,7.534660E-01,6.513017E-01,5.443382E-01,4.372088E-01,3.442233E-01,2.469515E-01,1.544981E-01,9.629849E-02,6.290194E-02,3.291965E-02,1.455685E-02,1.038661E-02,4.320765E-03,0.000000E+00
0.00000,1.00000,0.00000,9.439661E-01,9.267824E-01,8.931885E-01,8.389645E-01,7.838165E-01,7.141916E-01,6.183946E-01,5.327373E-01,4.385931E-01,3.419940E-01,2.519525E-01,1.574411E-01,1.035677E-01,5.702733E-02,2.473422E-02,1.285562E-02,1.041709E-02,6.172522E-03,3.086261E-03
0.00000,2.50000,0.00000,6.320844E-01,5.667444E-01,4.982201E-01,3.833870E-01,2.677653E-01,1.761177E-01,7.184462E-02,3.439885E-02,1.454161E-02,7.948078E-03,3.086261E-03,0.000000E+00,0.000000E+00,0.000000E+00,0.000000E+00,0.000000E+00,0.000000E+00,0.000000E+00,0.000000E+00
