# mean, investigation_time=50.0, imt="SA(0.1)"
lon,lat,depth,poe-0.005,poe-0.007,poe-0.0098,poe-0.0137,poe-0.0192,poe-0.0269,poe-0.0376,poe-0.0527,poe-0.0738,poe-0.103,poe-0.145,poe-0.203,poe-0.284,poe-0.397,poe-0.556,poe-0.778,poe-1.09,poe-1.52,poe-2.13
0.00000,0.00000,0.00000,9.873497E-01,9.777111E-01,9.558739E-01,9.189083E-01,8.544347E-01,7.610254E-01,6.702701E-01,5.483693E-01,4.476878E-01,3.294961E-01,2.219198E-01,1.353021E-01,7.832250E-02,5.656393E-02,3.869903E-02,2.376678E-02,1.234504E-03,0.000000E+00,0.000000E+00
0.00000,1.00000,0.00000,9.493448E-01,9.373455E-01,9.045811E-01,8.610079E-01,8.007725E-01,7.346531E-01,6.569691E-01,5.660036E-01,4.784583E-01,3.683960E-01,2.691084E-01,1.705112E-01,1.003525E-01,5.176817E-02,2.159147E-02,1.093065E-02,1.234504E-03,1.234504E-03,0.000000E+00
0.00000,2.50000,0.00000,6.563433E-01,6.052660E-01,5.225215E-01,4.262640E-01,3.082045E-01,2.061548E-01,7.344753E-02,2.886946E-02,4.938018E-03,0.000000E+00,0.000000E+00,0.000000E+00,0.000000E+00,0.000000E+00,0.000000E+00,0.000000E+00,0.000000E+00,0.000000E+00,0.000000E+00
