# source_model_tree_path=('b11',), gsim_tree_path=('CY',), investigation_time=50.0, imt="PGA"
lon,lat,depth,poe-0.005,poe-0.007,poe-0.0098,poe-0.0137,poe-0.0192,poe-0.0269,poe-0.0376,poe-0.0527,poe-0.0738,poe-0.103,poe-0.145,poe-0.203,poe-0.284,poe-0.397,poe-0.556,poe-0.778,poe-1.09,poe-1.52,poe-2.13
0.00000,0.00000,0.00000,1.000000E+00,9.999989E-01,9.999486E-01,9.991106E-01,9.939033E-01,9.621831E-01,8.712651E-01,7.534030E-01,5.156754E-01,3.781149E-01,2.404279E-01,9.516259E-02,7.225651E-02,2.469009E-02,2.469009E-02,0.000000E+00,0.000000E+00,0.000000E+00,0.000000E+00
0.00000,1.00000,0.00000,9.999998E-01,9.999956E-01,9.998884E-01,9.985337E-01,9.896937E-01,9.560631E-01,8.744436E-01,6.988058E-01,5.506710E-01,4.511884E-01,2.211992E-01,4.877058E-02,0.000000E+00,0.000000E+00,0.000000E+00,0.000000E+00,0.000000E+00,0.000000E+00,0.000000E+00
0.00000,2.50000,0.00000,9.137064E-01,7.471604E-01,4.372951E-01,1.812692E-01,9.516259E-02,2.469009E-02,0.000000E+00,0.000000E+00,0.000000E+00,0.000000E+00,0.000000E+00,0.000000E+00,0.000000E+00,0.000000E+00,0.000000E+00,0.000000E+00,0.000000E+00,0.000000E+00,0.000000E+00
