# mean, investigation_time=50.0, imt="SA(0.1)"
lon,lat,depth,poe-0.005,poe-0.007,poe-0.0098,poe-0.0137,poe-0.0192,poe-0.0269,poe-0.0376,poe-0.0527,poe-0.0738,poe-0.103,poe-0.145,poe-0.203,poe-0.284,poe-0.397,poe-0.556,poe-0.778,poe-1.09,poe-1.52,poe-2.13
0.00000,0.00000,0.00000,7.616761E-01,7.590126E-01,7.554737E-01,7.494264E-01,7.391793E-01,7.235954E-01,6.978023E-01,6.575123E-01,5.968196E-01,5.087630E-01,3.881667E-01,2.667558E-01,1.705410E-01,1.052828E-01,6.469727E-02,3.808744E-02,1.928514E-02,8.447055E-03,3.011788E-03
0.00000,1.00000,0.00000,7.588767E-01,7.560227E-01,7.519769E-01,7.458619E-01,7.360353E-01,7.202005E-01,6.950044E-01,6.552597E-01,5.958421E-01,5.087833E-01,3.895988E-01,2.644004E-01,1.564683E-01,8.468675E-02,4.003177E-02,1.717240E-02,6.742847E-03,2.614569E-03,7.244039E-04
0.00000,2.50000,0.00000,6.968476E-01,6.649696E-01,6.212050E-01,5.568911E-01,4.522469E-01,3.088047E-01,1.706271E-01,7.411963E-02,2.475523E-02,7.124007E-03,1.592606E-03,1.437978E-04,3.594946E-05,0.000000E+00,0.000000E+00,0.000000E+00,0.000000E+00,0.000000E+00,0.000000E+00
