# mean, investigation_time=50.0, imt="SA(0.1)"
lon,lat,depth,poe-0.005,poe-0.007,poe-0.0098,poe-0.0137,poe-0.0192,poe-0.0269,poe-0.0376,poe-0.0527,poe-0.0738,poe-0.103,poe-0.145,poe-0.203,poe-0.284,poe-0.397,poe-0.556,poe-0.778,poe-1.09,poe-1.52,poe-2.13
0.00000,0.00000,0.00000,1.000000E+00,1.000000E+00,9.999996E-01,9.999890E-01,9.997720E-01,9.973052E-01,9.839918E-01,9.463857E-01,8.635430E-01,7.563481E-01,6.139446E-01,4.666930E-01,3.388250E-01,2.487142E-01,1.746865E-01,1.267104E-01,6.949788E-02,3.180831E-02,1.226884E-02
0.00000,1.00000,0.00000,9.999998E-01,9.999988E-01,9.999905E-01,9.999126E-01,9.992890E-01,9.958499E-01,9.812672E-01,9.382579E-01,8.465665E-01,7.285128E-01,5.998860E-01,4.409025E-01,3.196522E-01,2.085146E-01,1.064299E-01,5.821782E-02,1.630603E-02,7.407026E-03,3.086261E-03
0.00000,2.50000,0.00000,9.849024E-01,9.625286E-01,9.104375E-01,8.221468E-01,6.734927E-01,4.909485E-01,3.021954E-01,1.675132E-01,6.727630E-02,6.789774E-03,0.000000E+00,0.000000E+00,0.000000E+00,0.000000E+00,0.000000E+00,0.000000E+00,0.000000E+00,0.000000E+00,0.000000E+00
