# mean, investigation_time=50.0,imt=SA(0.1)
lon,lat,depth,poe-0.005,poe-0.007,poe-0.0098,poe-0.0137,poe-0.0192,poe-0.0269,poe-0.0376,poe-0.0527,poe-0.0738,poe-0.103,poe-0.145,poe-0.203,poe-0.284,poe-0.397,poe-0.556,poe-0.778,poe-1.09,poe-1.52,poe-2.13
0.00000,0.00000,0.00000,1.000000E+00,1.000000E+00,1.000000E+00,9.999995E-01,9.999824E-01,9.997616E-01,9.980244E-01,9.846465E-01,9.273468E-01,7.909938E-01,6.058949E-01,4.223773E-01,2.619612E-01,1.505296E-01,8.463059E-02,3.848129E-02,1.956919E-02,9.876035E-03,0.000000E+00
0.00000,1.00000,0.00000,1.000000E+00,1.000000E+00,9.999998E-01,9.999942E-01,9.999356E-01,9.994531E-01,9.957072E-01,9.754010E-01,9.115043E-01,7.753287E-01,5.731145E-01,3.723553E-01,2.348371E-01,1.313083E-01,6.239527E-02,3.643005E-02,1.469213E-02,4.938018E-03,0.000000E+00
0.00000,2.50000,0.00000,9.959651E-01,9.881001E-01,9.642293E-01,8.850426E-01,7.110056E-01,4.701206E-01,2.211135E-01,8.640074E-02,3.813759E-02,1.228408E-02,4.938018E-03,2.469009E-03,0.000000E+00,0.000000E+00,0.000000E+00,0.000000E+00,0.000000E+00,0.000000E+00,0.000000E+00
