# source_model_tree_path=('b11',),gsim_tree_path=('CY',),investigation_time=50.0
lon,lat,PGA-0.005,PGA-0.007,PGA-0.0098,PGA-0.0137,PGA-0.0192,PGA-0.0269,PGA-0.0376,PGA-0.0527,PGA-0.0738,PGA-0.103,PGA-0.145,PGA-0.203,PGA-0.284,PGA-0.397,PGA-0.556,PGA-0.778,PGA-1.09,PGA-1.52,PGA-2.13,SA(0.1)-0.005,SA(0.1)-0.007,SA(0.1)-0.0098,SA(0.1)-0.0137,SA(0.1)-0.0192,SA(0.1)-0.0269,SA(0.1)-0.0376,SA(0.1)-0.0527,SA(0.1)-0.0738,SA(0.1)-0.103,SA(0.1)-0.145,SA(0.1)-0.203,SA(0.1)-0.284,SA(0.1)-0.397,SA(0.1)-0.556,SA(0.1)-0.778,SA(0.1)-1.09,SA(0.1)-1.52,SA(0.1)-2.13
0.00000,0.00000,1.000000E+00,9.999995E-01,9.999824E-01,9.995693E-01,9.960141E-01,9.705482E-01,9.092820E-01,7.981035E-01,6.587022E-01,5.276334E-01,3.462302E-01,2.014838E-01,1.175031E-01,7.225651E-02,7.225651E-02,4.877058E-02,0.000000E+00,0.000000E+00,0.000000E+00,1.000000E+00,1.000000E+00,9.999999E-01,9.999965E-01,9.999086E-01,9.989405E-01,9.906745E-01,9.571479E-01,8.387824E-01,7.471604E-01,6.412035E-01,5.506710E-01,3.296800E-01,2.404279E-01,1.812692E-01,4.877058E-02,0.000000E+00,0.000000E+00,0.000000E+00
0.00000,1.00000,9.999998E-01,9.999947E-01,9.999173E-01,9.989137E-01,9.915619E-01,9.621831E-01,8.972031E-01,7.062423E-01,5.725851E-01,4.084446E-01,2.591818E-01,1.605430E-01,7.225651E-02,4.877058E-02,4.877058E-02,0.000000E+00,0.000000E+00,0.000000E+00,0.000000E+00,1.000000E+00,1.000000E+00,9.999988E-01,9.999703E-01,9.996728E-01,9.975824E-01,9.857358E-01,9.449768E-01,8.775436E-01,6.911810E-01,5.156754E-01,4.647386E-01,2.591818E-01,1.812692E-01,1.175031E-01,7.225651E-02,7.225651E-02,4.877058E-02,0.000000E+00
0.00000,2.50000,9.327945E-01,8.347011E-01,6.132590E-01,3.296800E-01,1.392920E-01,9.516258E-02,0.000000E+00,0.000000E+00,0.000000E+00,0.000000E+00,0.000000E+00,0.000000E+00,0.000000E+00,0.000000E+00,0.000000E+00,0.000000E+00,0.000000E+00,0.000000E+00,0.000000E+00,9.705482E-01,9.092820E-01,8.030883E-01,5.506710E-01,3.623718E-01,2.591818E-01,1.812692E-01,9.516258E-02,2.469009E-02,2.469009E-02,0.000000E+00,0.000000E+00,0.000000E+00,0.000000E+00,0.000000E+00,0.000000E+00,0.000000E+00,0.000000E+00,0.000000E+00
