,id,ordinal,Eff_loss
0,A,0.0,0.2560250694579053
1,B,0.0,0.04629629629629628
2,C,0.0,0.0
3,D,0.0,0.008403361344537863
4,E,0.0,0.14438502673796794
