,id,ordinal,PCL_node,WCL_node
0,A,0.0,0.0,0.154320987654321
1,B,0.0,0.0,0.1388888888888889
2,C,0.0,0.0,0.0
