rlzi,sid,eid,gmv_SA(0.3),gmv_SA(0.6),gmv_SA(1.0)
14,4,224,5.387700E-02,0.000000E+00,0.000000E+00
14,4,230,6.325065E-02,0.000000E+00,0.000000E+00
