rlzi,sid,eid,gmv_SA(0.3),gmv_SA(0.6),gmv_SA(1.0)
8,4,146209276690432,5.415924E-02,0.000000E+00,0.000000E+00
11,4,208572201828352,5.039275E-02,0.000000E+00,0.000000E+00
11,4,216152819105792,5.186550E-02,0.000000E+00,0.000000E+00
