rlzi,sid,eid,gmv_SA(0.3),gmv_SA(0.6),gmv_SA(1.0)
4,4,71442486001665,8.370600E-02,0.000000E+00,0.000000E+00
5,4,71442486001666,1.426898E-01,0.000000E+00,0.000000E+00
5,4,89026082111490,5.226693E-02,0.000000E+00,0.000000E+00
11,4,202752521142274,5.095300E-02,0.000000E+00,0.000000E+00
14,4,262697379692546,6.484330E-02,0.000000E+00,0.000000E+00
