rlzi,sid,eid,gmv_SA(0.3),gmv_SA(0.6),gmv_SA(1.0)
14,4,199698799394818,5.387700E-02,0.000000E+00,0.000000E+00
14,4,208572201828354,6.325065E-02,0.000000E+00,0.000000E+00
