rlzi,sid,eid,gmv_SA(0.3),gmv_SA(0.6),gmv_SA(1.0)
4,4,71442486001664,8.370604E-02,0.000000E+00,0.000000E+00
5,4,71442486001664,1.426899E-01,0.000000E+00,0.000000E+00
5,4,89026082111488,5.226708E-02,0.000000E+00,0.000000E+00
11,4,202752521142272,5.095290E-02,0.000000E+00,0.000000E+00
14,4,262697379692544,6.484342E-02,0.000000E+00,0.000000E+00
