rlzi,sid,eid,gmv_SA(0.3),gmv_SA(0.6),gmv_SA(1.0)
4,4,64,8.370604E-02,0.000000E+00,0.000000E+00
5,4,65,1.426899E-01,0.000000E+00,0.000000E+00
5,4,80,5.226708E-02,0.000000E+00,0.000000E+00
11,4,143,5.095290E-02,0.000000E+00,0.000000E+00
14,4,209,6.484342E-02,0.000000E+00,0.000000E+00
