source_id,poe
"2",9.6144600e-02
"4",4.0944432e-03
"1",2.0089899e-04
"3",6.4856692e-05
