# mean, investigation_time=50.0
lon,lat,SA(0.1)-0.1,SA(0.1)-0.02,SA(0.2)-0.1,SA(0.2)-0.02,SA(0.5)-0.1,SA(0.5)-0.02
-0.32551,0.02562,3.829880E-01,6.142372E-01,4.305507E-01,7.002622E-01,2.343871E-01,3.983954E-01
-0.32547,-0.64888,5.042527E-01,8.799287E-01,5.573525E-01,9.840389E-01,3.003460E-01,5.580291E-01
-0.32533,-1.32337,9.164836E-02,1.425193E-01,1.231127E-01,1.932616E-01,8.118282E-02,1.304839E-01
0.34898,0.02562,2.565615E-01,3.953992E-01,3.004618E-01,4.630015E-01,1.670323E-01,2.684793E-01
0.34907,-0.64888,4.169715E-01,6.916950E-01,4.557433E-01,7.705203E-01,2.427523E-01,4.198684E-01
0.34934,-1.32337,9.350612E-02,1.494111E-01,1.232843E-01,1.981619E-01,8.007215E-02,1.302663E-01
