# mean, investigation_time=50.0,imt=SA(0.1)
lon,lat,depth,poe-0.005,poe-0.007,poe-0.0098,poe-0.0137,poe-0.0192,poe-0.0269,poe-0.0376,poe-0.0527,poe-0.0738,poe-0.103,poe-0.145,poe-0.203,poe-0.284,poe-0.397,poe-0.556,poe-0.778,poe-1.09,poe-1.52,poe-2.13
-0.32551,0.02562,0.00000,9.999997E-01,9.999995E-01,9.999989E-01,9.999961E-01,9.999785E-01,9.998515E-01,9.989617E-01,9.936476E-01,9.697319E-01,8.917409E-01,7.092355E-01,4.531846E-01,2.265317E-01,9.064104E-02,2.953535E-02,7.930641E-03,1.703349E-03,2.877377E-04,3.619142E-05
-0.32547,-0.64888,0.00000,9.999998E-01,9.999996E-01,9.999993E-01,9.999977E-01,9.999881E-01,9.999225E-01,9.994741E-01,9.967857E-01,9.841046E-01,9.384211E-01,8.134605E-01,5.993552E-01,3.622566E-01,1.821861E-01,7.826655E-02,2.970907E-02,1.005016E-02,3.087685E-03,8.147911E-04
-0.32533,-1.32337,0.00000,9.999662E-01,9.997035E-01,9.975362E-01,9.848705E-01,9.384416E-01,8.321508E-01,6.515956E-01,4.095118E-01,1.940878E-01,6.994186E-02,1.871273E-02,3.801059E-03,4.958743E-04,2.294168E-05,0.000000E+00,0.000000E+00,0.000000E+00,0.000000E+00,0.000000E+00
0.34898,0.02562,0.00000,9.999996E-01,9.999992E-01,9.999968E-01,9.999807E-01,9.998497E-01,9.988264E-01,9.925839E-01,9.650338E-01,8.804094E-01,6.993647E-01,4.351364E-01,2.052757E-01,7.319365E-02,1.968569E-02,3.785632E-03,4.515701E-04,1.769069E-05,0.000000E+00,0.000000E+00
0.34907,-0.64888,0.00000,9.999996E-01,9.999993E-01,9.999978E-01,9.999887E-01,9.999252E-01,9.994973E-01,9.971424E-01,9.869693E-01,9.529629E-01,8.648121E-01,6.900907E-01,4.622600E-01,2.542575E-01,1.154165E-01,4.314595E-02,1.322027E-02,3.159583E-03,5.478989E-04,4.026997E-05
0.34934,-1.32337,0.00000,9.999337E-01,9.994535E-01,9.960874E-01,9.797348E-01,9.278786E-01,8.170028E-01,6.342489E-01,3.998654E-01,1.961200E-01,7.594071E-02,2.269618E-02,5.486296E-03,1.008710E-03,1.211602E-04,5.217606E-06,0.000000E+00,0.000000E+00,0.000000E+00,0.000000E+00
