# source_model_tree_path=('b1',),gsim_tree_path=('b2',),investigation_time=50.0
lon,lat,SA(0.1)-0.1,SA(0.1)-0.02,SA(0.2)-0.1,SA(0.2)-0.02,SA(0.5)-0.1,SA(0.5)-0.02
-0.32551,0.02562,3.791402E-01,6.419970E-01,4.272981E-01,7.300797E-01,2.303582E-01,4.066379E-01
-0.32547,-0.64888,5.587606E-01,1.011248E+00,6.231418E-01,1.148646E+00,3.325785E-01,6.440178E-01
-0.32533,-1.32337,6.137447E-02,9.615871E-02,8.057545E-02,1.246357E-01,5.797402E-02,9.008788E-02
0.34898,0.02562,2.172353E-01,3.419138E-01,2.500336E-01,3.980609E-01,1.417185E-01,2.257793E-01
0.34907,-0.64888,4.438854E-01,7.795699E-01,4.960940E-01,8.677524E-01,2.601128E-01,4.642004E-01
0.34934,-1.32337,6.327432E-02,1.030458E-01,8.176709E-02,1.303584E-01,5.766469E-02,9.110138E-02
