# source_model_tree_path=('b1',),gsim_tree_path=('b2',),investigation_time=50.0
lon,lat,SA(0.1)-0.1,SA(0.1)-0.02,SA(0.2)-0.1,SA(0.2)-0.02,SA(0.5)-0.1,SA(0.5)-0.02
-0.32551,0.02562,3.791411E-01,6.419990E-01,4.272990E-01,7.300820E-01,2.303587E-01,4.066393E-01
-0.32547,-0.64888,5.587596E-01,1.011248E+00,6.231406E-01,1.148646E+00,3.325778E-01,6.440175E-01
-0.32533,-1.32337,6.137440E-02,9.615857E-02,8.057538E-02,1.246356E-01,5.797398E-02,9.008779E-02
0.34898,0.02562,2.172353E-01,3.419138E-01,2.500337E-01,3.980609E-01,1.417185E-01,2.257793E-01
0.34907,-0.64888,4.438846E-01,7.795674E-01,4.960930E-01,8.677494E-01,2.601122E-01,4.641987E-01
0.34934,-1.32337,6.327427E-02,1.030457E-01,8.176702E-02,1.303583E-01,5.766465E-02,9.110130E-02
