# mean, investigation_time=50.0
lon,lat,SA(0.1)-0.1,SA(0.1)-0.02,SA(0.2)-0.1,SA(0.2)-0.02,SA(0.5)-0.1,SA(0.5)-0.02
-0.32551,0.02562,3.829876E-01,6.142367E-01,4.305504E-01,7.002615E-01,2.343869E-01,3.983950E-01
-0.32547,-0.64888,5.042521E-01,8.799288E-01,5.573519E-01,9.840387E-01,3.003456E-01,5.580287E-01
-0.32533,-1.32337,9.164827E-02,1.425192E-01,1.231125E-01,1.932613E-01,8.118276E-02,1.304837E-01
0.34898,0.02562,2.565616E-01,3.953992E-01,3.004618E-01,4.630015E-01,1.670323E-01,2.684794E-01
0.34907,-0.64888,4.169714E-01,6.916946E-01,4.557432E-01,7.705201E-01,2.427522E-01,4.198684E-01
0.34934,-1.32337,9.350604E-02,1.494110E-01,1.232842E-01,1.981617E-01,8.007208E-02,1.302662E-01
