# source_model_tree_path=('b1',),gsim_tree_path=('b1',),investigation_time=50.0
lon,lat,SA(0.1)-0.1,SA(0.1)-0.02,SA(0.2)-0.1,SA(0.2)-0.02,SA(0.5)-0.1,SA(0.5)-0.02
-0.32551,0.02562,3.850434E-01,5.970331E-01,4.322092E-01,6.816692E-01,2.367127E-01,3.928909E-01
-0.32547,-0.64888,4.732985E-01,7.847796E-01,5.136414E-01,8.583093E-01,2.807943E-01,4.924927E-01
-0.32533,-1.32337,1.046961E-01,1.572980E-01,1.417254E-01,2.154088E-01,9.244832E-02,1.468291E-01
0.34898,0.02562,2.780503E-01,4.175596E-01,3.241792E-01,4.960915E-01,1.815586E-01,2.898108E-01
0.34907,-0.64888,4.019415E-01,6.328934E-01,4.329423E-01,6.908268E-01,2.326168E-01,3.877654E-01
0.34934,-1.32337,1.067566E-01,1.654726E-01,1.420138E-01,2.209240E-01,9.096891E-02,1.466206E-01
