# mean, investigation_time=50.0,imt=SA(0.5)
lon,lat,depth,poe-0.005,poe-0.007,poe-0.0098,poe-0.0137,poe-0.0192,poe-0.0269,poe-0.0376,poe-0.0527,poe-0.0738,poe-0.103,poe-0.145,poe-0.203,poe-0.284,poe-0.397,poe-0.556,poe-0.778,poe-1.09,poe-1.52,poe-2.13
-0.32551,0.02562,0.00000,9.999996E-01,9.999989E-01,9.999951E-01,9.999673E-01,9.997280E-01,9.977975E-01,9.857741E-01,9.331458E-01,7.903910E-01,5.595840E-01,3.165602E-01,1.484503E-01,5.900017E-02,2.025612E-02,5.968523E-03,1.515874E-03,3.215357E-04,5.539574E-05,6.092816E-06
-0.32547,-0.64888,0.00000,9.999996E-01,9.999992E-01,9.999968E-01,9.999807E-01,9.998506E-01,9.988223E-01,9.921966E-01,9.603394E-01,8.607216E-01,6.706372E-01,4.330057E-01,2.380764E-01,1.148145E-01,5.021908E-02,2.021238E-02,7.628607E-03,2.662638E-03,8.613422E-04,2.379616E-04
-0.32533,-1.32337,0.00000,9.999731E-01,9.997184E-01,9.972753E-01,9.815797E-01,9.197161E-01,7.700613E-01,5.387584E-01,3.003410E-01,1.337034E-01,4.842684E-02,1.348172E-02,2.858322E-03,3.831537E-04,1.369282E-05,0.000000E+00,0.000000E+00,0.000000E+00,0.000000E+00,0.000000E+00
0.34898,0.02562,0.00000,9.999993E-01,9.999973E-01,9.999819E-01,9.998397E-01,9.985374E-01,9.893920E-01,9.468406E-01,8.199732E-01,5.920748E-01,3.415131E-01,1.530043E-01,5.563575E-02,1.628207E-02,3.684912E-03,5.688907E-04,4.290805E-05,0.000000E+00,0.000000E+00,0.000000E+00
0.34907,-0.64888,0.00000,9.999994E-01,9.999980E-01,9.999889E-01,9.999176E-01,9.993474E-01,9.955819E-01,9.772353E-01,9.129540E-01,7.645294E-01,5.449181E-01,3.188730E-01,1.579717E-01,6.694853E-02,2.436337E-02,7.434749E-03,1.833490E-03,3.281271E-04,3.391583E-05,5.656139E-07
0.34934,-1.32337,0.00000,9.999607E-01,9.995983E-01,9.963930E-01,9.776208E-01,9.089983E-01,7.517620E-01,5.190063E-01,2.869093E-01,1.277894E-01,4.690843E-02,1.355538E-02,3.116678E-03,5.129174E-04,4.871143E-05,5.922822E-07,0.000000E+00,0.000000E+00,0.000000E+00,0.000000E+00
