# source_model_tree_path=('b1',),gsim_tree_path=('b1',),investigation_time=50.0
lon,lat,SA(0.1)-0.1,SA(0.1)-0.02,SA(0.2)-0.1,SA(0.2)-0.02,SA(0.5)-0.1,SA(0.5)-0.02
-0.32551,0.02562,3.850423E-01,5.970310E-01,4.322082E-01,6.816666E-01,2.367121E-01,3.928892E-01
-0.32547,-0.64888,4.732981E-01,7.847798E-01,5.136410E-01,8.583094E-01,2.807940E-01,4.924926E-01
-0.32533,-1.32337,1.046960E-01,1.572978E-01,1.417253E-01,2.154086E-01,9.244825E-02,1.468290E-01
0.34898,0.02562,2.780504E-01,4.175596E-01,3.241793E-01,4.960915E-01,1.815586E-01,2.898109E-01
0.34907,-0.64888,4.019419E-01,6.328949E-01,4.329427E-01,6.908287E-01,2.326170E-01,3.877667E-01
0.34934,-1.32337,1.067565E-01,1.654726E-01,1.420137E-01,2.209239E-01,9.096882E-02,1.466204E-01
