# mean, investigation_time=50.0,imt=SA(0.2)
lon,lat,depth,poe-0.005,poe-0.007,poe-0.0098,poe-0.0137,poe-0.0192,poe-0.0269,poe-0.0376,poe-0.0527,poe-0.0738,poe-0.103,poe-0.145,poe-0.203,poe-0.284,poe-0.397,poe-0.556,poe-0.778,poe-1.09,poe-1.52,poe-2.13
-0.32551,0.02562,0.00000,9.999998E-01,9.999997E-01,9.999994E-01,9.999983E-01,9.999920E-01,9.999466E-01,9.995966E-01,9.971339E-01,9.837824E-01,9.316761E-01,7.856758E-01,5.428076E-01,2.947852E-01,1.281765E-01,4.573022E-02,1.371268E-02,3.393749E-03,6.927896E-04,1.079536E-04
-0.32547,-0.64888,0.00000,9.999998E-01,9.999997E-01,9.999995E-01,9.999989E-01,9.999953E-01,9.999709E-01,9.997904E-01,9.985352E-01,9.914966E-01,9.614203E-01,8.635471E-01,6.674743E-01,4.234534E-01,2.230123E-01,1.006602E-01,4.050776E-02,1.470985E-02,4.911487E-03,1.434710E-03
-0.32533,-1.32337,0.00000,9.999955E-01,9.999663E-01,9.996780E-01,9.971789E-01,9.820892E-01,9.283947E-01,8.109494E-01,6.158596E-01,3.733151E-01,1.735239E-01,6.031343E-02,1.655773E-02,3.391936E-03,4.444382E-04,1.842847E-05,0.000000E+00,0.000000E+00,0.000000E+00,0.000000E+00
0.34898,0.02562,0.00000,9.999997E-01,9.999995E-01,9.999988E-01,9.999942E-01,9.999579E-01,9.996386E-01,9.972166E-01,9.835207E-01,9.312475E-01,7.958561E-01,5.538587E-01,2.969307E-01,1.213774E-01,3.836771E-02,9.210720E-03,1.581867E-03,1.518379E-04,3.110811E-06,0.000000E+00
0.34907,-0.64888,0.00000,9.999998E-01,9.999996E-01,9.999990E-01,9.999962E-01,9.999767E-01,9.998306E-01,9.988572E-01,9.936651E-01,9.728262E-01,9.089233E-01,7.586527E-01,5.329085E-01,3.065109E-01,1.459405E-01,5.800082E-02,1.937936E-02,5.261946E-03,1.109906E-03,1.370627E-04
0.34934,-1.32337,0.00000,9.999925E-01,9.999402E-01,9.994572E-01,9.958105E-01,9.769990E-01,9.177387E-01,7.951928E-01,5.970195E-01,3.601893E-01,1.702250E-01,6.187214E-02,1.832954E-02,4.329879E-03,7.670813E-04,8.339145E-05,2.713840E-06,0.000000E+00,0.000000E+00,0.000000E+00
