# quantile-0.1, investigation_time=50.0,imt=SA(0.5)
lon,lat,depth,poe-0.005,poe-0.007,poe-0.0098,poe-0.0137,poe-0.0192,poe-0.0269,poe-0.0376,poe-0.0527,poe-0.0738,poe-0.103,poe-0.145,poe-0.203,poe-0.284,poe-0.397,poe-0.556,poe-0.778,poe-1.09,poe-1.52,poe-2.13
-0.32551,0.02562,0.00000,9.999993E-01,9.999978E-01,9.999894E-01,9.999270E-01,9.993958E-01,9.953811E-01,9.736056E-01,8.964167E-01,7.294167E-01,5.024289E-01,2.851364E-01,1.384191E-01,5.837385E-02,1.931364E-02,5.261622E-03,1.196909E-03,2.178847E-04,2.941401E-05,1.738837E-06
-0.32547,-0.64888,0.00000,9.999994E-01,9.999985E-01,9.999933E-01,9.999577E-01,9.996731E-01,9.975729E-01,9.859034E-01,9.411780E-01,8.309664E-01,6.530002E-01,4.260892E-01,2.200554E-01,9.727768E-02,3.839133E-02,1.385695E-02,4.711805E-03,1.485218E-03,4.265483E-04,9.896607E-05
-0.32533,-1.32337,0.00000,9.999355E-01,9.993155E-01,9.934227E-01,9.570767E-01,8.296061E-01,5.877068E-01,3.236488E-01,1.368456E-01,4.521216E-02,1.156418E-02,1.963231E-03,1.639848E-04,0.000000E+00,0.000000E+00,0.000000E+00,0.000000E+00,0.000000E+00,0.000000E+00,0.000000E+00
0.34898,0.02562,0.00000,9.999987E-01,9.999941E-01,9.999583E-01,9.996247E-01,9.966394E-01,9.771408E-01,8.991212E-01,7.144460E-01,4.586326E-01,2.348807E-01,9.405854E-02,3.067071E-02,7.951726E-03,1.546223E-03,1.881566E-04,7.588608E-06,0.000000E+00,0.000000E+00,0.000000E+00
0.34907,-0.64888,0.00000,9.999989E-01,9.999958E-01,9.999750E-01,9.998108E-01,9.985337E-01,9.907878E-01,9.589688E-01,8.718641E-01,7.146345E-01,5.163025E-01,3.174887E-01,1.470361E-01,5.683846E-02,1.848221E-02,4.958276E-03,1.049960E-03,1.543653E-04,1.024499E-05,0.000000E+00
0.34934,-1.32337,0.00000,9.999054E-01,9.990245E-01,9.913368E-01,9.484864E-01,8.111299E-01,5.670530E-01,3.113974E-01,1.333466E-01,4.544650E-02,1.239537E-02,2.428310E-03,3.292940E-04,2.117346E-05,0.000000E+00,0.000000E+00,0.000000E+00,0.000000E+00,0.000000E+00,0.000000E+00
