# quantile-0.1, investigation_time=50.0,imt=SA(0.2)
lon,lat,depth,poe-0.005,poe-0.007,poe-0.0098,poe-0.0137,poe-0.0192,poe-0.0269,poe-0.0376,poe-0.0527,poe-0.0738,poe-0.103,poe-0.145,poe-0.203,poe-0.284,poe-0.397,poe-0.556,poe-0.778,poe-1.09,poe-1.52,poe-2.13
-0.32551,0.02562,0.00000,9.999997E-01,9.999995E-01,9.999989E-01,9.999964E-01,9.999813E-01,9.998719E-01,9.990340E-01,9.933437E-01,9.655337E-01,8.784066E-01,6.985872E-01,4.679425E-01,2.609084E-01,1.224185E-01,4.389970E-02,1.201007E-02,2.669787E-03,4.850830E-04,6.205955E-05
-0.32547,-0.64888,0.00000,9.999998E-01,9.999996E-01,9.999992E-01,9.999977E-01,9.999891E-01,9.999307E-01,9.995013E-01,9.966207E-01,9.821292E-01,9.329250E-01,8.162760E-01,6.352804E-01,4.184787E-01,2.020830E-01,8.053926E-02,2.801114E-02,8.813474E-03,2.624277E-03,7.031342E-04
-0.32533,-1.32337,0.00000,9.999893E-01,9.999168E-01,9.991991E-01,9.929818E-01,9.556986E-01,8.276575E-01,5.871231E-01,3.204700E-01,1.341212E-01,4.401374E-02,1.069365E-02,1.874615E-03,1.728832E-04,5.218880E-07,0.000000E+00,0.000000E+00,0.000000E+00,0.000000E+00,0.000000E+00
0.34898,0.02562,0.00000,9.999996E-01,9.999992E-01,9.999974E-01,9.999864E-01,9.998973E-01,9.991136E-01,9.932392E-01,9.615037E-01,8.557383E-01,6.477156E-01,3.874881E-01,1.837082E-01,6.895261E-02,2.024552E-02,4.340299E-03,6.046934E-04,3.733028E-05,0.000000E+00,0.000000E+00
0.34907,-0.64888,0.00000,9.999996E-01,9.999993E-01,9.999980E-01,9.999912E-01,9.999437E-01,9.995879E-01,9.972525E-01,9.854618E-01,9.447489E-01,8.503824E-01,6.900547E-01,4.960980E-01,3.036830E-01,1.313498E-01,4.551593E-02,1.275165E-02,2.773156E-03,4.421949E-04,3.633780E-05
0.34934,-1.32337,0.00000,9.999819E-01,9.998519E-01,9.986497E-01,9.895880E-01,9.433452E-01,8.048176E-01,5.668731E-01,3.140268E-01,1.375693E-01,4.875980E-02,1.337006E-02,2.910033E-03,4.585186E-04,4.135944E-05,1.826015E-07,0.000000E+00,0.000000E+00,0.000000E+00,0.000000E+00
