# quantile-0.1, investigation_time=50.0
lon,lat,SA(0.1)-0.1,SA(0.1)-0.02,SA(0.2)-0.1,SA(0.2)-0.02,SA(0.5)-0.1,SA(0.5)-0.02
-0.32551,0.02562,3.791402E-01,5.970331E-01,4.242708E-01,6.816692E-01,2.303582E-01,3.928253E-01
-0.32547,-0.64888,4.732985E-01,7.847796E-01,5.136413E-01,8.583093E-01,2.807943E-01,4.924927E-01
-0.32533,-1.32337,6.137447E-02,9.615871E-02,8.057545E-02,1.246357E-01,5.797402E-02,9.008787E-02
0.34898,0.02562,2.172353E-01,3.419138E-01,2.500336E-01,3.980609E-01,1.417185E-01,2.257793E-01
0.34907,-0.64888,4.019415E-01,6.328934E-01,4.329423E-01,6.908267E-01,2.326168E-01,3.877654E-01
0.34934,-1.32337,6.327433E-02,1.030458E-01,8.176709E-02,1.303584E-01,5.766469E-02,9.110138E-02
