# quantile-0.1, investigation_time=50.0,imt=SA(0.1)
lon,lat,depth,poe-0.005,poe-0.007,poe-0.0098,poe-0.0137,poe-0.0192,poe-0.0269,poe-0.0376,poe-0.0527,poe-0.0738,poe-0.103,poe-0.145,poe-0.203,poe-0.284,poe-0.397,poe-0.556,poe-0.778,poe-1.09,poe-1.52,poe-2.13
-0.32551,0.02562,0.00000,9.999996E-01,9.999992E-01,9.999979E-01,9.999911E-01,9.999489E-01,9.996423E-01,9.975243E-01,9.854894E-01,9.380685E-01,8.179526E-01,6.123773E-01,3.850413E-01,2.021671E-01,8.939219E-02,2.714800E-02,6.420381E-03,1.194903E-03,1.710662E-04,1.596245E-05
-0.32547,-0.64888,0.00000,9.999996E-01,9.999994E-01,9.999986E-01,9.999948E-01,9.999720E-01,9.998143E-01,9.987511E-01,9.926887E-01,9.676672E-01,8.975762E-01,7.567671E-01,5.644360E-01,3.594782E-01,1.657679E-01,6.293795E-02,2.064069E-02,6.060570E-03,1.688284E-03,4.340799E-04
-0.32533,-1.32337,0.00000,9.999165E-01,9.992628E-01,9.938714E-01,9.625454E-01,8.510143E-01,6.265842E-01,3.628175E-01,1.615114E-01,5.598722E-02,1.530816E-02,2.954492E-03,3.547867E-04,9.683293E-06,0.000000E+00,0.000000E+00,0.000000E+00,0.000000E+00,0.000000E+00,0.000000E+00
0.34898,0.02562,0.00000,9.999994E-01,9.999983E-01,9.999926E-01,9.999533E-01,9.996313E-01,9.971287E-01,9.822152E-01,9.213107E-01,7.677120E-01,5.310300E-01,2.879489E-01,1.243085E-01,4.229908E-02,1.094445E-02,1.922122E-03,1.881887E-04,4.270262E-06,0.000000E+00,0.000000E+00
0.34907,-0.64888,0.00000,9.999995E-01,9.999987E-01,9.999950E-01,9.999729E-01,9.998179E-01,9.987802E-01,9.932299E-01,9.712273E-01,9.107511E-01,7.941486E-01,6.207041E-01,4.290210E-01,2.521736E-01,1.042024E-01,3.397129E-02,8.597705E-03,1.553441E-03,1.753406E-04,5.870381E-06
0.34934,-1.32337,0.00000,9.998357E-01,9.986407E-01,9.902795E-01,9.500747E-01,8.282083E-01,6.072679E-01,3.590969E-01,1.689499E-01,6.431927E-02,2.003711E-02,4.798177E-03,8.876522E-04,1.069168E-04,4.580626E-06,0.000000E+00,0.000000E+00,0.000000E+00,0.000000E+00,0.000000E+00
