rlzi,sid,eid,gmv_PGA
0,0,103079215104,6.575202E-01
0,0,876173328384,5.394053E-01
0,0,1580547964928,2.923643E-01
0,0,1799591297024,2.737944E-01
0,0,1902670512128,5.247198E-01
0,0,2027224563712,5.336554E-01
