event_id,site_id,gmv_PGA
0,0,5.302571E-02
1,0,3.522470E-01
2,0,8.590528E-01
3,0,2.685900E-01
4,0,6.269414E-02
5,0,5.457481E-02
6,0,3.492422E-01
7,0,6.058464E-01
