rlzi,sid,eid,gmv_PGA
0,0,876173328384,3.768018E-01
0,0,1580547964928,2.749142E-01
0,0,1799591297024,1.929074E-01
0,0,1902670512128,3.879890E-01
0,0,2027224563712,7.077163E-01
