rlzi,sid,eid,gmv_PGA
0,0,880468295680,3.768097E-01
0,0,1584842932224,2.749219E-01
0,0,1803886264320,1.929059E-01
0,0,1906965479424,3.880102E-01
0,0,2031519531008,7.077166E-01
