event_id,site_id,gmv_PGA
0,0,2.720712E-01
1,0,8.020976E-02
2,0,2.364940E-01
3,0,3.105471E-01
4,0,8.562014E-02
5,0,1.663065E-01
6,0,1.247448E-01
7,0,5.047876E-01
