rlzi,sid,eid,gmv_PGA
0,0,8589934592,7.077166E-01
0,0,8589934593,3.880093E-01
0,0,8589934594,1.929029E-01
0,0,8589934595,2.749212E-01
0,0,12884901888,3.767604E-01
