rlzi,sid,eid,imti,gmv
0,0,8589934592,0,3.767604E-01
0,0,12884901888,0,2.749212E-01
0,0,17179869184,0,1.929029E-01
0,0,17179869185,0,3.880093E-01
0,0,17179869186,0,7.077166E-01
