eid,sid,gmv_PGA
395136991232,0,2.720712E-01
532575944704,0,8.020976E-02
850403524608,0,2.364940E-01
897648164864,0,3.105471E-01
910533066752,0,8.562014E-02
1060856922112,0,1.663065E-01
1507533520896,0,1.247448E-01
2108828942336,0,5.047876E-01
