rlzi,sid,eid,gmv_PGA
0,0,876173328384,3.768097E-01
0,0,1580547964928,2.749219E-01
0,0,1799591297024,1.929059E-01
0,0,1902670512128,3.880102E-01
0,0,2027224563712,7.077166E-01
