rlzi,sid,eid,gmv_PGA
0,0,700079669248,3.768097E-01
0,0,1404454305792,2.749219E-01
0,0,1623497637888,1.929059E-01
0,0,1726576852992,3.880102E-01
0,0,1851130904576,7.077166E-01
