rlzi,sid,eid,gmv_PGA
0,0,700079669248,3.767604E-01
0,0,1404454305792,2.749212E-01
0,0,1623497637888,1.929029E-01
0,0,1726576852992,3.880093E-01
0,0,1851130904576,7.077166E-01
