site_id,event_id,gmv_PGA
0,0,2.513184E-01
0,1,1.801912E-01
0,2,3.371295E-01
0,3,1.246313E-01
