rlzi,sid,eid,gmv_PGA
0,0,0,3.768018E-01
0,0,1,2.749142E-01
0,0,2,1.929074E-01
0,0,3,3.879890E-01
0,0,4,7.077163E-01
