site_id,event_id,gmv_PGA
0,0,5.302571E-02
0,1,3.522470E-01
0,2,8.590528E-01
0,3,2.685900E-01
0,4,6.269414E-02
0,5,5.457481E-02
0,6,3.492422E-01
0,7,6.058464E-01
