rlzi,sid,eid,gmv_PGA
0,0,0,2.720712E-01
0,0,1,8.020976E-02
0,0,2,2.364940E-01
0,0,3,3.105471E-01
0,0,4,8.562014E-02
0,0,5,1.663065E-01
0,0,6,1.247448E-01
0,0,7,5.047876E-01
