rlzi,sid,eid,gmv_PGA
0,0,395136991232,2.720712E-01
0,0,532575944704,8.020976E-02
0,0,850403524608,2.364940E-01
0,0,897648164864,3.105471E-01
0,0,910533066752,8.562014E-02
0,0,1060856922112,1.663065E-01
0,0,1507533520896,1.247448E-01
0,0,2108828942336,5.047876E-01
