rlzi,sid,eid,gmv_PGA
0,0,8589934592,3.767604E-01
0,0,12884901888,2.749212E-01
0,0,17179869184,1.929029E-01
0,0,17179869185,3.880093E-01
0,0,17179869186,7.077166E-01
