rlzi,sid,eid,gmv_PGA
0,0,0,3.768097E-01
0,0,1,2.749219E-01
0,0,2,1.929059E-01
0,0,3,3.880102E-01
0,0,4,7.077166E-01
