# mean, investigation_time=1.0, imt="PGA", checksum=3881327509
lon,lat,depth,poe-0.1,poe-0.4,poe-0.6
0.00000,0.00000,0.00000,4.563774E-01,6.293254E-02,2.995505E-03
