# mean, investigation_time=50.0,imt=SA(1.0)
lon,lat,depth,SA(1.0)-0.005:float32,SA(1.0)-0.007:float32,SA(1.0)-0.0098:float32,SA(1.0)-0.0137:float32,SA(1.0)-0.0192:float32,SA(1.0)-0.0269:float32,SA(1.0)-0.0376:float32,SA(1.0)-0.0527:float32,SA(1.0)-0.0738:float32,SA(1.0)-0.103:float32,SA(1.0)-0.145:float32,SA(1.0)-0.203:float32,SA(1.0)-0.284:float32,SA(1.0)-0.397:float32,SA(1.0)-0.556:float32,SA(1.0)-0.778:float32,SA(1.0)-1.09:float32,SA(1.0)-1.52:float32,SA(1.0)-2.13:float32
6.00000,32.50000,0.00000,1.932399E-04,9.634562E-05,4.257118E-05,1.639093E-05,5.267653E-06,1.340777E-06,2.501049E-07,3.148326E-08,1.689566E-09,0.000000E+00,0.000000E+00,0.000000E+00,0.000000E+00,0.000000E+00,0.000000E+00,0.000000E+00,0.000000E+00,0.000000E+00,0.000000E+00
7.50000,36.00000,0.00000,0.000000E+00,0.000000E+00,0.000000E+00,0.000000E+00,0.000000E+00,0.000000E+00,0.000000E+00,0.000000E+00,0.000000E+00,0.000000E+00,0.000000E+00,0.000000E+00,0.000000E+00,0.000000E+00,0.000000E+00,0.000000E+00,0.000000E+00,0.000000E+00,0.000000E+00
