# mean, investigation_time=50.0,imt=SA(0.1)
lon,lat,depth,SA(0.1)-0.005:float32,SA(0.1)-0.007:float32,SA(0.1)-0.0098:float32,SA(0.1)-0.0137:float32,SA(0.1)-0.0192:float32,SA(0.1)-0.0269:float32,SA(0.1)-0.0376:float32,SA(0.1)-0.0527:float32,SA(0.1)-0.0738:float32,SA(0.1)-0.103:float32,SA(0.1)-0.145:float32,SA(0.1)-0.203:float32,SA(0.1)-0.284:float32,SA(0.1)-0.397:float32,SA(0.1)-0.556:float32,SA(0.1)-0.778:float32,SA(0.1)-1.09:float32,SA(0.1)-1.52:float32,SA(0.1)-2.13:float32
6.00000,32.50000,0.00000,3.038150E-03,2.439384E-03,1.805412E-03,1.211866E-03,7.225692E-04,3.782668E-04,1.718726E-04,6.511305E-05,1.999452E-05,4.772243E-06,6.792152E-07,1.653397E-08,0.000000E+00,0.000000E+00,0.000000E+00,0.000000E+00,0.000000E+00,0.000000E+00,0.000000E+00
7.50000,36.00000,0.00000,0.000000E+00,0.000000E+00,0.000000E+00,0.000000E+00,0.000000E+00,0.000000E+00,0.000000E+00,0.000000E+00,0.000000E+00,0.000000E+00,0.000000E+00,0.000000E+00,0.000000E+00,0.000000E+00,0.000000E+00,0.000000E+00,0.000000E+00,0.000000E+00,0.000000E+00
