# mean, investigation_time=50.0,imt=PGA
lon,lat,depth,PGA-0.005:float32,PGA-0.007:float32,PGA-0.0098:float32,PGA-0.0137:float32,PGA-0.0192:float32,PGA-0.0269:float32,PGA-0.0376:float32,PGA-0.0527:float32,PGA-0.0738:float32,PGA-0.103:float32,PGA-0.145:float32,PGA-0.203:float32,PGA-0.284:float32,PGA-0.397:float32,PGA-0.556:float32,PGA-0.778:float32,PGA-1.09:float32,PGA-1.52:float32,PGA-2.13:float32
6.00000,32.50000,0.00000,1.601634E-03,1.009589E-03,5.619319E-04,2.728382E-04,1.120736E-04,3.814487E-05,1.057075E-05,2.101292E-06,2.315475E-07,3.437205E-09,0.000000E+00,0.000000E+00,0.000000E+00,0.000000E+00,0.000000E+00,0.000000E+00,0.000000E+00,0.000000E+00,0.000000E+00
7.50000,36.00000,0.00000,0.000000E+00,0.000000E+00,0.000000E+00,0.000000E+00,0.000000E+00,0.000000E+00,0.000000E+00,0.000000E+00,0.000000E+00,0.000000E+00,0.000000E+00,0.000000E+00,0.000000E+00,0.000000E+00,0.000000E+00,0.000000E+00,0.000000E+00,0.000000E+00,0.000000E+00
