# mean, investigation_time=50.0,imt=SA(0.05)
lon,lat,depth,SA(0.05)-0.005:float32,SA(0.05)-0.007:float32,SA(0.05)-0.0098:float32,SA(0.05)-0.0137:float32,SA(0.05)-0.0192:float32,SA(0.05)-0.0269:float32,SA(0.05)-0.0376:float32,SA(0.05)-0.0527:float32,SA(0.05)-0.0738:float32,SA(0.05)-0.103:float32,SA(0.05)-0.145:float32,SA(0.05)-0.203:float32,SA(0.05)-0.284:float32,SA(0.05)-0.397:float32,SA(0.05)-0.556:float32,SA(0.05)-0.778:float32,SA(0.05)-1.09:float32,SA(0.05)-1.52:float32,SA(0.05)-2.13:float32
6.00000,32.50000,0.00000,2.804896E-03,2.221861E-03,1.611677E-03,1.052068E-03,6.041509E-04,3.011166E-04,1.282674E-04,4.457696E-05,1.211158E-05,2.392573E-06,2.085067E-07,0.000000E+00,0.000000E+00,0.000000E+00,0.000000E+00,0.000000E+00,0.000000E+00,0.000000E+00,0.000000E+00
7.50000,36.00000,0.00000,0.000000E+00,0.000000E+00,0.000000E+00,0.000000E+00,0.000000E+00,0.000000E+00,0.000000E+00,0.000000E+00,0.000000E+00,0.000000E+00,0.000000E+00,0.000000E+00,0.000000E+00,0.000000E+00,0.000000E+00,0.000000E+00,0.000000E+00,0.000000E+00,0.000000E+00
