# mean, investigation_time=50.0,imt=SA(0.2)
lon,lat,depth,SA(0.2)-0.005:float32,SA(0.2)-0.007:float32,SA(0.2)-0.0098:float32,SA(0.2)-0.0137:float32,SA(0.2)-0.0192:float32,SA(0.2)-0.0269:float32,SA(0.2)-0.0376:float32,SA(0.2)-0.0527:float32,SA(0.2)-0.0738:float32,SA(0.2)-0.103:float32,SA(0.2)-0.145:float32,SA(0.2)-0.203:float32,SA(0.2)-0.284:float32,SA(0.2)-0.397:float32,SA(0.2)-0.556:float32,SA(0.2)-0.778:float32,SA(0.2)-1.09:float32,SA(0.2)-1.52:float32,SA(0.2)-2.13:float32
6.00000,32.50000,0.00000,2.738763E-03,2.058368E-03,1.417382E-03,8.856328E-04,4.933416E-04,2.424369E-04,1.034730E-04,3.706044E-05,1.087648E-05,2.412980E-06,2.918722E-07,5.675392E-09,0.000000E+00,0.000000E+00,0.000000E+00,0.000000E+00,0.000000E+00,0.000000E+00,0.000000E+00
7.50000,36.00000,0.00000,0.000000E+00,0.000000E+00,0.000000E+00,0.000000E+00,0.000000E+00,0.000000E+00,0.000000E+00,0.000000E+00,0.000000E+00,0.000000E+00,0.000000E+00,0.000000E+00,0.000000E+00,0.000000E+00,0.000000E+00,0.000000E+00,0.000000E+00,0.000000E+00,0.000000E+00
