rup_id,loss
0,1.891083E+02
1,3.866269E+02
2,5.446234E+02
3,2.083525E+02
