event_id,rlz_id,rup_id,year,structural
180388626432,0,42,39,2.35503E+02
180388626433,0,42,29,6.61698E+02
180388626434,0,42,15,2.74907E+02
180388626435,0,42,43,5.97396E+02
193273528320,0,45,8,2.39994E+03
210453397504,0,49,21,1.11997E+03
219043332096,0,51,39,2.30390E+02
