event_id,rup_id,year,rlzi,magnitude,centroid_lon,centroid_lat,centroid_depth,structural
34359738368,8,15,0,5.55000E+00,8.30823E+01,2.79006E+01,8.00000E+00,5.14574E+02
30064771072,7,29,0,5.25000E+00,8.30823E+01,2.79006E+01,8.00000E+00,1.34792E+02
17179869184,4,39,0,6.15000E+00,8.12985E+01,2.91098E+01,4.00000E+00,2.40012E+03
