event_tag,year,structural
grp=00~ses=0001~src=1~rup=2-01,39,9.56327E+02
grp=00~ses=0001~src=2~rup=7-01,41,1.37643E+02
grp=00~ses=0002~src=1~rup=1-01,70,6.35889E+02
grp=00~ses=0002~src=1~rup=2-01,91,5.02636E+02
grp=00~ses=0002~src=2~rup=9-01,78,1.91743E+02
grp=00~ses=0003~src=2~rup=9-01,140,7.40691E+01
grp=00~ses=0005~src=1~rup=2-01,210,2.40037E+03
grp=00~ses=0005~src=2~rup=8-01,246,1.12018E+03
grp=00~ses=0006~src=2~rup=8-01,263,1.01155E+02
grp=00~ses=0007~src=2~rup=7-01,332,1.93121E+02
