event_tag,event_set,structural
trt=00~ses=0001~src=1~rup=2-01,1,9.56327E+02
trt=00~ses=0001~src=2~rup=7-01,1,1.40543E+02
trt=00~ses=0002~src=1~rup=1-01,2,6.35889E+02
trt=00~ses=0002~src=1~rup=2-01,2,5.02636E+02
trt=00~ses=0002~src=2~rup=9-01,2,1.79837E+02
trt=00~ses=0003~src=2~rup=9-01,3,1.12006E+03
trt=00~ses=0005~src=1~rup=2-01,5,2.40037E+03
trt=00~ses=0005~src=2~rup=8-01,5,2.34830E+02
trt=00~ses=0006~src=2~rup=8-01,6,9.85717E+01
trt=00~ses=0007~src=2~rup=7-01,7,1.13885E+02
