rup_id,loss
0,1.891083E+02
1,2.024427E+02
2,3.866573E+02
3,5.446711E+02
4,2.502168E+02
5,4.255970E+02
6,2.083537E+02
7,1.839888E+02
8,1.489230E+02
9,9.256354E+01
