event_id,year,magnitude,centroid_lon,centroid_lat,centroid_depth,structural
4294967299,43,6.15000E+00,8.12985E+01,2.91098E+01,4.00000E+00,2.40037E+03
4294967300,58,5.25000E+00,8.30823E+01,2.79006E+01,8.00000E+00,4.55421E+02
4294967296,89,5.25000E+00,8.12985E+01,2.91098E+01,4.00000E+00,2.85258E+02
4294967302,139,5.55000E+00,8.30823E+01,2.79006E+01,8.00000E+00,1.12018E+03
4294967303,269,5.85000E+00,8.30823E+01,2.79006E+01,8.00000E+00,1.20789E+02
4294967301,271,5.25000E+00,8.30823E+01,2.79006E+01,8.00000E+00,9.55200E+01
4294967297,329,5.25000E+00,8.12985E+01,2.91098E+01,4.00000E+00,6.61717E+02
4294967298,465,5.25000E+00,8.12985E+01,2.91098E+01,4.00000E+00,3.06280E+02
