rup_id,loss
0,9.563875E+02
1,1.376443E+02
2,6.358984E+02
3,5.026803E+02
4,1.917473E+02
5,7.406331E+01
6,2.400379E+03
7,1.120086E+03
8,1.011425E+02
9,1.931357E+02
