event_id,rup_id,year,rlzi,magnitude,centroid_lon,centroid_lat,centroid_depth,structural
210453397504,49,8,0,5.25000E+00,8.30823E+01,2.79006E+01,8.00000E+00,4.55421E+02
184683593730,43,15,0,5.25000E+00,8.12985E+01,2.91098E+01,4.00000E+00,3.06280E+02
219043332096,51,19,0,5.85000E+00,8.30823E+01,2.79006E+01,8.00000E+00,1.20789E+02
210453397505,49,21,0,5.25000E+00,8.30823E+01,2.79006E+01,8.00000E+00,9.55200E+01
184683593729,43,29,0,5.25000E+00,8.12985E+01,2.91098E+01,4.00000E+00,6.61717E+02
184683593728,43,39,0,5.25000E+00,8.12985E+01,2.91098E+01,4.00000E+00,2.85258E+02
214748364800,50,39,0,5.55000E+00,8.30823E+01,2.79006E+01,8.00000E+00,1.12018E+03
197568495616,46,43,0,6.15000E+00,8.12985E+01,2.91098E+01,4.00000E+00,2.40037E+03
