event_tag,loss
ses=0003~src=2~rup=9-01,7.406906E+01
ses=0006~src=2~rup=8-01,1.011550E+02
ses=0001~src=2~rup=7-01,1.376430E+02
ses=0002~src=2~rup=9-01,1.917428E+02
ses=0007~src=2~rup=7-01,1.931207E+02
ses=0002~src=1~rup=2-01,5.026363E+02
ses=0002~src=1~rup=1-01,6.358888E+02
ses=0001~src=1~rup=2-01,9.563267E+02
ses=0005~src=2~rup=8-01,1.120177E+03
ses=0005~src=1~rup=2-01,2.400366E+03
