event_id,rup_id,year,rlzi,magnitude,centroid_lon,centroid_lat,centroid_depth,structural
30064771072,7,8,0,5.25000E+00,8.30823E+01,2.79006E+01,8.00000E+00,4.55421E+02
4294967298,1,15,0,5.25000E+00,8.12985E+01,2.91098E+01,4.00000E+00,3.06280E+02
38654705664,9,19,0,5.85000E+00,8.30823E+01,2.79006E+01,8.00000E+00,1.20789E+02
30064771073,7,21,0,5.25000E+00,8.30823E+01,2.79006E+01,8.00000E+00,9.55200E+01
4294967297,1,29,0,5.25000E+00,8.12985E+01,2.91098E+01,4.00000E+00,6.61717E+02
4294967296,1,39,0,5.25000E+00,8.12985E+01,2.91098E+01,4.00000E+00,2.85258E+02
34359738368,8,39,0,5.55000E+00,8.30823E+01,2.79006E+01,8.00000E+00,1.12018E+03
17179869184,4,43,0,6.15000E+00,8.12985E+01,2.91098E+01,4.00000E+00,2.40037E+03
