event_id,rup_id,year,rlzi,magnitude,centroid_lon,centroid_lat,centroid_depth,structural
206158430208,48,8,0,5.25000E+00,8.30823E+01,2.79006E+01,8.00000E+00,4.55434E+02
180388626434,42,15,0,5.25000E+00,8.12985E+01,2.91098E+01,4.00000E+00,3.06285E+02
214748364800,50,19,0,5.85000E+00,8.30823E+01,2.79006E+01,8.00000E+00,1.20792E+02
206158430209,48,21,0,5.25000E+00,8.30823E+01,2.79006E+01,8.00000E+00,9.55207E+01
180388626433,42,29,0,5.25000E+00,8.12985E+01,2.91098E+01,4.00000E+00,6.61725E+02
180388626432,42,39,0,5.25000E+00,8.12985E+01,2.91098E+01,4.00000E+00,2.85259E+02
210453397504,49,39,0,5.55000E+00,8.30823E+01,2.79006E+01,8.00000E+00,1.12018E+03
193273528320,45,43,0,6.15000E+00,8.12985E+01,2.91098E+01,4.00000E+00,2.40037E+03
