event_tag,year,structural
grp=00~ses=0001~src=1~rup=2-01,230,9.56365E+02
grp=00~ses=0001~src=2~rup=7-01,438,1.37663E+02
grp=00~ses=0002~src=1~rup=1-01,83,6.35889E+02
grp=00~ses=0002~src=1~rup=2-01,40,5.02566E+02
grp=00~ses=0002~src=2~rup=9-01,460,1.91751E+02
grp=00~ses=0003~src=2~rup=9-01,347,7.40659E+01
grp=00~ses=0005~src=1~rup=2-01,457,2.40001E+03
grp=00~ses=0005~src=2~rup=8-01,31,1.11988E+03
grp=00~ses=0006~src=2~rup=8-01,237,1.01139E+02
grp=00~ses=0007~src=2~rup=7-01,488,1.93150E+02
