event_tag,event_set,structural:float32
trt=00~ses=0001~src=1~rup=2-01,1,9.56327E+02
trt=00~ses=0001~src=2~rup=7-01,1,1.37643E+02
trt=00~ses=0002~src=1~rup=1-01,2,6.35889E+02
trt=00~ses=0002~src=1~rup=2-01,2,5.02636E+02
trt=00~ses=0002~src=2~rup=9-01,2,1.91743E+02
trt=00~ses=0003~src=2~rup=9-01,3,7.40691E+01
trt=00~ses=0005~src=1~rup=2-01,5,2.40037E+03
trt=00~ses=0005~src=2~rup=8-01,5,1.12018E+03
trt=00~ses=0006~src=2~rup=8-01,6,1.01155E+02
trt=00~ses=0007~src=2~rup=7-01,7,1.93121E+02
