rup_id,loss
0,6.123427E+02
1,1.119984E+03
2,1.395682E+03
3,4.236385E+02
4,1.832690E+02
5,1.119974E+03
6,2.373611E+02
7,1.481589E+02
9,8.433912E+01
