event_tag,event_set,structural
grp=00~ses=0001~src=1~rup=2-01,1,9.56340E+02
grp=00~ses=0001~src=2~rup=7-01,1,1.37646E+02
grp=00~ses=0002~src=1~rup=1-01,2,6.35857E+02
grp=00~ses=0002~src=1~rup=2-01,2,5.02604E+02
grp=00~ses=0002~src=2~rup=9-01,2,1.91752E+02
grp=00~ses=0003~src=2~rup=9-01,3,7.40650E+01
grp=00~ses=0005~src=1~rup=2-01,5,2.40000E+03
grp=00~ses=0005~src=2~rup=8-01,5,1.12000E+03
grp=00~ses=0006~src=2~rup=8-01,6,1.01147E+02
grp=00~ses=0007~src=2~rup=7-01,7,1.93125E+02
