event_tag,year,magnitude,centroid_lon,centroid_lat,centroid_depth,structural
grp=00~ses=0001~rup=4-01,43,6.15000E+00,8.12985E+01,2.91098E+01,4.00000E+00,2.40037E+03
grp=00~ses=0002~rup=7-01,58,5.25000E+00,8.30823E+01,2.79006E+01,8.00000E+00,4.55421E+02
grp=00~ses=0002~rup=1-01,89,5.25000E+00,8.12985E+01,2.91098E+01,4.00000E+00,2.85258E+02
grp=00~ses=0003~rup=8-01,139,5.55000E+00,8.30823E+01,2.79006E+01,8.00000E+00,1.12018E+03
grp=00~ses=0006~rup=9-01,269,5.85000E+00,8.30823E+01,2.79006E+01,8.00000E+00,1.20789E+02
grp=00~ses=0006~rup=7-01,271,5.25000E+00,8.30823E+01,2.79006E+01,8.00000E+00,9.55200E+01
grp=00~ses=0007~rup=1-01,329,5.25000E+00,8.12985E+01,2.91098E+01,4.00000E+00,6.61717E+02
grp=00~ses=0010~rup=1-01,465,5.25000E+00,8.12985E+01,2.91098E+01,4.00000E+00,3.06280E+02
