rup_id,loss
0,1.890963E+02
1,2.024407E+02
2,3.866514E+02
3,5.446234E+02
4,2.502109E+02
5,4.256300E+02
6,2.083525E+02
7,1.840038E+02
8,1.489415E+02
9,9.255636E+01
