rup_id,loss
0,3.866514E+02
1,2.352026E+02
2,2.249568E+02
3,7.758931E+02
4,3.473616E+02
5,4.898791E+02
6,1.890818E+02
7,5.445759E+02
8,2.083094E+02
9,2.024565E+02
10,9.255424E+01
11,1.422643E+02
12,5.277316E+02
13,1.815234E+02
14,1.839430E+02
15,1.489217E+02
16,1.941417E+02
17,8.887414E+01
18,2.501999E+02
19,4.255468E+02
20,9.288230E+02
21,4.399034E+02
22,1.250182E+03
23,8.728320E+02
24,1.336931E+03
25,1.153897E+03
