taxonomy,return_period,structural
RM,100,0.00000E+00
RM,200,4.66112E+02
RM,500,2.40037E+03
RC+,100,0.00000E+00
RC+,200,2.71267E+02
RC+,500,1.12018E+03
