losses,poes,avg
0.000000E+00 1.263128E+02 2.526257E+02 3.789385E+02 5.052513E+02 6.315642E+02 7.578770E+02 8.841898E+02 1.010503E+03 1.136815E+03 1.263128E+03 1.389441E+03 1.515754E+03 1.642067E+03 1.768380E+03 1.894692E+03 2.021005E+03 2.147318E+03 2.273631E+03 2.399944E+03,6.321206E-01 5.725851E-01 5.276334E-01 4.511884E-01 3.623718E-01 2.953119E-01 2.953119E-01 2.591818E-01 2.591818E-01 1.392920E-01 1.392920E-01 1.392920E-01 9.516258E-02 9.516258E-02 9.516258E-02 4.877058E-02 4.877058E-02 4.877058E-02 4.877058E-02 0.000000E+00,5.352219E+02
