tag,structural~no_damage_mean,structural~no_damage_stdv,structural~LS1_mean,structural~LS1_stdv,structural~LS2_mean,structural~LS2_stdv
"CRESTA-01.1",1.671885E+03,9.629658E+02,2.116940E+03,5.401724E+02,1.211175E+03,7.839774E+02
"RC",9.986328E+02,4.914843E+02,7.200072E+02,2.496355E+02,2.813601E+02,2.506459E+02
"RM",7.237925E+02,6.701513E+02,1.756710E+03,5.365919E+02,1.519497E+03,8.725944E+02
