return_periods:uint32,structural
1,9.55200E+01
2,9.55200E+01
5,9.55200E+01
10,9.55200E+01
20,9.55200E+01
50,1.20789E+02
100,1.20789E+02
200,3.06280E+02
500,2.40037E+03
