rlzi,sid,eid,gmv_PGA
0,0,32860794781696,9.065985E-04
0,0,35953171234816,4.102092E-03
0,0,39354785333248,4.277488E-03
0,1,32860794781696,1.310036E-04
0,1,35953171234816,6.527405E-04
0,1,39354785333248,2.034745E-03
