site_id,event_id,gmv_PGA
0,0,6.525930E-03
1,0,1.802337E-03
0,1,2.700126E-02
1,1,1.448643E-02
0,2,6.731953E-03
1,2,9.112033E-03
0,3,8.831387E-04
1,3,7.190349E-04
0,4,2.897905E-03
1,4,3.358473E-04
