rlzi,sid,eid,gmv_PGA
0,0,4294967296,9.065985E-04
0,0,4294967297,4.102092E-03
0,0,4294967298,4.277488E-03
0,1,4294967296,1.310036E-04
0,1,4294967297,6.527405E-04
0,1,4294967298,2.034745E-03
