event_id,site_id,gmv_PGA
0,0,1.476988E-01
0,1,1.439374E-01
1,0,3.964050E-03
1,1,2.978874E-03
2,0,3.597666E-03
2,1,4.904944E-03
