rlzi,sid,eid,gmv_PGA
0,0,9818295238656,1.481987E-01
0,0,11098195492864,3.966948E-03
0,0,14066017894400,3.598736E-03
0,1,9818295238656,1.445231E-01
0,1,11098195492864,2.980962E-03
0,1,14066017894400,4.906491E-03
