rlzi,sid,eid,gmv_PGA
0,0,0,1.481987E-01
0,0,1,3.966948E-03
0,0,2,3.598736E-03
0,1,0,1.445231E-01
0,1,1,2.980962E-03
0,1,2,4.906491E-03
