eid,sid,gmv_PGA
9818295238656,0,1.476988E-01
9818295238656,1,1.439374E-01
11098195492864,0,3.964050E-03
11098195492864,1,2.978874E-03
14066017894400,0,3.597666E-03
14066017894400,1,4.904944E-03
