rlzi,sid,eid,gmv_PGA
0,0,11806865096704,4.590378E-02
0,0,12421045420032,1.889315E-03
0,0,12957916332032,1.364948E-03
0,0,13473312407552,1.932126E-03
0,1,11806865096704,1.193884E-02
0,1,12421045420032,4.543967E-04
0,1,12957916332032,3.455310E-04
0,1,13473312407552,4.144335E-04
