rlzi,sid,eid,gmv_PGA
0,0,0,4.590352E-02
0,0,2,1.889319E-03
0,0,3,1.364949E-03
0,0,4,1.932131E-03
0,1,0,1.193878E-02
0,1,2,4.543978E-04
0,1,3,3.455313E-04
0,1,4,4.144348E-04
