rlzi,sid,eid,gmv_PGA
0,0,0,4.590378E-02
0,0,1,1.889315E-03
0,0,2,1.364948E-03
0,0,3,1.932126E-03
0,1,0,1.193884E-02
0,1,1,4.543967E-04
0,1,2,3.455310E-04
0,1,3,4.144335E-04
