rlzi,sid,eid,gmv_PGA
0,0,32860794781696,9.068326E-04
0,0,35953171234816,4.103263E-03
0,0,39354785333248,4.277791E-03
0,1,32860794781696,1.310372E-04
0,1,35953171234816,6.529274E-04
0,1,39354785333248,2.034839E-03
