eid,sid,gmv_PGA
0,0,1.476988E-01
0,1,1.439374E-01
