rlzi,sid,eid,gmv_PGA
0,0,11802570129408,4.590378E-02
0,0,12416750452736,1.889315E-03
0,0,12953621364736,1.364948E-03
0,0,13469017440256,1.932126E-03
0,1,11802570129408,1.193884E-02
0,1,12416750452736,4.543967E-04
0,1,12953621364736,3.455310E-04
0,1,13469017440256,4.144335E-04
