rlzi,sid,eid,imti,gmv
0,0,4294967296,0,9.065985E-04
0,0,4294967297,0,4.102092E-03
0,0,4294967298,0,4.277488E-03
0,1,4294967296,0,1.310036E-04
0,1,4294967297,0,6.527405E-04
0,1,4294967298,0,2.034745E-03
