rlzi,sid,eid,gmv_PGA
0,0,11802570129408,4.590352E-02
0,0,12416750452736,1.889319E-03
0,0,12953621364736,1.364949E-03
0,0,13469017440256,1.932131E-03
0,1,11802570129408,1.193878E-02
0,1,12416750452736,4.543978E-04
0,1,12953621364736,3.455313E-04
0,1,13469017440256,4.144348E-04
