rlzi,sid,eid,gmv_PGA
0,0,8589934592,9.065985E-04
0,0,8589934593,4.102092E-03
0,0,8589934594,4.277488E-03
0,1,8589934592,1.310036E-04
0,1,8589934593,6.527405E-04
0,1,8589934594,2.034745E-03
