eid,sid,gmv_PGA
9818295238656,0,1.481987E-01
9818295238656,1,1.445231E-01
11098195492864,0,3.966948E-03
11098195492864,1,2.980962E-03
14066017894400,0,3.598736E-03
14066017894400,1,4.906491E-03
