site_id,event_id,gmv_PGA
0,0,7.034060E-02
1,0,2.434621E-01
0,1,2.629468E-03
1,1,2.494759E-03
0,2,1.369372E-03
1,2,1.959792E-03
