event_id,site_id,gmv_PGA
0,0,7.034060E-02
0,1,2.434621E-01
1,0,2.629468E-03
1,1,2.494759E-03
2,0,1.369372E-03
2,1,1.959792E-03
