rlzi,sid,eid,gmv_PGA
0,0,7408818585600,4.590378E-02
0,0,8022998908928,1.889315E-03
0,0,8559869820928,1.364948E-03
0,0,9075265896448,1.932126E-03
0,1,7408818585600,1.193884E-02
0,1,8022998908928,4.543967E-04
0,1,8559869820928,3.455310E-04
0,1,9075265896448,4.144335E-04
