event_id,rlz_id,sig_inter_PGA,eps_inter_PGA
0,0,2.929506E-01,4.702287E-02
1,0,3.336481E-01,-4.152083E-01
2,0,3.136589E-01,-4.735516E-01
