event_id,rlz_id,sig_inter_PGA,eps_inter_PGA
0,0,3.336934E-01,-1.111497E+00
1,0,3.336940E-01,-1.753215E+00
2,0,3.136854E-01,3.983551E-01
3,0,3.336909E-01,1.611069E+00
4,0,3.336981E-01,-7.951527E-01
5,0,3.336304E-01,2.787693E-01
6,0,3.134322E-01,5.471335E-01
