event_id,rlz_id,sig_inter_PGA,eps_inter_PGA
0,0,3.336315E-01,-1.550997E+00
1,0,2.735219E-01,1.198269E+00
2,0,2.936056E-01,8.039569E-01
3,0,3.136803E-01,-7.177086E-01
4,0,3.336821E-01,1.700340E+00
