rlzi,sid,eid,gmv_PGA
0,0,0,0.60403156
0,0,1,0.33487797
0,0,2,0.39260185
0,0,3,0.36763483
0,0,4,0.34461257
0,0,5,0.28035745
0,0,6,0.4436092
0,0,7,0.24184512
0,0,8,0.50698245
0,0,9,0.45975763
