# mean, investigation_time=50.0, imt="PGA", checksum=3190932410
lon,lat,depth,poe-0.0137000,poe-0.0192000,poe-0.0269000,poe-0.0376000,poe-0.0527000,poe-0.0738000,poe-0.1030000,poe-0.1450000,poe-0.2030000,poe-0.2840000,poe-0.3970000,poe-0.5560000,poe-0.7780000,poe-1.0900000
0.50000,-0.50000,0.00000,9.279056E-02,9.112627E-02,8.615047E-02,7.557168E-02,5.858196E-02,3.820519E-02,1.999377E-02,7.673834E-03,2.085798E-03,3.510677E-04,2.561514E-05,0.000000E+00,0.000000E+00,0.000000E+00
