# mean, investigation_time=1.0, imt="PGA", checksum=3389862408
lon,lat,depth,poe-0.1000000,poe-0.4000000,poe-0.6000000
0.00000,0.00000,0.00000,5.420521E-01,1.901685E-02,1.999800E-04
