rlzi,sid,eid,imti,gmv
0,0,4294967296,0,9.349059E-02
0,0,4294967297,0,1.426666E-01
1,0,4294967296,0,5.317251E-02
1,0,4294967297,0,7.955635E-02
