rlzi,sid,eid,gmv_PGA
0,0,4578435203072,9.349059E-02
0,0,4578435203073,1.426666E-01
0,0,4578435203074,8.750371E-02
0,0,4578435203075,1.217585E-01
0,0,4578435203076,1.340344E-01
0,0,4578435203077,3.017990E-01
0,0,4578435203078,2.683221E-01
1,0,4578435137536,7.491791E-02
1,0,4578435137537,7.084471E-02
1,0,4578435137538,5.058944E-02
1,0,4578435137539,7.326791E-02
1,0,4578435137540,8.788747E-02
1,0,4578435137541,1.790855E-01
1,0,4578435137542,1.590929E-01
