eid,sid,gmv_PGA
4578435137536,0,6.024757E-02
4578435137537,0,1.037918E-01
4578435137538,0,7.037678E-02
4578435137539,0,9.071740E-02
4578435137540,0,9.349088E-02
4578435137541,0,1.426671E-01
4578435137542,0,8.750398E-02
4578435137543,0,1.217589E-01
