rlzi,sid,eid,gmv_PGA
0,0,0,9.349088E-02
0,0,1,1.426671E-01
0,0,2,8.750398E-02
0,0,3,1.217589E-01
1,0,4,6.024757E-02
1,0,5,1.037918E-01
1,0,6,7.037678E-02
1,0,7,9.071740E-02
