rlzi,sid,eid,gmv_PGA
0,0,4,9.349088E-02
0,0,5,1.426671E-01
0,0,6,8.750398E-02
0,0,7,1.217589E-01
1,0,0,6.024757E-02
1,0,1,1.037918E-01
1,0,2,7.037678E-02
1,0,3,9.071740E-02
