rlzi,sid,eid,gmv_PGA
0,0,4294967296,9.349059E-02
0,0,4294967297,1.426666E-01
0,0,4294967298,8.750371E-02
0,0,4294967299,1.217585E-01
0,0,4294967300,1.340344E-01
0,0,4294967301,3.017990E-01
0,0,4294967302,2.683221E-01
1,0,4294967296,7.491791E-02
1,0,4294967297,7.084471E-02
1,0,4294967298,5.058944E-02
1,0,4294967299,7.326791E-02
1,0,4294967300,8.788747E-02
1,0,4294967301,1.790855E-01
1,0,4294967302,1.590929E-01
