rlzi,sid,eid,gmv_PGA
0,0,4294967296,1.058157E-01
0,0,4294967297,1.978707E-01
0,0,4294967298,2.378970E-02
1,0,4294967296,5.727423E-02
1,0,4294967297,7.998884E-02
1,0,4294967298,1.627079E-02
