rlzi,sid,eid,gmv_PGA
0,0,7,9.349088E-02
0,0,8,1.426671E-01
0,0,9,8.750398E-02
0,0,10,1.217589E-01
0,0,11,1.340348E-01
0,0,12,3.017999E-01
0,0,13,2.683229E-01
1,0,0,7.491791E-02
1,0,1,7.084471E-02
1,0,2,5.058944E-02
1,0,3,7.326791E-02
1,0,4,8.788747E-02
1,0,5,1.790855E-01
1,0,6,1.590929E-01
