event_id,site_id,gmv_PGA
0,0,6.024757E-02
1,0,1.037918E-01
2,0,7.037678E-02
3,0,9.071740E-02
4,0,9.349088E-02
5,0,1.426671E-01
6,0,8.750398E-02
7,0,1.217589E-01
