rlzi,sid,eid,gmv_PGA
0,0,4578435137543,9.349088E-02
0,0,4578435137544,1.426671E-01
0,0,4578435137545,8.750398E-02
0,0,4578435137546,1.217589E-01
0,0,4578435137547,1.340348E-01
0,0,4578435137548,3.017999E-01
0,0,4578435137549,2.683229E-01
1,0,4578435137536,7.491791E-02
1,0,4578435137537,7.084471E-02
1,0,4578435137538,5.058944E-02
1,0,4578435137539,7.326791E-02
1,0,4578435137540,8.788747E-02
1,0,4578435137541,1.790855E-01
1,0,4578435137542,1.590929E-01
