site_id,event_id,gmv_PGA
0,0,7.641995E-02
0,1,1.002778E-01
0,2,7.141131E-02
0,3,6.316200E-02
0,4,6.889709E-02
0,5,9.349088E-02
0,6,1.426671E-01
0,7,8.750398E-02
0,8,1.217589E-01
0,9,1.340348E-01
0,10,3.017999E-01
0,11,2.683229E-01
0,12,2.820272E-01
