rlzi,sid,eid,imti,gmv
0,0,4294967296,0,9.349059E-02
0,0,4294967297,0,1.426666E-01
0,0,4294967298,0,8.750371E-02
0,0,4294967299,0,1.217585E-01
0,0,4294967300,0,1.340344E-01
0,0,4294967301,0,3.017990E-01
0,0,4294967302,0,2.683221E-01
1,0,4294967296,0,7.491791E-02
1,0,4294967297,0,7.084471E-02
1,0,4294967298,0,5.058944E-02
1,0,4294967299,0,7.326791E-02
1,0,4294967300,0,8.788747E-02
1,0,4294967301,0,1.790855E-01
1,0,4294967302,0,1.590929E-01
