event_id,site_id,gmv_PGA
0,0,7.641995E-02
1,0,1.002778E-01
2,0,7.141131E-02
3,0,6.316200E-02
4,0,6.889709E-02
5,0,9.349088E-02
6,0,1.426671E-01
7,0,8.750398E-02
8,0,1.217589E-01
9,0,1.340348E-01
10,0,3.017999E-01
11,0,2.683229E-01
12,0,2.820272E-01
