rlzi,sid,eid,gmv_PGA
0,0,4582730104832,9.349059E-02
0,0,4582730104833,1.426666E-01
0,0,4582730104834,8.750371E-02
0,0,4582730104835,1.217585E-01
0,0,4582730104836,1.340344E-01
0,0,4582730104837,3.017990E-01
0,0,4582730104838,2.683221E-01
1,0,4582730104832,7.491791E-02
1,0,4582730104833,7.084471E-02
1,0,4582730104834,5.058944E-02
1,0,4582730104835,7.326791E-02
1,0,4582730104836,8.788747E-02
1,0,4582730104837,1.790855E-01
1,0,4582730104838,1.590929E-01
