rlzi,sid,eid,gmv_PGA
0,0,4578435137540,9.349088E-02
0,0,4578435137541,1.426671E-01
0,0,4578435137542,8.750398E-02
0,0,4578435137543,1.217589E-01
1,0,4578435137536,6.024757E-02
1,0,4578435137537,1.037918E-01
1,0,4578435137538,7.037678E-02
1,0,4578435137539,9.071740E-02
