site_id,event_id,gmv_PGA
0,0,2.015391E-02
0,1,2.734721E-02
0,2,6.185065E-02
