# mean, investigation_time=50.0
lon,lat,PGA-0.0001,PGA-0.001,PGA-0.01,PGA-0.05,PGA-0.1,PGA-0.15,PGA-0.2,SA(0.1)-0.0001,SA(0.1)-0.001,SA(0.1)-0.01,SA(0.1)-0.05,SA(0.1)-0.1,SA(0.1)-0.15,SA(0.1)-0.2,SA(0.1)-0.3,SA(0.1)-0.5,SA(0.1)-0.8
-0.10000,0.00000,6.559523E-01,6.559523E-01,6.556640E-01,6.135122E-01,5.289103E-01,4.375274E-01,3.509940E-01,6.559523E-01,6.559523E-01,6.559503E-01,6.466785E-01,6.130496E-01,5.721585E-01,5.293986E-01,4.426240E-01,2.882122E-01,1.403875E-01
0.00000,0.00000,6.559523E-01,6.559523E-01,6.559035E-01,6.195626E-01,5.241547E-01,4.241852E-01,3.330837E-01,6.559523E-01,6.559523E-01,6.559523E-01,6.514710E-01,6.238566E-01,5.822443E-01,5.357451E-01,4.396848E-01,2.703827E-01,1.190089E-01
0.10000,0.00000,6.559523E-01,6.559523E-01,6.555929E-01,5.843827E-01,4.870605E-01,4.118479E-01,3.455111E-01,6.559523E-01,6.559523E-01,6.559523E-01,6.418385E-01,5.922443E-01,5.434248E-01,5.024345E-01,4.319591E-01,3.095380E-01,1.857802E-01
