# std, investigation_time=50.0, checksum=905885649
lon,lat,0.01-PGA,0.01-SA(0.1),0.1-PGA,0.1-SA(0.1),0.2-PGA,0.2-SA(0.1)
-0.10000,0.00000,2.000000E-01,8.000000E-01,2.000000E-01,7.485120E-01,2.000000E-01,4.405059E-01
0.00000,0.00000,2.000000E-01,8.000000E-01,2.000000E-01,8.000000E-01,2.000000E-01,5.127485E-01
0.10000,0.00000,2.000000E-01,8.000000E-01,2.000000E-01,8.000000E-01,2.000000E-01,4.876381E-01
