# source_model_tree_path=('SM2', 'a3b1'),gsim_tree_path=('CB2008', 'C2003'),investigation_time=50.0
lon,lat,0.01~PGA,0.01~SA(0.1),0.1~PGA,0.1~SA(0.1),0.2~PGA,0.2~SA(0.1)
-0.10000,0.00000,2.000000E-01,8.000000E-01,1.635468E-01,3.519978E-01,8.663869E-02,1.933965E-01
0.00000,0.00000,2.000000E-01,8.000000E-01,1.852466E-01,4.021723E-01,1.096509E-01,2.379365E-01
0.10000,0.00000,2.000000E-01,8.000000E-01,1.800638E-01,3.885860E-01,1.040149E-01,2.236252E-01
