# source_model_tree_path=('SM1',),gsim_tree_path=('BA2008', 'T2002'),investigation_time=50.0
lon,lat,0.01~PGA,0.01~SA(0.1),0.1~PGA,0.1~SA(0.1),0.2~PGA,0.2~SA(0.1)
-0.10000,0.00000,2.000000E-01,8.000000E-01,2.000000E-01,8.000000E-01,2.000000E-01,6.835696E-01
0.00000,0.00000,2.000000E-01,8.000000E-01,2.000000E-01,6.670023E-01,2.000000E-01,4.285911E-01
0.10000,0.00000,2.000000E-01,8.000000E-01,2.000000E-01,8.000000E-01,2.000000E-01,6.735378E-01
