# source_model_tree_path=('SM2', 'a3b1'),gsim_tree_path=('BA2008', 'C2003'),investigation_time=50.0
lon,lat,0.01~PGA:float32,0.01~SA(0.1):float32,0.1~PGA:float32,0.1~SA(0.1):float32,0.2~PGA:float32,0.2~SA(0.1):float32
-0.10000,0.00000,2.000000E-01,8.000000E-01,1.139933E-01,2.589659E-01,6.127764E-02,1.416220E-01
0.00000,0.00000,2.000000E-01,8.000000E-01,1.246365E-01,2.887137E-01,7.052127E-02,1.676880E-01
0.10000,0.00000,2.000000E-01,7.608443E-01,1.193378E-01,2.752787E-01,6.708907E-02,1.594455E-01
