# source_model_tree_path=('SM1',),gsim_tree_path=('CB2008', 'C2003'),investigation_time=50.0
lon,lat,PGA-0.0001,PGA-0.001,PGA-0.01,PGA-0.05,PGA-0.1,PGA-0.15,PGA-0.2,SA(0.1)-0.0001,SA(0.1)-0.001,SA(0.1)-0.01,SA(0.1)-0.05,SA(0.1)-0.1,SA(0.1)-0.15,SA(0.1)-0.2,SA(0.1)-0.3,SA(0.1)-0.5,SA(0.1)-0.8
-0.10000,0.00000,6.203013E-01,6.203013E-01,6.203013E-01,6.086212E-01,5.481068E-01,4.672571E-01,3.847779E-01,6.203013E-01,6.203013E-01,6.203013E-01,6.178579E-01,5.959458E-01,5.573254E-01,5.118597E-01,4.185540E-01,2.615487E-01,1.212880E-01
0.00000,0.00000,6.203013E-01,6.203013E-01,6.203013E-01,6.099165E-01,5.425090E-01,4.580375E-01,3.820720E-01,6.203013E-01,6.203013E-01,6.203013E-01,6.198008E-01,6.081762E-01,5.789462E-01,5.376862E-01,4.417917E-01,2.708400E-01,1.215943E-01
0.10000,0.00000,6.203013E-01,6.203013E-01,6.202699E-01,5.445330E-01,4.389000E-01,4.013393E-01,3.885615E-01,6.203013E-01,6.203013E-01,6.203013E-01,6.074703E-01,5.514638E-01,4.951778E-01,4.547097E-01,4.097571E-01,3.682709E-01,3.110420E-01
