# source_model_tree_path=('SM1',),gsim_tree_path=('CB2008', 'T2002'),investigation_time=50.0
lon,lat,PGA-0.0001,PGA-0.001,PGA-0.01,PGA-0.05,PGA-0.1,PGA-0.15,PGA-0.2,SA(0.1)-0.0001,SA(0.1)-0.001,SA(0.1)-0.01,SA(0.1)-0.05,SA(0.1)-0.1,SA(0.1)-0.15,SA(0.1)-0.2,SA(0.1)-0.3,SA(0.1)-0.5,SA(0.1)-0.8
-0.10000,0.00000,6.203013E-01,6.203013E-01,6.202980E-01,5.815475E-01,4.974338E-01,4.207585E-01,3.497141E-01,6.203013E-01,6.203013E-01,6.203013E-01,6.133232E-01,5.791224E-01,5.342542E-01,4.885139E-01,4.018936E-01,2.574539E-01,1.226590E-01
0.00000,0.00000,6.203013E-01,6.203013E-01,6.203013E-01,6.002368E-01,4.949596E-01,3.695321E-01,2.677174E-01,6.203013E-01,6.203013E-01,6.203013E-01,6.186550E-01,5.980408E-01,5.550023E-01,4.995272E-01,3.831095E-01,2.091170E-01,8.789732E-02
0.10000,0.00000,6.203013E-01,6.203013E-01,6.202699E-01,5.416937E-01,4.160002E-01,3.464874E-01,3.000034E-01,6.203013E-01,6.203013E-01,6.203013E-01,6.074044E-01,5.483584E-01,4.839653E-01,4.310128E-01,3.554859E-01,2.613518E-01,1.733949E-01
