# source_model_tree_path=('SM1',),gsim_tree_path=('BA2008', 'C2003'),investigation_time=50.0
lon,lat,PGA-0.0001,PGA-0.001,PGA-0.01,PGA-0.05,PGA-0.1,PGA-0.15,PGA-0.2,SA(0.1)-0.0001,SA(0.1)-0.001,SA(0.1)-0.01,SA(0.1)-0.05,SA(0.1)-0.1,SA(0.1)-0.15,SA(0.1)-0.2,SA(0.1)-0.3,SA(0.1)-0.5,SA(0.1)-0.8
-0.10000,0.00000,6.203013E-01,6.203013E-01,6.203013E-01,6.085313E-01,5.457258E-01,4.612182E-01,3.762153E-01,6.203013E-01,6.203013E-01,6.203013E-01,6.178579E-01,5.963566E-01,5.596974E-01,5.182392E-01,4.369097E-01,3.002479E-01,1.628001E-01
0.00000,0.00000,6.203013E-01,6.203013E-01,6.203013E-01,5.731951E-01,4.708255E-01,3.982300E-01,3.418628E-01,6.203013E-01,6.203013E-01,6.203013E-01,6.158078E-01,5.817611E-01,5.298121E-01,4.753372E-01,3.766578E-01,2.303905E-01,1.070955E-01
0.10000,0.00000,6.203013E-01,6.203013E-01,6.193643E-01,5.047668E-01,4.180744E-01,3.944324E-01,3.863933E-01,6.203013E-01,6.203013E-01,6.203013E-01,5.939060E-01,5.181994E-01,4.611398E-01,4.275976E-01,3.959241E-01,3.649092E-01,3.106061E-01
