# std, investigation_time=50.0, imt="SA(0.1)", checksum=905885649
lon,lat,depth,poe-0.0001,poe-0.001,poe-0.01,poe-0.05,poe-0.1,poe-0.15,poe-0.2,poe-0.3,poe-0.5,poe-0.8
-0.10000,0.00000,0.00000,2.205482E-01,2.205482E-01,2.205505E-01,2.292213E-01,2.531570E-01,2.705457E-01,2.759523E-01,2.586845E-01,1.837298E-01,9.045713E-02
0.00000,0.00000,0.00000,2.205482E-01,2.205482E-01,2.205482E-01,2.243353E-01,2.427735E-01,2.634681E-01,2.772196E-01,2.762548E-01,2.079804E-01,1.001879E-01
0.10000,0.00000,0.00000,2.205482E-01,2.205482E-01,2.205482E-01,2.273502E-01,2.515987E-01,2.729183E-01,2.830223E-01,2.709884E-01,1.968936E-01,1.194642E-01
