# max, investigation_time=50.0,imt=SA(0.1)
lon,lat,depth,SA(0.1)-0.0001:float32,SA(0.1)-0.001:float32,SA(0.1)-0.01:float32,SA(0.1)-0.05:float32,SA(0.1)-0.1:float32,SA(0.1)-0.15:float32,SA(0.1)-0.2:float32,SA(0.1)-0.3:float32,SA(0.1)-0.5:float32,SA(0.1)-0.8:float32
-0.10000,0.00000,0.00000,9.994035E-01,9.994035E-01,9.994035E-01,9.990621E-01,9.964213E-01,9.879026E-01,9.691126E-01,8.923607E-01,6.387022E-01,3.099271E-01
0.00000,0.00000,0.00000,9.994035E-01,9.994035E-01,9.994035E-01,9.993192E-01,9.984477E-01,9.953260E-01,9.870205E-01,9.401990E-01,7.129734E-01,3.487245E-01
0.10000,0.00000,0.00000,9.994035E-01,9.994035E-01,9.994035E-01,9.992415E-01,9.978970E-01,9.934271E-01,9.824998E-01,9.281310E-01,6.947610E-01,3.386373E-01
