# mean, investigation_time=50.0,imt=SA(0.1)
lon,lat,depth,poe-0.0001,poe-0.001,poe-0.01,poe-0.05,poe-0.1,poe-0.15,poe-0.2,poe-0.3,poe-0.5,poe-0.8
-0.10000,0.00000,0.00000,6.559523E-01,6.559523E-01,6.559503E-01,6.466785E-01,6.130496E-01,5.721585E-01,5.293986E-01,4.426240E-01,2.882122E-01,1.403875E-01
0.00000,0.00000,0.00000,6.559523E-01,6.559523E-01,6.559523E-01,6.514710E-01,6.238566E-01,5.822443E-01,5.357451E-01,4.396848E-01,2.703827E-01,1.190089E-01
0.10000,0.00000,0.00000,6.559523E-01,6.559523E-01,6.559523E-01,6.418385E-01,5.922443E-01,5.434248E-01,5.024345E-01,4.319591E-01,3.095380E-01,1.857802E-01
