# mean, investigation_time=50.0,imt=PGA
lon,lat,depth,poe-0.0001,poe-0.001,poe-0.01,poe-0.05,poe-0.1,poe-0.15,poe-0.2
-0.10000,0.00000,0.00000,6.559523E-01,6.559523E-01,6.556640E-01,6.135122E-01,5.289103E-01,4.375274E-01,3.509940E-01
0.00000,0.00000,0.00000,6.559523E-01,6.559523E-01,6.559035E-01,6.195626E-01,5.241547E-01,4.241852E-01,3.330837E-01
0.10000,0.00000,0.00000,6.559523E-01,6.559523E-01,6.555929E-01,5.843827E-01,4.870605E-01,4.118479E-01,3.455111E-01
