# source_model_tree_path=('SM2', 'a3b1'),gsim_tree_path=('CB2008', 'C2003'),investigation_time=50.0
lon,lat,0.01~PGA,0.01~SA(0.1),0.1~PGA,0.1~SA(0.1),0.2~PGA,0.2~SA(0.1)
-0.10000,0.00000,2.000000E-01,8.000000E-01,1.635465E-01,3.519981E-01,8.663874E-02,1.933960E-01
0.00000,0.00000,2.000000E-01,8.000000E-01,1.852466E-01,4.021721E-01,1.096508E-01,2.379366E-01
0.10000,0.00000,2.000000E-01,8.000000E-01,1.800642E-01,3.885851E-01,1.040148E-01,2.236251E-01
