# source_model_tree_path=('SM2', 'a3b1'),gsim_tree_path=('BA2008', 'C2003'),investigation_time=50.0
lon,lat,PGA-0.0001,PGA-0.001,PGA-0.01,PGA-0.05,PGA-0.1,PGA-0.15,PGA-0.2,SA(0.1)-0.0001,SA(0.1)-0.001,SA(0.1)-0.01,SA(0.1)-0.05,SA(0.1)-0.1,SA(0.1)-0.15,SA(0.1)-0.2,SA(0.1)-0.3,SA(0.1)-0.5,SA(0.1)-0.8
-0.10000,0.00000,3.838030E-01,3.838030E-01,3.819509E-01,2.463275E-01,1.211025E-01,6.694549E-02,4.090702E-02,3.838030E-01,3.838030E-01,3.837892E-01,3.497490E-01,2.629145E-01,1.911664E-01,1.409161E-01,8.226252E-02,3.526251E-02,1.330074E-02
0.00000,0.00000,3.838030E-01,3.838030E-01,3.834279E-01,2.802352E-01,1.419882E-01,7.446330E-02,4.182647E-02,3.838030E-01,3.838030E-01,3.838030E-01,3.665883E-01,2.969173E-01,2.242102E-01,1.669481E-01,9.478735E-02,3.568883E-02,1.092053E-02
0.10000,0.00000,3.838030E-01,3.838030E-01,3.829713E-01,2.688601E-01,1.338367E-01,6.859182E-02,3.724762E-02,3.838030E-01,3.838030E-01,3.838029E-01,3.608250E-01,2.854326E-01,2.131840E-01,1.578137E-01,8.844234E-02,3.165651E-02,8.713178E-03
