# source_model_tree_path=('SM2', 'a3b1'),gsim_tree_path=('CB2008', 'C2003'),investigation_time=50.0
lon,lat,PGA-0.0001,PGA-0.001,PGA-0.01,PGA-0.05,PGA-0.1,PGA-0.15,PGA-0.2,SA(0.1)-0.0001,SA(0.1)-0.001,SA(0.1)-0.01,SA(0.1)-0.05,SA(0.1)-0.1,SA(0.1)-0.15,SA(0.1)-0.2,SA(0.1)-0.3,SA(0.1)-0.5,SA(0.1)-0.8
-0.10000,0.00000,3.838030E-01,3.838030E-01,3.833851E-01,2.964787E-01,1.804784E-01,1.135453E-01,7.440607E-02,3.838030E-01,3.838030E-01,3.838013E-01,3.635285E-01,3.020912E-01,2.429205E-01,1.949279E-01,1.275230E-01,5.863393E-02,2.101617E-02
0.00000,0.00000,3.838030E-01,3.838030E-01,3.837931E-01,3.374092E-01,2.223840E-01,1.394240E-01,8.863269E-02,3.838030E-01,3.838030E-01,3.838030E-01,3.778221E-01,3.405092E-01,2.886648E-01,2.382437E-01,1.583512E-01,7.107396E-02,2.407909E-02
0.10000,0.00000,3.838030E-01,3.838030E-01,3.837084E-01,3.227012E-01,2.090606E-01,1.324550E-01,8.508120E-02,3.838030E-01,3.838030E-01,3.838030E-01,3.730190E-01,3.267668E-01,2.726309E-01,2.236889E-01,1.489709E-01,6.781691E-02,2.325271E-02
