# source_model_tree_path=('SM1',),gsim_tree_path=('BA2008', 'T2002'),investigation_time=50.0
lon,lat,PGA-0.0001,PGA-0.001,PGA-0.01,PGA-0.05,PGA-0.1,PGA-0.15,PGA-0.2,SA(0.1)-0.0001,SA(0.1)-0.001,SA(0.1)-0.01,SA(0.1)-0.05,SA(0.1)-0.1,SA(0.1)-0.15,SA(0.1)-0.2,SA(0.1)-0.3,SA(0.1)-0.5,SA(0.1)-0.8
-0.10000,0.00000,6.203013E-01,6.203013E-01,6.202980E-01,5.814513E-01,4.947858E-01,4.141925E-01,3.406636E-01,6.203013E-01,6.203013E-01,6.203013E-01,6.133232E-01,5.795504E-01,5.367500E-01,4.951985E-01,4.207752E-01,2.963676E-01,1.641064E-01
0.00000,0.00000,6.203013E-01,6.203013E-01,6.203013E-01,5.626042E-01,4.158258E-01,2.999578E-01,2.200670E-01,6.203013E-01,6.203013E-01,6.203013E-01,6.146500E-01,5.709423E-01,5.030740E-01,4.320319E-01,3.111283E-01,1.652435E-01,7.284234E-02
0.10000,0.00000,6.203013E-01,6.203013E-01,6.193643E-01,5.016795E-01,3.943247E-01,3.389475E-01,2.975213E-01,6.203013E-01,6.203013E-01,6.203013E-01,5.938377E-01,5.148638E-01,4.491713E-01,4.027224E-01,3.403809E-01,2.574212E-01,1.728718E-01
