# source_model_tree_path=('SM2', 'a3b1'),gsim_tree_path=('CB2008', 'C2003'),investigation_time=50.0
lon,lat,0.01~PGA,0.01~SA(0.1),0.1~PGA,0.1~SA(0.1),0.2~PGA,0.2~SA(0.1)
-0.10000,0.00000,2.000000E-01,8.000000E-01,1.635466E-01,3.519980E-01,8.663865E-02,1.933965E-01
0.00000,0.00000,2.000000E-01,8.000000E-01,1.852467E-01,4.021720E-01,1.096510E-01,2.379363E-01
0.10000,0.00000,2.000000E-01,8.000000E-01,1.800640E-01,3.885854E-01,1.040149E-01,2.236248E-01
