# std, investigation_time=50.0, imt="PGA", checksum=905885649
lon,lat,depth,poe-0.0001,poe-0.001,poe-0.01,poe-0.05,poe-0.1,poe-0.15,poe-0.2
-0.10000,0.00000,0.00000,2.205482E-01,2.205482E-01,2.208931E-01,2.561314E-01,2.743523E-01,2.476912E-01,2.067907E-01
0.00000,0.00000,0.00000,2.205482E-01,2.205482E-01,2.206066E-01,2.461485E-01,2.787117E-01,2.655091E-01,2.272332E-01
0.10000,0.00000,0.00000,2.205482E-01,2.205482E-01,2.207282E-01,2.555690E-01,2.830843E-01,2.588481E-01,2.173359E-01
