# std, investigation_time=50.0, checksum=905885649
lon,lat,0.01-PGA,0.01-SA(0.1),0.1-PGA,0.1-SA(0.1),0.2-PGA,0.2-SA(0.1)
-0.10000,0.00000,0.000000E+00,0.000000E+00,2.926484E-02,2.153920E-01,5.494477E-02,2.389092E-01
0.00000,0.00000,0.000000E+00,0.000000E+00,2.470372E-02,1.904252E-01,4.858905E-02,2.097532E-01
0.10000,0.00000,0.000000E+00,1.294950E-02,2.654910E-02,2.046493E-01,5.040993E-02,2.442651E-01
