# mean, investigation_time=50.0, checksum=905885649
lon,lat,0.01-PGA,0.01-SA(0.1),0.1-PGA,0.1-SA(0.1),0.2-PGA,0.2-SA(0.1)
-0.10000,0.00000,2.000000E-01,8.000000E-01,1.846925E-01,6.763705E-01,1.684895E-01,5.597024E-01
0.00000,0.00000,2.000000E-01,8.000000E-01,1.887354E-01,6.629797E-01,1.725215E-01,5.058435E-01
0.10000,0.00000,2.000000E-01,7.951056E-01,1.874252E-01,6.829830E-01,1.713880E-01,6.045164E-01
