# source_model_tree_path=('SM2', 'a3pt2b0pt8'),gsim_tree_path=('CB2008', 'C2003'),investigation_time=50.0
lon,lat,PGA-0.0001,PGA-0.001,PGA-0.01,PGA-0.05,PGA-0.1,PGA-0.15,PGA-0.2,SA(0.1)-0.0001,SA(0.1)-0.001,SA(0.1)-0.01,SA(0.1)-0.05,SA(0.1)-0.1,SA(0.1)-0.15,SA(0.1)-0.2,SA(0.1)-0.3,SA(0.1)-0.5,SA(0.1)-0.8
-0.10000,0.00000,9.994035E-01,9.994035E-01,9.993981E-01,9.960110E-01,9.597135E-01,8.623894E-01,7.258649E-01,9.994035E-01,9.994035E-01,9.994035E-01,9.990621E-01,9.964213E-01,9.879026E-01,9.691126E-01,8.923607E-01,6.387022E-01,3.099271E-01
0.00000,0.00000,9.994035E-01,9.994035E-01,9.994034E-01,9.983496E-01,9.824963E-01,9.161897E-01,7.908405E-01,9.994035E-01,9.994035E-01,9.994035E-01,9.993192E-01,9.984477E-01,9.953260E-01,9.870205E-01,9.401990E-01,7.129734E-01,3.487245E-01
0.10000,0.00000,9.994035E-01,9.994035E-01,9.994023E-01,9.977210E-01,9.769866E-01,9.037421E-01,7.759539E-01,9.994035E-01,9.994035E-01,9.994035E-01,9.992415E-01,9.978970E-01,9.934271E-01,9.824998E-01,9.281310E-01,6.947610E-01,3.386373E-01
