# source_model_tree_path=('SM2', 'a3pt2b0pt8'),gsim_tree_path=('BA2008', 'C2003'),investigation_time=50.0
lon,lat,PGA-0.0001,PGA-0.001,PGA-0.01,PGA-0.05,PGA-0.1,PGA-0.15,PGA-0.2,SA(0.1)-0.0001,SA(0.1)-0.001,SA(0.1)-0.01,SA(0.1)-0.05,SA(0.1)-0.1,SA(0.1)-0.15,SA(0.1)-0.2,SA(0.1)-0.3,SA(0.1)-0.5,SA(0.1)-0.8
-0.10000,0.00000,9.994035E-01,9.994035E-01,9.993788E-01,9.891289E-01,8.839363E-01,6.939128E-01,5.154030E-01,9.994035E-01,9.994035E-01,9.994034E-01,9.987262E-01,9.919949E-01,9.672509E-01,9.164212E-01,7.607136E-01,4.574809E-01,2.080022E-01
0.00000,0.00000,9.994035E-01,9.994035E-01,9.993986E-01,9.945542E-01,9.222493E-01,7.376476E-01,5.316504E-01,9.994035E-01,9.994035E-01,9.994035E-01,9.991245E-01,9.960583E-01,9.829183E-01,9.491660E-01,8.114537E-01,4.677347E-01,1.789176E-01
0.10000,0.00000,9.994035E-01,9.994035E-01,9.993926E-01,9.931061E-01,9.093012E-01,7.087878E-01,4.933265E-01,9.994035E-01,9.994035E-01,9.994035E-01,9.990037E-01,9.949727E-01,9.787027E-01,9.394311E-01,7.885805E-01,4.301167E-01,1.477239E-01
