taxonomy,consequence,peril,ds1,ds2,ds3,ds4
tax1,losses,groundshaking,5.000000E-02,2.500000E-01,5.000000E-01,7.500000E-01
tax2,losses,groundshaking,5.000000E-02,2.500000E-01,5.000000E-01,7.500000E-01
tax3,losses,groundshaking,5.000000E-02,2.500000E-01,5.000000E-01,7.500000E-01
