taxonomy,consequence,peril,ds1,ds2,ds3,ds4
tax1,losses,earthquake,5.000000E-02,2.500000E-01,5.000000E-01,7.500000E-01
tax2,losses,earthquake,5.000000E-02,2.500000E-01,5.000000E-01,7.500000E-01
tax3,losses,earthquake,5.000000E-02,2.500000E-01,5.000000E-01,7.500000E-01
tax1,losses,landslide,4.000000E-02,1.600000E-01,3.200000E-01,6.400000E-01
tax2,losses,landslide,4.000000E-02,1.600000E-01,3.200000E-01,6.400000E-01
tax3,losses,landslide,4.000000E-02,1.600000E-01,3.200000E-01,6.400000E-01
tax1,losses,liquefaction,1.000000E-01,3.000000E-01,6.000000E-01,9.000000E-01
tax2,losses,liquefaction,1.000000E-01,3.000000E-01,6.000000E-01,9.000000E-01
tax3,losses,liquefaction,1.000000E-01,3.000000E-01,6.000000E-01,9.000000E-01
