# mean, investigation_time=50.0, imt="PGV", checksum=3403305238
lon,lat,depth,poe-20.0,poe-30.0,poe-40.0,poe-60.0,poe-80.0,poe-100.0
135.67999,35.68000,0.00000,9.088163E-01,4.033761E-01,1.270545E-01,1.339755E-02,1.819563E-03,3.056088E-04
