#,,,,,,,,,,,,,,,,,,,,,"imt='PGA', investigation_time=50, kind='mean'"
lon,lat,depth,poe-0.01,poe-0.012,poe-0.015,poe-0.018,poe-0.022,poe-0.027,poe-0.034,poe-0.042,poe-0.051,poe-0.063,poe-0.078,poe-0.096,poe-0.118,poe-0.145,poe-0.178,poe-0.219,poe-0.269,poe-0.331,poe-0.406,poe-0.5
80.2364,12.9252,0,0.646755815,0.638245702,0.626456857,0.609545171,0.587736845,0.547027469,0.489358634,0.430052102,0.360602319,0.283085674,0.210632518,0.156520873,0.096170127,0.064353339,0.041586846,0.020678066,0.012122144,0.007469338,0.006177059,0.00069965
80.2373,13.0149,0,0.682211399,0.676075161,0.666154861,0.653111815,0.630825341,0.601074815,0.552864552,0.48817414,0.428461224,0.350935459,0.271478653,0.206875637,0.147203729,0.097344801,0.062329382,0.032420695,0.017324504,0.007657805,0.004187425,0.00069965
80.2263,12.9795,0,0.683180988,0.675953209,0.664524436,0.647507191,0.622675121,0.581693947,0.533389866,0.47077781,0.393253058,0.313827544,0.242393225,0.172988117,0.113404371,0.067019314,0.041464835,0.023022331,0.012716768,0.01004823,0.003992011,0.002596204
