# mean, investigation_time=1.0,imt=SA(0.2)
lon,lat,depth,SA(0.2)-0.00101972:float32,SA(0.2)-0.0101972:float32,SA(0.2)-0.017845:float32,SA(0.2)-0.0305915:float32,SA(0.2)-0.061183:float32,SA(0.2)-0.101972:float32,SA(0.2)-0.17845:float32,SA(0.2)-0.305915:float32,SA(0.2)-0.61183:float32,SA(0.2)-1.01972:float32,SA(0.2)-1.7845:float32,SA(0.2)-2.39633:float32
-123.23738,49.27479,0.00000,4.628424E-02,2.470054E-02,1.791084E-02,1.207252E-02,6.149563E-03,3.188728E-03,1.302558E-03,4.588510E-04,9.269079E-05,2.368102E-05,4.095078E-06,1.348959E-06
-123.23282,49.26162,0.00000,4.623301E-02,2.459148E-02,1.783505E-02,1.203205E-02,6.122750E-03,3.168364E-03,1.292389E-03,4.547640E-04,9.107345E-05,2.272644E-05,3.749657E-06,1.199933E-06
-123.20480,49.26786,0.00000,4.618176E-02,2.446725E-02,1.774785E-02,1.197072E-02,6.120690E-03,3.192004E-03,1.312676E-03,4.657727E-04,9.597689E-05,2.539093E-05,4.678330E-06,1.609333E-06
