# mean, investigation_time=1.0,imt=PGA
lon,lat,depth,PGA-0.00101972:float32,PGA-0.0101972:float32,PGA-0.017845:float32,PGA-0.0305915:float32,PGA-0.061183:float32,PGA-0.101972:float32,PGA-0.17845:float32,PGA-0.305915:float32,PGA-0.61183:float32,PGA-1.01972:float32,PGA-1.7845:float32,PGA-2.39633:float32
-123.23738,49.27479,0.00000,3.829234E-02,1.396115E-02,9.007336E-03,5.198105E-03,2.020343E-03,8.366972E-04,2.636991E-04,7.137172E-05,9.477981E-06,1.431552E-06,8.459769E-08,8.928177E-09
-123.23282,49.26162,0.00000,3.816352E-02,1.391163E-02,8.982928E-03,5.173701E-03,2.003830E-03,8.287398E-04,2.607150E-04,7.005354E-05,9.007295E-06,1.302543E-06,7.214037E-08,7.232385E-09
-123.20480,49.26786,0.00000,3.802181E-02,1.384160E-02,8.942471E-03,5.184223E-03,2.033668E-03,8.472121E-04,2.690740E-04,7.400142E-05,1.032417E-05,1.661581E-06,1.096785E-07,1.316389E-08
