# mean, investigation_time=1.0
lon,lat,PGA-0.002103,SA(0.2)-0.002103,SA(1.0)-0.002103
-123.23738,49.27479,5.940980E-02,1.322750E-01,4.463389E-02
-123.23282,49.26162,5.906098E-02,1.316926E-01,4.444853E-02
-123.20480,49.26786,5.968244E-02,1.326210E-01,4.457539E-02
