# mean, investigation_time=1.0, imt="SA(0.2)", checksum=3311484852
lon,lat,depth,poe-0.00101972,poe-0.0101972,poe-0.017845,poe-0.0305915,poe-0.061183,poe-0.101972,poe-0.17845,poe-0.305915,poe-0.61183,poe-1.01972,poe-1.7845,poe-2.39633
-123.23738,49.27479,0.00000,4.620926E-02,2.473247E-02,1.795434E-02,1.211473E-02,6.182133E-03,3.212915E-03,1.316591E-03,4.653524E-04,9.434330E-05,2.415357E-05,4.199642E-06,1.392685E-06
-123.23282,49.26162,0.00000,4.615742E-02,2.462394E-02,1.787887E-02,1.207391E-02,6.155220E-03,3.192523E-03,1.306353E-03,4.612187E-04,9.271986E-05,2.319924E-05,3.851779E-06,1.241034E-06
-123.20480,49.26786,0.00000,4.610551E-02,2.450040E-02,1.779148E-02,1.201289E-02,6.152872E-03,3.215735E-03,1.326543E-03,4.722536E-04,9.763402E-05,2.586733E-05,4.788022E-06,1.656935E-06
