# mean, investigation_time=1.0
lon,lat,PGA-0.0021,SA(0.2)-0.0021,SA(1.0)-0.0021
-123.23738,49.27479,5.947204E-02,1.323931E-01,4.467987E-02
-123.23282,49.26162,5.912263E-02,1.318099E-01,4.449429E-02
-123.20480,49.26786,5.974558E-02,1.327403E-01,4.462140E-02
