# mean, investigation_time=1.0,imt=SA(1.0)
lon,lat,depth,SA(1.0)-0.00101972:float32,SA(1.0)-0.0101972:float32,SA(1.0)-0.017845:float32,SA(1.0)-0.0305915:float32,SA(1.0)-0.061183:float32,SA(1.0)-0.101972:float32,SA(1.0)-0.17845:float32,SA(1.0)-0.305915:float32,SA(1.0)-0.61183:float32,SA(1.0)-1.01972:float32,SA(1.0)-1.7845:float32,SA(1.0)-2.39633:float32
-123.23738,49.27479,0.00000,3.764009E-02,1.089056E-02,6.501717E-03,3.550799E-03,1.358081E-03,5.749490E-04,1.913722E-04,5.670859E-05,9.162430E-06,1.783627E-06,1.773671E-07,3.381581E-08
-123.23282,49.26162,0.00000,3.756789E-02,1.085395E-02,6.472134E-03,3.531563E-03,1.349877E-03,5.711941E-04,1.897463E-04,5.577082E-05,8.742760E-06,1.640101E-06,1.544493E-07,2.832740E-08
-123.20480,49.26786,0.00000,3.748605E-02,1.084050E-02,6.478105E-03,3.540707E-03,1.356786E-03,5.766068E-04,1.937507E-04,5.850532E-05,9.880179E-06,2.014668E-06,2.131973E-07,4.386294E-08
