# mean, investigation_time=1.0, checksum=2974360533
lon,lat,0.002105-PGA,0.002105-SA(0.2),0.002105-SA(1.0)
-123.23738,49.27479,5.936839E-02,1.321965E-01,4.460330E-02
-123.23282,49.26162,5.901997E-02,1.316144E-01,4.441809E-02
-123.20480,49.26786,5.964043E-02,1.325416E-01,4.454478E-02
