# mean, investigation_time=1.0, imt="SA(1.0)", checksum=3311484852
lon,lat,depth,poe-0.00101972,poe-0.0101972,poe-0.017845,poe-0.0305915,poe-0.061183,poe-0.101972,poe-0.17845,poe-0.305915,poe-0.61183,poe-1.01972,poe-1.7845,poe-2.39633
-123.23738,49.27479,0.00000,3.759039E-02,1.097120E-02,6.577274E-03,3.612613E-03,1.394027E-03,5.936736E-04,1.985059E-04,5.895278E-05,9.569954E-06,1.887509E-06,1.944003E-07,3.941152E-08
-123.23282,49.26162,0.00000,3.751954E-02,1.093491E-02,6.547971E-03,3.593457E-03,1.385730E-03,5.898344E-04,1.968388E-04,5.800747E-05,9.148613E-06,1.740772E-06,1.701526E-07,3.322348E-08
-123.20480,49.26786,0.00000,3.743932E-02,1.092158E-02,6.553845E-03,3.602623E-03,1.392634E-03,5.952017E-04,2.008218E-04,6.073456E-05,1.029367E-05,2.124303E-06,2.328614E-07,5.017772E-08
