# mean, investigation_time=1.0
lon,lat,PGA-0.00101972,PGA-0.0101972,PGA-0.017845,PGA-0.0305915,PGA-0.061183,PGA-0.101972,PGA-0.17845,PGA-0.305915,PGA-0.61183,PGA-1.01972,PGA-1.7845,PGA-2.39633,SA(0.2)-0.00101972,SA(0.2)-0.0101972,SA(0.2)-0.017845,SA(0.2)-0.0305915,SA(0.2)-0.061183,SA(0.2)-0.101972,SA(0.2)-0.17845,SA(0.2)-0.305915,SA(0.2)-0.61183,SA(0.2)-1.01972,SA(0.2)-1.7845,SA(0.2)-2.39633,SA(1.0)-0.00101972,SA(1.0)-0.0101972,SA(1.0)-0.017845,SA(1.0)-0.0305915,SA(1.0)-0.061183,SA(1.0)-0.101972,SA(1.0)-0.17845,SA(1.0)-0.305915,SA(1.0)-0.61183,SA(1.0)-1.01972,SA(1.0)-1.7845,SA(1.0)-2.39633
-123.23738,49.27479,3.829234E-02,1.396115E-02,9.007336E-03,5.198105E-03,2.020343E-03,8.366972E-04,2.636991E-04,7.137172E-05,9.477981E-06,1.431552E-06,8.459769E-08,8.928177E-09,4.628424E-02,2.470054E-02,1.791084E-02,1.207252E-02,6.149563E-03,3.188728E-03,1.302558E-03,4.588510E-04,9.269079E-05,2.368102E-05,4.095078E-06,1.348959E-06,3.764009E-02,1.089056E-02,6.501717E-03,3.550799E-03,1.358081E-03,5.749490E-04,1.913722E-04,5.670859E-05,9.162430E-06,1.783627E-06,1.773671E-07,3.381581E-08
-123.23282,49.26162,3.816352E-02,1.391163E-02,8.982928E-03,5.173701E-03,2.003830E-03,8.287398E-04,2.607150E-04,7.005354E-05,9.007295E-06,1.302543E-06,7.214037E-08,7.232385E-09,4.623301E-02,2.459148E-02,1.783505E-02,1.203205E-02,6.122750E-03,3.168364E-03,1.292389E-03,4.547640E-04,9.107345E-05,2.272644E-05,3.749657E-06,1.199933E-06,3.756789E-02,1.085395E-02,6.472134E-03,3.531563E-03,1.349877E-03,5.711941E-04,1.897463E-04,5.577082E-05,8.742760E-06,1.640101E-06,1.544493E-07,2.832740E-08
-123.20480,49.26786,3.802181E-02,1.384160E-02,8.942471E-03,5.184223E-03,2.033668E-03,8.472121E-04,2.690740E-04,7.400142E-05,1.032417E-05,1.661581E-06,1.096785E-07,1.316389E-08,4.618176E-02,2.446725E-02,1.774785E-02,1.197072E-02,6.120690E-03,3.192004E-03,1.312676E-03,4.657727E-04,9.597689E-05,2.539093E-05,4.678330E-06,1.609333E-06,3.748605E-02,1.084050E-02,6.478105E-03,3.540707E-03,1.356786E-03,5.766068E-04,1.937507E-04,5.850532E-05,9.880179E-06,2.014668E-06,2.131973E-07,4.386294E-08
