# mean, investigation_time=1.0, checksum=3311484852
lon,lat,PGA-0.002105,SA(0.2)-0.002105,SA(1.0)-0.002105
-123.23738,49.27479,5.936839E-02,1.329468E-01,4.532602E-02
-123.23282,49.26162,5.901997E-02,1.323611E-01,4.513890E-02
-123.20480,49.26786,5.964043E-02,1.332858E-01,4.526770E-02
