ordinal,branch_path,weight
0,b1~b11,1.6000000e-01
1,b1~b12,6.8000001e-01
2,b1~b13,1.6000000e-01
