rlz_id,branch_path,weight
0,b1b11,1.6000000e-01
1,b11,6.8000001e-01
2,b12,1.6000000e-01
