rlz_id,branch_path,weight
0,0~0,1.6000000e-01
1,0~1,6.8000001e-01
2,0~2,1.6000000e-01
