# source_model_tree_path=('b1',), gsim_tree_path=('b12',), investigation_time=1.0
lon,lat,0.002103~PGA,0.002103~SA(0.2),0.002103~SA(1.0)
-123.23738,49.27479,5.799221E-02,1.292972E-01,4.336856E-02
-123.23282,49.26162,5.765329E-02,1.287287E-01,4.318639E-02
-123.20480,49.26786,5.827506E-02,1.296673E-01,4.330942E-02
