# source_model_tree_path=('b1',), gsim_tree_path=('b12',), investigation_time=1.0
lon,lat,0.0021~PGA,0.0021~SA(0.2),0.0021~SA(1.0)
-123.23738,49.27479,5.805204E-02,1.294109E-01,4.341246E-02
-123.23282,49.26162,5.771255E-02,1.288418E-01,4.323008E-02
-123.20480,49.26786,5.833581E-02,1.297823E-01,4.335336E-02
