# source_model_tree_path=('b1',), gsim_tree_path=('b12',), investigation_time=1.0, checksum=3805160323
lon,lat,0.002105~PGA,0.002105~SA(0.2),0.002105~SA(1.0)
-123.23738,49.27479,5.795240E-02,1.292215E-01,4.333935E-02
-123.23282,49.26162,5.761386E-02,1.286535E-01,4.315732E-02
-123.20480,49.26786,5.823464E-02,1.295909E-01,4.328018E-02
