# source_model_tree_path=('b1',), gsim_tree_path=('b1',), investigation_time=50.0,imt=SA(2.0)
lon,lat,depth,SA(2.0)-0.005:float32,SA(2.0)-0.007:float32,SA(2.0)-0.0098:float32,SA(2.0)-0.0137:float32,SA(2.0)-0.0192:float32,SA(2.0)-0.0269:float32,SA(2.0)-0.0376:float32,SA(2.0)-0.0527:float32,SA(2.0)-0.0738:float32,SA(2.0)-0.103:float32,SA(2.0)-0.145:float32,SA(2.0)-0.203:float32,SA(2.0)-0.284:float32,SA(2.0)-0.397:float32,SA(2.0)-0.556:float32,SA(2.0)-0.778:float32,SA(2.0)-1.09:float32,SA(2.0)-1.52:float32,SA(2.0)-2.13:float32
0.00000,0.00000,0.00000,9.984597E-01,9.931895E-01,9.741936E-01,9.219305E-01,8.133869E-01,6.475393E-01,4.570768E-01,2.834354E-01,1.559676E-01,7.678980E-02,3.294259E-02,1.249357E-02,4.039057E-03,1.052007E-03,1.805176E-04,6.045813E-06,0.000000E+00,0.000000E+00,0.000000E+00
