# source_model_tree_path=('b1',), gsim_tree_path=('b1',), investigation_time=50.0,imt=PGA
lon,lat,depth,PGA-0.005:float32,PGA-0.007:float32,PGA-0.0098:float32,PGA-0.0137:float32,PGA-0.0192:float32,PGA-0.0269:float32,PGA-0.0376:float32,PGA-0.0527:float32,PGA-0.0738:float32,PGA-0.103:float32,PGA-0.145:float32,PGA-0.203:float32,PGA-0.284:float32,PGA-0.397:float32,PGA-0.556:float32,PGA-0.778:float32,PGA-1.09:float32,PGA-1.52:float32,PGA-2.13:float32
0.00000,0.00000,0.00000,9.999944E-01,9.999932E-01,9.999891E-01,9.999728E-01,9.998907E-01,9.993902E-01,9.963645E-01,9.810649E-01,9.261514E-01,7.948474E-01,5.758474E-01,3.383831E-01,1.568948E-01,5.693356E-02,1.558725E-02,3.056230E-03,3.685663E-04,5.763380E-06,0.000000E+00
