# source_model_tree_path=('b1',), gsim_tree_path=('b1',), investigation_time=50.0,imt=PGV
lon,lat,depth,PGV-2.0:float32,PGV-4.0:float32,PGV-6.0:float32,PGV-8.0:float32,PGV-10.0:float32,PGV-12.0:float32,PGV-14.0:float32,PGV-16.0:float32,PGV-18.0:float32,PGV-20.0:float32,PGV-23.0:float32,PGV-26.0:float32,PGV-29.0:float32,PGV-32.0:float32,PGV-35.0:float32,PGV-38.0:float32,PGV-41.0:float32,PGV-44.0:float32,PGV-47.0:float32,PGV-50.0:float32,PGV-55.0:float32,PGV-60.0:float32,PGV-65.0:float32,PGV-70.0:float32,PGV-75.0:float32,PGV-80.0:float32,PGV-85.0:float32,PGV-90.0:float32,PGV-95.0:float32,PGV-100.0:float32,PGV-110.0:float32,PGV-120.0:float32,PGV-130.0:float32,PGV-140.0:float32,PGV-150.0:float32,PGV-160.0:float32,PGV-170.0:float32,PGV-180.0:float32,PGV-190.0:float32,PGV-200.0:float32,PGV-220.0:float32,PGV-240.0:float32,PGV-260.0:float32,PGV-280.0:float32,PGV-300.0:float32
0.00000,0.00000,0.00000,9.949005E-01,9.123405E-01,7.444869E-01,5.705205E-01,4.272774E-01,3.190649E-01,2.395629E-01,1.817894E-01,1.393932E-01,1.079100E-01,7.489613E-02,5.298188E-02,3.808909E-02,2.776767E-02,2.053783E-02,1.532787E-02,1.156831E-02,8.795191E-03,6.750953E-03,5.201895E-03,3.406756E-03,2.265816E-03,1.529571E-03,1.031702E-03,7.014548E-04,4.721015E-04,3.144273E-04,2.071523E-04,1.328302E-04,8.908941E-05,3.263915E-05,8.092586E-06,0.000000E+00,0.000000E+00,0.000000E+00,0.000000E+00,0.000000E+00,0.000000E+00,0.000000E+00,0.000000E+00,0.000000E+00,0.000000E+00,0.000000E+00,0.000000E+00,0.000000E+00
