# mean, investigation_time=50.0, imt="SA(0.1)", checksum=1839663514
lon,lat,depth,poe-0.0050000,poe-0.0070000,poe-0.0098000,poe-0.0137000,poe-0.0192000,poe-0.0269000,poe-0.0376000,poe-0.0527000,poe-0.0738000,poe-0.1030000,poe-0.1450000,poe-0.2030000,poe-0.2840000,poe-0.3970000,poe-0.5560000,poe-0.7780000,poe-1.0900000,poe-1.5200000,poe-2.1300000
0.00000,0.00000,0.00000,9.999948E-01,9.999947E-01,9.999943E-01,9.999930E-01,9.999888E-01,9.999728E-01,9.998991E-01,9.994781E-01,9.970303E-01,9.852421E-01,9.412711E-01,8.324532E-01,6.452331E-01,4.182239E-01,2.184975E-01,9.059782E-02,2.918320E-02,7.077327E-03,1.064469E-03
