# source_model_tree_path=('b1',), gsim_tree_path=('b1',), investigation_time=50.0,imt=SA(1.0)
lon,lat,depth,SA(1.0)-0.005:float32,SA(1.0)-0.007:float32,SA(1.0)-0.0098:float32,SA(1.0)-0.0137:float32,SA(1.0)-0.0192:float32,SA(1.0)-0.0269:float32,SA(1.0)-0.0376:float32,SA(1.0)-0.0527:float32,SA(1.0)-0.0738:float32,SA(1.0)-0.103:float32,SA(1.0)-0.145:float32,SA(1.0)-0.203:float32,SA(1.0)-0.284:float32,SA(1.0)-0.397:float32,SA(1.0)-0.556:float32,SA(1.0)-0.778:float32,SA(1.0)-1.09:float32,SA(1.0)-1.52:float32,SA(1.0)-2.13:float32
0.00000,0.00000,0.00000,9.999816E-01,9.999449E-01,9.997661E-01,9.988112E-01,9.939591E-01,9.741964E-01,9.156145E-01,7.903501E-01,6.020734E-01,3.975240E-01,2.227177E-01,1.090031E-01,4.626615E-02,1.689338E-02,5.121265E-03,1.218710E-03,1.828028E-04,2.389914E-06,0.000000E+00
