# source_model_tree_path=('b1',), gsim_tree_path=('b1',), investigation_time=50.0,imt=SA(0.025)
lon,lat,depth,SA(0.025)-0.005:float32,SA(0.025)-0.007:float32,SA(0.025)-0.0098:float32,SA(0.025)-0.0137:float32,SA(0.025)-0.0192:float32,SA(0.025)-0.0269:float32,SA(0.025)-0.0376:float32,SA(0.025)-0.0527:float32,SA(0.025)-0.0738:float32,SA(0.025)-0.103:float32,SA(0.025)-0.145:float32,SA(0.025)-0.203:float32,SA(0.025)-0.284:float32,SA(0.025)-0.397:float32,SA(0.025)-0.556:float32,SA(0.025)-0.778:float32,SA(0.025)-1.09:float32,SA(0.025)-1.52:float32,SA(0.025)-2.13:float32
0.00000,0.00000,0.00000,9.999945E-01,9.999935E-01,9.999901E-01,9.999774E-01,9.999166E-01,9.995606E-01,9.974132E-01,9.861666E-01,9.433187E-01,8.330847E-01,6.333562E-01,3.963397E-01,1.973769E-01,7.724355E-02,2.316328E-02,5.032441E-03,7.056785E-04,3.032725E-05,0.000000E+00
