# mean, investigation_time=50.0, imt="SA(0.5)", checksum=1839663514
lon,lat,depth,poe-0.0050000,poe-0.0070000,poe-0.0098000,poe-0.0137000,poe-0.0192000,poe-0.0269000,poe-0.0376000,poe-0.0527000,poe-0.0738000,poe-0.1030000,poe-0.1450000,poe-0.2030000,poe-0.2840000,poe-0.3970000,poe-0.5560000,poe-0.7780000,poe-1.0900000,poe-1.5200000,poe-2.1300000
0.00000,0.00000,0.00000,9.999945E-01,9.999935E-01,9.999903E-01,9.999788E-01,9.999261E-01,9.996252E-01,9.978017E-01,9.879770E-01,9.492695E-01,8.471962E-01,6.602981E-01,4.365545E-01,2.421569E-01,1.136357E-01,4.491347E-02,1.489174E-02,4.001210E-03,8.241394E-04,8.747595E-05
