# mean, investigation_time=50.0, imt="SA(0.05)", checksum=1839663514
lon,lat,depth,poe-0.0050000,poe-0.0070000,poe-0.0098000,poe-0.0137000,poe-0.0192000,poe-0.0269000,poe-0.0376000,poe-0.0527000,poe-0.0738000,poe-0.1030000,poe-0.1450000,poe-0.2030000,poe-0.2840000,poe-0.3970000,poe-0.5560000,poe-0.7780000,poe-1.0900000,poe-1.5200000,poe-2.1300000
0.00000,0.00000,0.00000,9.999946E-01,9.999941E-01,9.999923E-01,9.999859E-01,9.999602E-01,9.998288E-01,9.990621E-01,9.947086E-01,9.751844E-01,9.135079E-01,7.732606E-01,5.618826E-01,3.348731E-01,1.595162E-01,5.935347E-02,1.688339E-02,3.330278E-03,3.975757E-04,4.271099E-06
