# source_model_tree_path=('b1',), gsim_tree_path=('b1',), investigation_time=50.0,imt=SA(0.05)
lon,lat,depth,SA(0.05)-0.005:float32,SA(0.05)-0.007:float32,SA(0.05)-0.0098:float32,SA(0.05)-0.0137:float32,SA(0.05)-0.0192:float32,SA(0.05)-0.0269:float32,SA(0.05)-0.0376:float32,SA(0.05)-0.0527:float32,SA(0.05)-0.0738:float32,SA(0.05)-0.103:float32,SA(0.05)-0.145:float32,SA(0.05)-0.203:float32,SA(0.05)-0.284:float32,SA(0.05)-0.397:float32,SA(0.05)-0.556:float32,SA(0.05)-0.778:float32,SA(0.05)-1.09:float32,SA(0.05)-1.52:float32,SA(0.05)-2.13:float32
0.00000,0.00000,0.00000,9.999946E-01,9.999941E-01,9.999923E-01,9.999859E-01,9.999602E-01,9.998288E-01,9.990621E-01,9.947085E-01,9.751843E-01,9.135076E-01,7.732604E-01,5.618825E-01,3.348731E-01,1.595162E-01,5.935346E-02,1.688338E-02,3.330275E-03,3.975749E-04,4.271099E-06
