# source_model_tree_path=('b1',), gsim_tree_path=('b1',), investigation_time=50.0,imt=SA(0.1)
lon,lat,depth,SA(0.1)-0.005:float32,SA(0.1)-0.007:float32,SA(0.1)-0.0098:float32,SA(0.1)-0.0137:float32,SA(0.1)-0.0192:float32,SA(0.1)-0.0269:float32,SA(0.1)-0.0376:float32,SA(0.1)-0.0527:float32,SA(0.1)-0.0738:float32,SA(0.1)-0.103:float32,SA(0.1)-0.145:float32,SA(0.1)-0.203:float32,SA(0.1)-0.284:float32,SA(0.1)-0.397:float32,SA(0.1)-0.556:float32,SA(0.1)-0.778:float32,SA(0.1)-1.09:float32,SA(0.1)-1.52:float32,SA(0.1)-2.13:float32
0.00000,0.00000,0.00000,9.999948E-01,9.999947E-01,9.999943E-01,9.999930E-01,9.999888E-01,9.999728E-01,9.998991E-01,9.994781E-01,9.970303E-01,9.852419E-01,9.412708E-01,8.324530E-01,6.452329E-01,4.182238E-01,2.184974E-01,9.059780E-02,2.918319E-02,7.077323E-03,1.064467E-03
