# source_model_tree_path=('b1',), gsim_tree_path=('b1',), investigation_time=50.0,imt=SA(0.5)
lon,lat,depth,SA(0.5)-0.005:float32,SA(0.5)-0.007:float32,SA(0.5)-0.0098:float32,SA(0.5)-0.0137:float32,SA(0.5)-0.0192:float32,SA(0.5)-0.0269:float32,SA(0.5)-0.0376:float32,SA(0.5)-0.0527:float32,SA(0.5)-0.0738:float32,SA(0.5)-0.103:float32,SA(0.5)-0.145:float32,SA(0.5)-0.203:float32,SA(0.5)-0.284:float32,SA(0.5)-0.397:float32,SA(0.5)-0.556:float32,SA(0.5)-0.778:float32,SA(0.5)-1.09:float32,SA(0.5)-1.52:float32,SA(0.5)-2.13:float32
0.00000,0.00000,0.00000,9.999945E-01,9.999935E-01,9.999903E-01,9.999788E-01,9.999261E-01,9.996252E-01,9.978017E-01,9.879768E-01,9.492692E-01,8.471959E-01,6.602978E-01,4.365543E-01,2.421568E-01,1.136357E-01,4.491345E-02,1.489173E-02,4.001205E-03,8.241378E-04,8.747549E-05
