# mean, investigation_time=50.0, imt="PGA", checksum=1839663514
lon,lat,depth,poe-0.0050000,poe-0.0070000,poe-0.0098000,poe-0.0137000,poe-0.0192000,poe-0.0269000,poe-0.0376000,poe-0.0527000,poe-0.0738000,poe-0.1030000,poe-0.1450000,poe-0.2030000,poe-0.2840000,poe-0.3970000,poe-0.5560000,poe-0.7780000,poe-1.0900000,poe-1.5200000,poe-2.1300000
0.00000,0.00000,0.00000,9.999944E-01,9.999932E-01,9.999891E-01,9.999728E-01,9.998907E-01,9.993902E-01,9.963646E-01,9.810650E-01,9.261516E-01,7.948476E-01,5.758475E-01,3.383831E-01,1.568948E-01,5.693357E-02,1.558725E-02,3.056234E-03,3.685671E-04,5.763381E-06,0.000000E+00
