# mean, investigation_time=50.0, imt="PGV", checksum=1839663514
lon,lat,depth,poe-2.0000000,poe-4.0000000,poe-6.0000000,poe-8.0000000,poe-10.0000000,poe-12.0000000,poe-14.0000000,poe-16.0000000,poe-18.0000000,poe-20.0000000,poe-23.0000000,poe-26.0000000,poe-29.0000000,poe-32.0000000,poe-35.0000000,poe-38.0000000,poe-41.0000000,poe-44.0000000,poe-47.0000000,poe-50.0000000,poe-55.0000000,poe-60.0000000,poe-65.0000000,poe-70.0000000,poe-75.0000000,poe-80.0000000,poe-85.0000000,poe-90.0000000,poe-95.0000000,poe-100.0000000,poe-110.0000000,poe-120.0000000,poe-130.0000000,poe-140.0000000,poe-150.0000000,poe-160.0000000,poe-170.0000000,poe-180.0000000,poe-190.0000000,poe-200.0000000,poe-220.0000000,poe-240.0000000,poe-260.0000000,poe-280.0000000,poe-300.0000000
0.00000,0.00000,0.00000,9.949005E-01,9.123408E-01,7.444872E-01,5.705206E-01,4.272775E-01,3.190649E-01,2.395630E-01,1.817894E-01,1.393933E-01,1.079100E-01,7.489616E-02,5.298191E-02,3.808910E-02,2.776769E-02,2.053785E-02,1.532788E-02,1.156832E-02,8.795201E-03,6.750962E-03,5.201902E-03,3.406761E-03,2.265820E-03,1.529574E-03,1.031704E-03,7.014566E-04,4.721029E-04,3.144283E-04,2.071532E-04,1.328309E-04,8.908994E-05,3.263915E-05,8.092587E-06,0.000000E+00,0.000000E+00,0.000000E+00,0.000000E+00,0.000000E+00,0.000000E+00,0.000000E+00,0.000000E+00,0.000000E+00,0.000000E+00,0.000000E+00,0.000000E+00,0.000000E+00
