# mean, investigation_time=50.0, imt="SA(0.025)", checksum=1839663514
lon,lat,depth,poe-0.0050000,poe-0.0070000,poe-0.0098000,poe-0.0137000,poe-0.0192000,poe-0.0269000,poe-0.0376000,poe-0.0527000,poe-0.0738000,poe-0.1030000,poe-0.1450000,poe-0.2030000,poe-0.2840000,poe-0.3970000,poe-0.5560000,poe-0.7780000,poe-1.0900000,poe-1.5200000,poe-2.1300000
0.00000,0.00000,0.00000,9.999945E-01,9.999935E-01,9.999901E-01,9.999774E-01,9.999166E-01,9.995607E-01,9.974133E-01,9.861667E-01,9.433190E-01,8.330849E-01,6.333563E-01,3.963397E-01,1.973770E-01,7.724357E-02,2.316329E-02,5.032444E-03,7.056796E-04,3.032752E-05,0.000000E+00
