event_id,site_id,gmv_PGA
0,1,1.535046E-02
1,1,1.971607E-03
2,1,4.590623E-03
3,1,6.373941E-04
4,1,9.450399E-03
5,3,1.232264E-02
6,3,3.265511E-03
7,3,9.328627E-03
8,3,2.563366E-03
9,3,1.018532E-02
10,3,6.293658E-03
11,3,1.834612E-02
12,3,1.079893E-02
13,3,4.626098E-03
14,3,1.004705E-02
15,1,7.924838E-03
16,3,1.803871E-03
17,3,5.393164E-03
18,3,3.373759E-03
19,3,2.388065E-03
20,3,8.106125E-03
21,3,4.709856E-03
22,3,4.880270E-03
23,3,2.901227E-03
24,3,1.393839E-02
25,3,1.915735E-02
