site_id,event_id,gmv_PGA
3,29,2.545159E-02
3,30,3.570158E-02
