event_id,site_id,gmv_PGA
0,1,1.991706E-03
1,1,9.365035E-03
2,3,6.340658E-03
3,3,1.619279E-02
4,3,2.859497E-03
5,3,6.861673E-03
6,3,1.044945E-02
7,3,2.697829E-03
8,3,1.105866E-03
9,3,4.652326E-03
10,3,1.138663E-02
11,3,7.793496E-03
12,3,5.899131E-03
13,3,1.561428E-02
14,3,1.043268E-02
15,3,1.065093E-02
16,3,7.009721E-03
17,3,2.522655E-02
18,3,3.307171E-02
