event_id,site_id,gmv_PGA
0,1,1.928619E-02
1,1,3.340270E-03
2,1,5.178952E-03
3,1,2.213832E-02
4,1,8.001041E-03
5,3,1.232264E-02
6,3,9.325821E-03
7,3,3.758713E-03
8,3,1.026409E-02
9,3,1.692113E-03
10,3,1.844339E-02
11,3,4.465601E-03
12,3,8.949920E-03
13,3,1.631211E-03
14,3,4.077909E-03
15,1,6.774109E-03
16,3,2.253431E-03
17,3,3.248549E-03
18,3,8.659756E-03
19,3,2.271059E-03
20,3,2.599170E-02
21,3,7.663048E-03
22,3,1.084485E-02
23,3,5.570049E-03
24,3,1.087774E-02
25,3,1.230682E-02
