event_id,site_id,gmv_PGA
29,3,2.545159E-02
30,3,3.570158E-02
