site_id,event_id,gmv_PGA
1,22,1.396755E-02
1,23,1.067022E-02
1,24,4.744033E-03
