event_id,site_id,gmv_PGA
1,1,1.991706E-03
2,1,4.076436E-03
3,3,6.340658E-03
4,3,1.619279E-02
5,3,2.859497E-03
6,3,6.861673E-03
7,3,1.044945E-02
8,3,2.697829E-03
9,3,1.105866E-03
10,3,1.803871E-03
11,3,5.393164E-03
12,3,3.373759E-03
13,3,2.388065E-03
14,3,8.106125E-03
15,3,4.709856E-03
16,3,4.880270E-03
17,3,2.901227E-03
18,3,1.393839E-02
19,3,1.915735E-02
