event_id,site_id,gmv_PGA
1,1,6.489106E-03
2,1,4.332627E-03
3,1,5.594591E-03
4,1,1.781018E-03
5,1,2.379196E-03
6,1,1.982041E-03
7,1,2.034720E-03
8,1,1.850974E-02
9,3,2.708827E-03
10,3,9.246948E-03
11,3,4.958413E-03
12,3,4.695575E-04
13,3,4.905308E-03
14,3,9.516143E-04
15,3,2.805058E-03
16,3,1.236595E-03
17,3,2.482517E-03
18,3,9.109922E-03
19,3,9.383695E-03
20,3,8.544046E-03
