asset,losses,poes,average_loss
a2371,0.000000E+00:3.643401E+05:7.286803E+05:1.093020E+06:1.457361E+06:1.821701E+06:2.186041E+06:2.550381E+06:2.914721E+06:3.279061E+06:3.643401E+06:4.007741E+06:4.372082E+06:4.736422E+06:5.100762E+06:5.465102E+06:5.829442E+06:6.193782E+06:6.558122E+06:6.922462E+06,9.987462E-01:6.893772E-01:4.084879E-01:4.084879E-01:3.326334E-01:3.326334E-01:3.326334E-01:2.907755E-01:2.907755E-01:2.907755E-01:2.907755E-01:2.907755E-01:2.907755E-01:2.907755E-01:1.333019E-01:1.137817E-01:1.137817E-01:1.137817E-01:1.137817E-01:0.000000E+00,2.050318E+06
a2743,0.000000E+00:2.829932E+03:5.659865E+03:8.489797E+03:1.131973E+04:1.414966E+04:1.697959E+04:1.980953E+04:2.263946E+04:2.546939E+04:2.829932E+04:3.112926E+04:3.395919E+04:3.678912E+04:3.961905E+04:4.244899E+04:4.527892E+04:4.810885E+04:5.093878E+04:5.376872E+04,9.812630E-01:9.181523E-01:7.855810E-01:7.772620E-01:7.682440E-01:7.669962E-01:7.669962E-01:7.520522E-01:4.596476E-01:4.317423E-01:3.558878E-01:1.137817E-01:1.137817E-01:1.137817E-01:1.137817E-01:1.137817E-01:1.137817E-01:1.137817E-01:1.137817E-01:0.000000E+00,2.315860E+04
