losses,poes,avg
0.000000E+00 4.020023E+05 8.040046E+05 1.206007E+06 1.608009E+06 2.010011E+06 2.412014E+06 2.814016E+06 3.216018E+06 3.618021E+06 4.020023E+06 4.422025E+06 4.824028E+06 5.226030E+06 5.628032E+06 6.030034E+06 6.432037E+06 6.834039E+06 7.236041E+06 7.638044E+06,1.000000E+00 4.668741E-01 3.326334E-01 1.556397E-01 1.556397E-01 1.556397E-01 1.556397E-01 1.556397E-01 1.137817E-01 1.137817E-01 1.137817E-01 1.137817E-01 1.137817E-01 1.137817E-01 1.137817E-01 1.137817E-01 1.137817E-01 1.137817E-01 1.137817E-01 0.000000E+00,1.338388E+06
