# mean, investigation_time=1.0, imt="PGA", checksum=3483928709
lon,lat,depth,poe-0.1,poe-0.4,poe-0.6
0.00000,0.00000,0.00000,7.516648E-01,7.803486E-02,6.866165E-03
