,id,ordinal,Eff_loss
0,A,0.0,0.6178343949044587
1,B,0.0,0.7209302325581396
2,C,0.0,0.7692307692307693
3,D,0.0,1.0
4,E,0.0,0.7692307692307693
5,F,0.0,0.7209302325581396
6,G,0.0,0.6178343949044587
