#,,,,,,,,,,,,,,,,,,,,"imt='PGA', investigation_time=50.0, kind='mean'"
lon,lat,depth,poe-0.001,poe-0.01,poe-0.05,poe-0.10,poe-0.15,poe-0.20,poe-0.25,poe-0.30,poe-0.35,poe-0.40,poe-0.45,poe-0.50,poe-0.55,poe-0.60,poe-0.70,poe-0.80,poe-0.90,poe-1.00
1.0,1.0,0,3.986126698E-02,3.986126698E-02,3.972875748E-02,2.961342663E-02,1.982732876E-02,1.306227016E-02,8.655387950E-03,5.898520594E-03,4.061698590E-03,2.811727180E-03,1.995117418E-03,1.358705973E-03,9.896678416E-04,7.575444443E-04,2.728240020E-04,0.000000000E+00,0.000000000E+00,0.000000000E+00
