# mean, investigation_time=1.0
lon,lat,PGA-0.1,PGA-0.4,PGA-0.6
0.00000,0.00000,6.553579E-01,5.669374E-02,0.000000E+00
