# mean, investigation_time=100.0,imt=PGA
lon,lat,depth,poe-0.1,poe-0.4,poe-0.6
0.00000,0.00000,0.00000,5.669374E-02,0.000000E+00,0.000000E+00
