# mean, investigation_time=1.0, imt="PGA", checksum=2756942605
lon,lat,depth,poe-0.1000000,poe-0.4000000,poe-0.6000000
0.00000,0.00000,0.00000,2.737047E-01,0.000000E+00,0.000000E+00
