rlzi,sid,eid,gmv_PGA
0,0,0,0.30512801
0,1,0,0.60403198
0,2,0,0.17111
