# std, investigation_time=50.0, imt="PGA", checksum=283798826
lon,lat,depth,poe-0.0137,poe-0.0192,poe-0.0269,poe-0.0376,poe-0.0527,poe-0.0738,poe-0.103,poe-0.145,poe-0.203,poe-0.284,poe-0.397,poe-0.556,poe-0.778,poe-1.09
0.50000,-0.50000,0.00000,4.413043E-03,1.123049E-02,3.010674E-02,7.269582E-02,1.430020E-01,2.196293E-01,2.581093E-01,2.132307E-01,1.229375E-01,5.303445E-02,1.821882E-02,5.049742E-03,1.093124E-03,1.571956E-04
