# std, investigation_time=50.0, imt="PGA", checksum=283798826
lon,lat,depth,poe-0.0137,poe-0.0192,poe-0.0269,poe-0.0376,poe-0.0527,poe-0.0738,poe-0.103,poe-0.145,poe-0.203,poe-0.284,poe-0.397,poe-0.556,poe-0.778,poe-1.09
0.50000,-0.50000,0.00000,4.413050E-03,1.123051E-02,3.010679E-02,7.269593E-02,1.430022E-01,2.196294E-01,2.581092E-01,2.132307E-01,1.229377E-01,5.303480E-02,1.821912E-02,5.049915E-03,1.093199E-03,1.572199E-04
