# mean, investigation_time=50.0, imt="PGA", checksum=283798826
lon,lat,depth,poe-0.0137,poe-0.0192,poe-0.0269,poe-0.0376,poe-0.0527,poe-0.0738,poe-0.103,poe-0.145,poe-0.203,poe-0.284,poe-0.397,poe-0.556,poe-0.778,poe-1.09
0.50000,-0.50000,0.00000,9.969100E-01,9.920908E-01,9.783645E-01,9.442565E-01,8.718790E-01,7.464411E-01,5.670657E-01,3.518495E-01,1.741928E-01,6.939136E-02,2.279067E-02,6.144397E-03,1.303973E-03,1.845265E-04
