return_periods,occupants
50,8.47345E-03
100,1.15358E-02
200,1.49980E-02
500,2.57957E-02
1000,3.17396E-02
2000,4.43234E-02
5000,6.92983E-02
10000,6.99110E-02
