return_periods:uint32,occupants
1,4.00273E-03
2,4.00273E-03
5,4.00273E-03
10,4.00273E-03
20,4.25395E-03
50,4.47773E-03
100,4.61696E-03
200,4.73500E-03
500,4.96931E-03
1000,5.44452E-03
2000,6.29510E-03
5000,8.61667E-03
10000,6.99110E-02
