annual_frequency_of_exceedence,return_period,occupants
2.00000E-02,50,8.42765E-03
1.00000E-02,100,1.15050E-02
5.00000E-03,200,1.47907E-02
2.00000E-03,500,2.88423E-02
1.00000E-03,1000,3.71311E-02
5.00000E-04,2000,4.53191E-02
2.00000E-04,5000,6.05234E-02
1.00000E-04,10000,6.44147E-02
