annual_frequency_of_exceedence,return_period,loss_type,loss_value,loss_ratio
2.00000E-02,50,occupants,9.10071E-03,6.50051E-07
1.00000E-02,100,occupants,1.20664E-02,8.61888E-07
5.00000E-03,200,occupants,1.64134E-02,1.17238E-06
2.00000E-03,500,occupants,2.36237E-02,1.68741E-06
1.00000E-03,1000,occupants,2.91504E-02,2.08217E-06
5.00000E-04,2000,occupants,3.92252E-02,2.80180E-06
2.00000E-04,5000,occupants,4.43688E-02,3.16920E-06
1.00000E-04,10000,occupants,4.96850E-02,3.54893E-06
