annual_frequency_of_exceedence,return_period,occupants
2.00000E-02,50,8.42768E-03
1.00000E-02,100,1.15049E-02
5.00000E-03,200,1.47906E-02
2.00000E-03,500,2.88425E-02
1.00000E-03,1000,3.71311E-02
5.00000E-04,2000,4.53173E-02
2.00000E-04,5000,6.05234E-02
1.00000E-04,10000,6.44139E-02
