annual_frequency_of_exceedence,return_period,occupants
2.00000E-02,50,8.76518E-03
1.00000E-02,100,1.19557E-02
5.00000E-03,200,1.51976E-02
2.00000E-03,500,2.02082E-02
1.00000E-03,1000,3.01137E-02
5.00000E-04,2000,4.04475E-02
2.00000E-04,5000,6.52873E-02
1.00000E-04,10000,6.71692E-02
