annual_frequency_of_exceedence,return_periods,occupants
2.00000E-02,50,8.47345E-03
1.00000E-02,100,1.15358E-02
5.00000E-03,200,1.49980E-02
2.00000E-03,500,2.57957E-02
1.00000E-03,1000,3.17396E-02
5.00000E-04,2000,4.43234E-02
2.00000E-04,5000,6.92983E-02
1.00000E-04,10000,6.99110E-02
