annual_frequency_of_exceedence,return_period,occupants
2.00000E-02,50,9.10071E-03
1.00000E-02,100,1.20664E-02
5.00000E-03,200,1.64134E-02
2.00000E-03,500,2.36237E-02
1.00000E-03,1000,2.91504E-02
5.00000E-04,2000,3.92252E-02
2.00000E-04,5000,4.43688E-02
1.00000E-04,10000,4.96850E-02
