loss_type,loss,poe
occupants,0.00000E+00,3.77683E-02
occupants,7.76788E-03,2.32260E-02
occupants,1.55358E-02,4.88800E-03
occupants,2.33037E-02,2.49690E-03
occupants,3.10715E-02,1.09941E-03
occupants,3.88394E-02,5.99802E-04
occupants,4.66073E-02,2.99931E-04
occupants,5.43752E-02,2.99931E-04
occupants,6.21431E-02,2.99931E-04
occupants,6.99110E-02,0.00000E+00
