event_tag,year,business_interruption,contents,nonstructural,occupants:float32,structural
grp=01~ses=0001~src=2~rup=483-01,1,7.66595E+01,5.58335E+02,6.68388E+02,1.53319E-03,0.00000E+00
grp=01~ses=0002~src=2~rup=484-01,2,2.44253E+02,1.55637E+03,2.14945E+03,4.88507E-03,5.10166E+02
grp=01~ses=0002~src=2~rup=485-01,2,1.66391E+02,1.14838E+03,2.06054E+03,3.32782E-03,2.03005E+02
