event_tag,event_set,business_interruption,contents,nonstructural,occupants:float32,structural
grp=01~ses=0001~src=2~rup=483-01,1,8.03767E+01,5.84304E+02,7.01493E+02,1.60753E-03,0.00000E+00
grp=01~ses=0002~src=2~rup=484-01,2,2.57395E+02,1.66740E+03,2.29099E+03,5.14789E-03,5.55985E+02
grp=01~ses=0002~src=2~rup=485-01,2,1.69987E+02,1.22041E+03,2.15672E+03,3.39974E-03,2.06292E+02
