taxonomy,occupancy,business_interruption,contents,nonstructural,occupants,structural
tax1,Com,8.88247E+01,4.35865E+02,6.77874E+02,1.72374E-03,0.00000E+00
tax1,Res,8.71436E+02,5.23389E+03,8.17880E+03,1.92386E-02,3.03155E+03
tax2,Res,4.92787E+02,7.97832E+03,9.15987E+03,9.49164E-03,1.11354E+03
tax3,Res,2.09138E+02,6.76514E+02,1.33055E+03,4.88739E-03,8.11423E+02
