taxonomy,occupancy,business_interruption,contents,nonstructural,occupants,structural
tax1,Com,5.20670E+01,2.61883E+02,3.82324E+02,1.03010E-03,0.00000E+00
tax1,Res,2.39141E+02,1.44753E+03,2.38747E+03,6.06031E-03,9.78774E+02
tax2,Res,7.66288E+01,5.84997E+03,3.12276E+03,1.70839E-03,3.89445E+02
tax3,Res,4.96053E+01,3.92914E+03,1.09291E+03,1.35824E-03,1.23084E+02
