taxonomy,occupancy,business_interruption,contents,nonstructural,occupants,structural
tax1,Res,2.55170E+03,1.25803E+04,2.00725E+04,5.10340E-02,8.07535E+03
tax1,Com,1.37491E+02,8.66323E+02,1.13021E+03,2.74982E-03,2.57478E+02
tax2,Res,1.48861E+03,1.32146E+04,1.87006E+04,2.97723E-02,2.30908E+03
tax3,Res,7.95792E+02,5.14061E+03,7.55741E+03,1.59158E-02,2.20983E+03
