taxonomy,occupancy,business_interruption,contents,nonstructural,occupants,structural
tax1,Com,7.67122E+01,3.76429E+02,5.85437E+02,1.48869E-03,0.00000E+00
tax1,Res,8.71380E+02,5.23335E+03,8.17822E+03,1.92368E-02,3.32633E+03
tax2,Res,4.92735E+02,7.89621E+03,1.03789E+04,9.49074E-03,1.11350E+03
tax3,Res,2.09169E+02,6.76592E+02,1.33073E+03,4.88825E-03,8.66514E+02
