taxonomy,occupancy,business_interruption,contents,nonstructural,occupants,structural
tax1,Com,7.67120E+01,3.76428E+02,5.85435E+02,1.48868E-03,0.00000E+00
tax1,Res,8.71461E+02,5.23405E+03,8.17893E+03,1.92390E-02,3.32673E+03
tax2,Res,4.92781E+02,7.89664E+03,1.03814E+04,9.49148E-03,1.11353E+03
tax3,Res,2.09138E+02,6.76513E+02,1.33055E+03,4.88738E-03,8.66363E+02
