taxonomy,occupancy,business_interruption,contents,nonstructural,occupants,structural
tax1,Res,2.51148E+03,1.40344E+04,2.20722E+04,5.02297E-02,7.84573E+03
tax1,Com,1.87584E+02,1.27433E+03,1.58097E+03,3.75167E-03,4.99160E+02
tax2,Res,1.46149E+03,1.32668E+04,1.91947E+04,2.92298E-02,2.25570E+03
tax3,Res,8.51051E+02,4.87309E+03,7.34355E+03,1.70210E-02,2.47628E+03
