taxonomy,occupancy,business_interruption,contents,nonstructural,occupants,structural
tax1,Com,7.67120E+01,3.76428E+02,5.85435E+02,1.48868E-03,0.00000E+00
tax1,Res,8.71469E+02,5.23411E+03,8.17901E+03,1.92391E-02,3.32674E+03
tax2,Res,4.92782E+02,7.89666E+03,1.03815E+04,9.49151E-03,1.11353E+03
tax3,Res,2.09170E+02,6.76594E+02,1.33073E+03,4.88827E-03,8.66516E+02
