taxonomy,occupancy,business_interruption,contents,nonstructural,occupants,structural
tax1,Res,8.71436E+02,5.23389E+03,8.17880E+03,2.16961E-02,3.79107E+03
tax1,Com,1.07110E+02,5.25147E+02,8.23591E+02,2.06167E-03,0.00000E+00
tax2,Res,4.92787E+02,7.89699E+03,1.07802E+04,9.49163E-03,1.09535E+03
tax3,Res,2.09138E+02,6.76514E+02,1.33055E+03,4.88739E-03,8.84179E+02
