taxonomy,occupancy,business_interruption,contents,nonstructural,occupants,structural
tax1,Res,1.79805E+03,1.05086E+04,1.55041E+04,3.59610E-02,3.08043E+03
tax1,Com,1.28395E+02,6.74324E+02,1.01149E+03,2.56790E-03,0.00000E+00
tax2,Res,1.23248E+03,1.16359E+04,1.61164E+04,2.46496E-02,1.37580E+03
tax3,Res,4.56115E+02,3.27855E+03,4.51913E+03,9.12230E-03,9.44107E+01
