taxonomy,occupancy,business_interruption,contents,nonstructural,occupants,structural
tax1,Res,2.29008E+03,1.30730E+04,2.13010E+04,4.58017E-02,6.77002E+03
tax1,Com,1.50539E+02,9.73245E+02,1.24787E+03,3.01078E-03,3.21688E+02
tax2,Res,1.43852E+03,1.29441E+04,1.73584E+04,2.87704E-02,2.21075E+03
tax3,Res,9.88890E+02,4.76942E+03,7.67519E+03,1.97778E-02,3.11874E+03
