taxonomy,occupancy,business_interruption,contents,nonstructural,occupants,structural
tax1,Res,2.77264E+02,1.67918E+03,2.57718E+03,5.92248E-03,3.50666E+02
tax2,Res,1.74022E+02,6.79797E+02,1.00866E+03,4.13634E-03,3.03857E+02
tax3,Res,1.81012E+02,4.14950E+02,6.14626E+02,3.61165E-03,1.65689E+02
