taxonomy,occupancy,business_interruption,contents,nonstructural,occupants,structural
tax1,Res,2.57006E+03,1.39354E+04,2.21212E+04,5.14012E-02,8.06563E+03
tax1,Com,1.57647E+02,1.02801E+03,1.31065E+03,3.15294E-03,3.50743E+02
tax2,Res,1.39655E+03,1.34865E+04,1.92184E+04,2.79310E-02,2.06399E+03
tax3,Res,9.12345E+02,4.97937E+03,7.75946E+03,1.82469E-02,2.73279E+03
