taxonomy,occupancy,business_interruption,contents,nonstructural,occupants,structural
tax1,Res,2.19509E+03,1.34365E+04,1.90896E+04,4.39017E-02,4.94488E+03
tax1,Com,1.29130E+02,6.78479E+02,1.01772E+03,2.58261E-03,0.00000E+00
tax2,Res,1.36470E+03,1.26732E+04,1.73882E+04,2.72941E-02,1.63935E+03
tax3,Res,4.82901E+02,3.57445E+03,4.58395E+03,9.65802E-03,2.02699E+02
