taxonomy,occupancy,business_interruption,contents,nonstructural,occupants,structural
tax1,Com,4.97046E+01,2.79953E+02,3.98667E+02,1.02441E-03,0.00000E+00
tax1,Res,7.77012E+02,5.04585E+03,7.90378E+03,2.37095E-02,3.06985E+03
tax2,Res,4.07474E+02,4.04761E+03,5.41966E+03,8.21265E-03,7.09929E+02
tax3,Res,4.08201E+02,8.82708E+02,2.03058E+03,1.06626E-02,1.10317E+03
