taxonomy,occupancy,business_interruption,contents,nonstructural,occupants,structural
tax1,Res,1.05780E+02,6.36381E+02,9.40236E+02,2.37103E-03,0.00000E+00
tax1,Com,2.15936E+01,4.80428E+02,7.64430E+02,1.97377E-03,0.00000E+00
tax2,Res,5.68226E+01,5.40988E+02,7.66644E+02,1.21831E-03,0.00000E+00
tax3,Res,5.91294E+01,2.19437E+03,4.61507E+03,1.12993E-03,1.03312E+02
