taxonomy,occupancy,business_interruption,contents,nonstructural,occupants,structural
tax1,Res,2.50104E+03,1.42302E+04,2.26346E+04,5.00209E-02,7.72521E+03
tax1,Com,1.38969E+02,8.81004E+02,1.14449E+03,2.77937E-03,2.69117E+02
tax2,Res,1.38895E+03,1.34852E+04,1.96479E+04,2.77791E-02,2.06844E+03
tax3,Res,7.06830E+02,5.01283E+03,6.78562E+03,1.41366E-02,1.79595E+03
