taxonomy,occupancy,business_interruption,contents,nonstructural,occupants,structural
tax1,Com,6.11749E+01,3.44557E+02,4.90667E+02,1.26082E-03,0.00000E+00
tax1,Res,7.77012E+02,5.04585E+03,7.90378E+03,2.37095E-02,2.66754E+03
tax2,Res,4.07474E+02,4.04761E+03,5.41966E+03,8.21265E-03,1.10856E+03
tax3,Res,4.08201E+02,8.82708E+02,2.03058E+03,1.06626E-02,1.04601E+03
