taxonomy,occupancy,business_interruption,contents,nonstructural,occupants,structural
tax1,Res,1.60091E+02,9.34748E+02,1.43352E+03,3.39059E-03,1.99475E+02
tax1,Com,1.03604E+02,2.22893E+02,3.50064E+02,8.33013E-04,0.00000E+00
tax2,Res,7.08724E+01,9.95169E+02,1.47819E+03,1.60800E-03,5.48943E+02
tax3,Res,5.36427E+01,9.73221E+02,5.35173E+02,1.07189E-03,3.59306E+02
