taxonomy,occupancy,business_interruption,contents,nonstructural,occupants,structural
tax1,Res,2.27065E+03,1.37329E+04,2.40361E+04,6.08604E-02,7.74899E+03
tax1,Com,1.38969E+02,1.33681E+03,1.34948E+03,3.03986E-03,3.25144E+02
tax2,Res,1.23224E+03,1.37749E+04,1.85761E+04,2.44501E-02,1.96584E+03
tax3,Res,8.11539E+02,5.08386E+03,1.02435E+04,2.54643E-02,2.68118E+03
