taxonomy,occupancy,business_interruption,contents,nonstructural,occupants,structural
tax1,Res,2.44334E+03,1.39345E+04,2.20299E+04,4.88667E-02,7.45408E+03
tax1,Com,1.37491E+02,8.66323E+02,1.13021E+03,2.74982E-03,2.57478E+02
tax2,Res,1.41628E+03,1.34564E+04,1.99379E+04,2.83255E-02,2.10773E+03
tax3,Res,9.25814E+02,5.03298E+03,8.25432E+03,1.85163E-02,2.82170E+03
