taxonomy,occupancy,business_interruption,contents,nonstructural,occupants,structural
tax1,Res,2.65772E+03,1.34249E+04,2.12914E+04,5.31544E-02,8.55294E+03
tax1,Com,1.52991E+02,9.92652E+02,1.26959E+03,3.05981E-03,3.32769E+02
tax2,Res,1.19988E+03,1.34441E+04,1.88416E+04,2.39976E-02,1.52533E+03
tax3,Res,6.53946E+02,4.93322E+03,6.44532E+03,1.30789E-02,1.61327E+03
