taxonomy,occupancy,business_interruption,contents,nonstructural,occupants,structural
tax1,Res,1.73192E+03,1.05595E+04,1.49876E+04,3.46384E-02,3.48721E+03
tax1,Com,7.49931E+01,3.90335E+02,5.85503E+02,1.49986E-03,0.00000E+00
tax2,Res,1.08347E+03,1.07742E+04,1.49380E+04,2.16694E-02,1.04198E+03
tax3,Res,4.77373E+02,1.84031E+03,3.36153E+03,9.54747E-03,3.83229E+02
