taxonomy,occupancy,business_interruption,contents,nonstructural,occupants,structural
tax1,Res,2.99529E+02,1.72371E+03,2.61004E+03,5.92428E-03,9.75469E+02
tax1,Com,2.54499E+01,1.40483E+02,8.16436E+02,5.44311E-04,0.00000E+00
tax2,Res,1.88348E+02,3.27646E+03,5.68687E+03,4.10519E-03,2.99561E+02
tax3,Res,1.32891E+02,1.17526E+03,7.55968E+02,2.65506E-03,5.60879E+02
