taxonomy,occupancy,business_interruption,contents,nonstructural,occupants,structural
tax1,Res,1.05032E+03,6.34711E+03,9.07432E+03,2.10065E-02,2.18218E+03
tax1,Com,3.97183E+01,2.01389E+02,3.02084E+02,7.94365E-04,0.00000E+00
tax2,Res,6.05299E+02,5.78788E+03,8.47816E+03,1.21060E-02,3.71789E+02
tax3,Res,2.46055E+02,1.24246E+03,1.89794E+03,4.92109E-03,5.80474E+01
