taxonomy,occupancy,business_interruption,contents,nonstructural,occupants,structural
tax1,Res,2.50032E+02,1.35514E+03,2.03189E+03,4.88134E-03,3.40512E+02
tax1,Com,8.69368E+01,4.94517E+02,6.28287E+02,1.65807E-03,0.00000E+00
tax2,Res,1.12727E+02,6.81489E+03,2.26162E+03,2.13428E-03,9.27233E+01
tax3,Res,7.44867E+01,1.08593E+03,3.89075E+02,1.56213E-03,0.00000E+00
