taxonomy,occupancy,business_interruption,contents,nonstructural,occupants,structural
tax1,Res,1.11166E+02,6.22287E+02,9.47565E+02,2.31133E-03,0.00000E+00
tax1,Com,2.15936E+01,5.15035E+02,7.53973E+02,4.61497E-04,0.00000E+00
tax2,Res,5.57685E+01,5.23108E+02,7.39431E+02,1.20991E-03,0.00000E+00
tax3,Res,5.98553E+01,1.08944E+03,4.60826E+03,1.19590E-03,1.13269E+02
