taxonomy,occupancy,business_interruption,contents,nonstructural,occupants,structural
tax1,Com,7.67122E+01,3.76429E+02,5.85437E+02,1.48869E-03,0.00000E+00
tax1,Res,8.71436E+02,5.23388E+03,8.17880E+03,1.92386E-02,3.32660E+03
tax2,Res,4.92785E+02,7.89696E+03,1.03815E+04,9.49161E-03,1.11354E+03
tax3,Res,2.09138E+02,6.76513E+02,1.33055E+03,4.88738E-03,8.66365E+02
