taxonomy,occupancy,business_interruption,contents,nonstructural,occupants,structural
tax1,Res,2.51035E+03,1.29981E+04,2.10016E+04,6.20248E-02,7.84699E+03
tax1,Com,1.38969E+02,1.01894E+03,1.28894E+03,2.67238E-03,5.33664E+02
tax2,Res,1.51814E+03,1.25103E+04,1.74352E+04,2.86107E-02,3.87350E+03
tax3,Res,1.52219E+03,5.12067E+03,8.03199E+03,1.83970E-02,2.66922E+03
