taxonomy,occupancy,business_interruption,contents,nonstructural,occupants,structural
tax1,Res,1.21966E+02,6.72545E+02,1.01828E+03,2.45395E-03,0.00000E+00
tax2,Res,7.78117E+01,5.56653E+02,8.15175E+02,1.67662E-03,0.00000E+00
tax3,Res,3.35951E+01,1.31057E+02,2.18716E+02,6.71586E-04,0.00000E+00
