taxonomy,occupancy,business_interruption,contents,nonstructural,occupants,structural
tax1,Res,2.34011E+03,1.29530E+04,2.05220E+04,4.68023E-02,6.93666E+03
tax1,Com,1.37491E+02,8.66323E+02,1.13021E+03,2.74982E-03,2.57478E+02
tax2,Res,1.28170E+03,1.31024E+04,1.82720E+04,2.56341E-02,1.76941E+03
tax3,Res,1.02617E+03,4.89758E+03,8.21316E+03,2.05234E-02,3.24087E+03
