taxonomy,occupancy,business_interruption,contents,nonstructural,occupants,structural
tax1,Res,2.30529E+02,1.30398E+03,1.89440E+03,4.45696E-03,1.12826E+02
tax1,Com,7.03061E+01,3.27909E+02,5.45033E+02,1.39226E-03,0.00000E+00
tax2,Res,8.12169E+01,1.90146E+03,1.56560E+03,1.67453E-03,1.12955E+02
tax3,Res,5.40449E+01,1.08841E+03,4.83168E+02,1.13412E-03,0.00000E+00
