taxonomy,occupancy,business_interruption,contents,nonstructural,occupants,structural
tax1,Res,2.46707E+03,1.33685E+04,2.14563E+04,4.93414E-02,7.56463E+03
tax1,Com,1.91838E+02,1.30424E+03,1.61732E+03,3.83676E-03,5.11872E+02
tax2,Res,1.44084E+03,1.29064E+04,1.75766E+04,2.88168E-02,2.20250E+03
tax3,Res,6.88403E+02,4.90694E+03,6.31184E+03,1.37681E-02,1.75591E+03
