taxonomy,occupancy,business_interruption,contents,nonstructural,occupants,structural
tax1,Com,5.29544E+01,2.62514E+02,3.97357E+02,1.04259E-03,0.00000E+00
tax1,Res,5.38584E+01,3.24754E+02,4.60800E+02,1.13805E-03,7.14086E+01
tax2,Res,3.20475E+01,7.12658E+02,9.17554E+02,6.22995E-04,0.00000E+00
tax3,Res,2.84921E+01,3.43754E+02,1.14002E+03,5.27219E-04,1.16972E+02
