taxonomy,occupancy,business_interruption,contents,nonstructural,occupants,structural
tax1,Res,2.43659E+03,1.36596E+04,2.18921E+04,4.87319E-02,7.46095E+03
tax1,Com,1.57647E+02,1.02801E+03,1.31065E+03,3.15294E-03,3.50743E+02
tax2,Res,1.17697E+03,1.21979E+04,1.66874E+04,2.35394E-02,1.51886E+03
tax3,Res,1.00015E+03,5.08271E+03,8.53639E+03,2.00031E-02,3.14153E+03
