taxonomy,occupancy,business_interruption,contents,nonstructural,occupants,structural
tax1,Res,2.58213E+03,1.56800E+04,2.24124E+04,5.16425E-02,7.66211E+03
tax1,Com,9.53189E+01,5.11686E+02,7.67529E+02,1.90638E-03,4.21122E+01
tax2,Res,1.20526E+03,9.62409E+03,1.39271E+04,2.41052E-02,1.15783E+03
tax3,Res,9.40714E+02,7.62336E+03,1.54892E+04,1.88143E-02,2.68572E+03
