occupancy,return_period,business_interruption,contents,nonstructural,occupants,structural,business_interruption_ins,contents_ins,nonstructural_ins,occupants_ins,structural_ins
Res,2,3.06886E+02,3.37824E+03,5.35323E+03,6.13773E-03,7.90976E+02,4.14750E+00,4.14750E+00,4.14750E+00,0.00000E+00,2.43250E+00
Res,5,3.17888E+02,3.48176E+03,5.53661E+03,6.35777E-03,8.44623E+02,4.20000E+00,4.20000E+00,4.20000E+00,0.00000E+00,2.79125E+00
Res,10,3.25772E+02,3.56002E+03,5.66453E+03,6.51544E-03,8.66030E+02,4.20000E+00,4.20000E+00,4.20000E+00,0.00000E+00,2.80875E+00
Com,2,3.13975E+01,1.84924E+02,2.77386E+02,6.27950E-04,8.36506E+01,5.25000E-01,5.25000E-01,5.25000E-01,0.00000E+00,4.02500E-01
Com,5,3.44025E+01,1.99988E+02,2.99982E+02,6.88051E-04,8.36506E+01,6.30000E-01,6.30000E-01,6.30000E-01,0.00000E+00,4.02500E-01
Com,10,3.64032E+01,2.10645E+02,3.15968E+02,7.28065E-04,8.36506E+01,6.82500E-01,6.82500E-01,6.82500E-01,0.00000E+00,4.02500E-01
