occupancy,return_period,business_interruption,contents,nonstructural,occupants,structural,business_interruption_ins,contents_ins,nonstructural_ins,occupants_ins,structural_ins
Res,2,2.86920E+02,2.60484E+03,3.53543E+03,5.73840E-03,6.46461E+02,4.13000E+00,4.13000E+00,4.13000E+00,0.00000E+00,2.45000E+00
Res,5,2.97297E+02,2.74299E+03,3.71752E+03,5.94594E-03,6.64178E+02,4.20000E+00,4.20000E+00,4.20000E+00,0.00000E+00,2.55500E+00
Res,10,3.03672E+02,2.81697E+03,3.84051E+03,6.07343E-03,7.13109E+02,4.20000E+00,4.20000E+00,4.20000E+00,0.00000E+00,2.87000E+00
Com,2,3.05601E+01,1.79714E+02,2.69571E+02,6.11203E-04,8.06890E+01,4.81250E-01,4.81250E-01,4.81250E-01,0.00000E+00,3.50000E-01
Com,5,3.05601E+01,1.79714E+02,2.69571E+02,6.11203E-04,8.06890E+01,4.81250E-01,4.81250E-01,4.81250E-01,0.00000E+00,3.50000E-01
Com,10,3.40924E+01,1.98036E+02,2.97053E+02,6.81848E-04,8.06890E+01,5.86250E-01,5.86250E-01,5.86250E-01,0.00000E+00,3.50000E-01
