occupancy,return_period,business_interruption,contents,nonstructural,occupants,structural,business_interruption_ins,contents_ins,nonstructural_ins,occupants_ins,structural_ins
Res,2,3.06887E+02,3.37825E+03,5.35319E+03,6.13773E-03,7.90977E+02,4.14750E+00,4.14750E+00,4.14750E+00,0.00000E+00,2.43250E+00
Res,5,3.17888E+02,3.48177E+03,5.53657E+03,6.35777E-03,8.44623E+02,4.20000E+00,4.20000E+00,4.20000E+00,0.00000E+00,2.79125E+00
Res,10,3.25772E+02,3.56004E+03,5.66449E+03,6.51543E-03,8.66031E+02,4.20000E+00,4.20000E+00,4.20000E+00,0.00000E+00,2.80875E+00
Com,2,3.13975E+01,1.84924E+02,2.77386E+02,6.27951E-04,8.36507E+01,5.25000E-01,5.25000E-01,5.25000E-01,0.00000E+00,4.02500E-01
Com,5,3.44026E+01,1.99988E+02,2.99982E+02,6.88051E-04,8.36507E+01,6.30000E-01,6.30000E-01,6.30000E-01,0.00000E+00,4.02500E-01
Com,10,3.64033E+01,2.10646E+02,3.15968E+02,7.28065E-04,8.36507E+01,6.82500E-01,6.82500E-01,6.82500E-01,0.00000E+00,4.02500E-01
