Res,Com
7.66983E+04,3.50184E+03
