taxonomy,business_interruption,contents,nonstructural,occupants,structural
"tax1",1.22947E+04,7.31474E+04,1.06476E+05,2.45894E-01,2.40106E+04
"tax2",8.32755E+03,7.62021E+04,1.15502E+05,1.66551E-01,1.01868E+04
"tax3",3.00749E+03,1.18941E+04,2.50737E+04,6.01498E-02,1.92169E+03
