taxonomy,business_interruption,contents,nonstructural,occupants,structural,business_interruption_ins,contents_ins,nonstructural_ins,occupants_ins,structural_ins
"tax1",2.64773E+02,1.86890E+03,2.38034E+03,5.29547E-03,8.23452E+02,3.04500E+00,3.04500E+00,3.04500E+00,0.00000E+00,1.33000E+00
"tax2",1.18473E+02,3.26843E+03,5.49427E+03,2.36946E-03,1.98965E+02,1.69750E+00,1.75000E+00,1.75000E+00,0.00000E+00,8.40000E-01
"tax3",4.39967E+01,1.79251E+02,8.52540E+02,8.79933E-04,8.45839E+01,8.75000E-01,7.43750E-01,8.57500E-01,0.00000E+00,3.15000E-01
