taxonomy,business_interruption,contents,nonstructural,occupants,structural
"tax1",1.23301E+04,7.30504E+04,1.06652E+05,2.46603E-01,2.27890E+04
"tax2",8.30075E+03,7.35627E+04,1.12508E+05,1.66015E-01,9.75319E+03
"tax3",3.09833E+03,1.18000E+04,2.37585E+04,6.19667E-02,2.25110E+03
