Res,Com
7.67785E+04,3.50610E+03
