event_tag,year,aid,business_interruption,contents,nonstructural,occupants:float32,structural
grp=02~ses=0002~src=1:0~rup=522-01,2,1,2.64479E+02,7.34360E+02,9.63981E+02,5.28959E-03,6.93438E+02
grp=02~ses=0002~src=1:0~rup=522-01,2,2,2.69440E+01,1.46294E+02,2.19440E+02,5.38881E-04,0.00000E+00
grp=02~ses=0002~src=1:0~rup=522-01,2,3,4.27134E+01,9.14934E+02,1.33351E+03,8.54269E-04,1.19782E+02
grp=02~ses=0002~src=1:0~rup=522-01,2,4,1.39385E+02,1.06911E+03,1.26962E+03,2.78770E-03,6.21157E+02
grp=02~ses=0002~src=1:0~rup=522-01,2,5,5.59944E+01,6.58275E+02,8.94512E+02,1.11989E-03,1.27991E+02
grp=02~ses=0002~src=1:0~rup=522-01,2,6,6.96123E+01,4.30749E+02,6.46123E+02,1.39225E-03,2.49793E+02
