taxonomy,business_interruption,contents,nonstructural,occupants,structural
"tax1",3.27330E+02,2.35208E+03,2.90598E+03,6.54661E-03,1.19198E+03
"tax2",1.73508E+02,9.49062E+02,1.41944E+03,3.47016E-03,3.86905E+02
"tax3",3.94458E+01,5.93891E+02,9.69389E+02,7.88917E-04,0.00000E+00
