event_tag,year,aid,business_interruption,contents,nonstructural,occupants:float32,structural
grp=01~ses=0001~src=2~rup=483-01,1,1,2.19343E+01,1.44084E+02,2.16126E+02,4.38686E-04,0.00000E+00
grp=01~ses=0001~src=2~rup=483-01,1,3,0.00000E+00,1.16642E+02,0.00000E+00,0.00000E+00,0.00000E+00
grp=01~ses=0001~src=2~rup=483-01,1,4,3.66219E+01,2.10813E+02,3.16219E+02,7.32438E-04,0.00000E+00
grp=01~ses=0001~src=2~rup=483-01,1,5,2.18206E+01,1.12765E+02,1.69147E+02,4.36411E-04,0.00000E+00
