taxonomy,business_interruption,contents,nonstructural,occupants,structural,business_interruption_ins,contents_ins,nonstructural_ins,occupants_ins,structural_ins
"tax1",2.86005E+02,2.03330E+03,2.55857E+03,5.72011E-03,1.00755E+03,3.11111E+00,3.11111E+00,3.11111E+00,0.00000E+00,1.40000E+00
"tax2",1.23968E+02,5.27820E+03,7.63947E+03,2.47936E-03,2.65251E+02,2.25556E+00,2.64444E+00,2.64444E+00,0.00000E+00,1.32222E+00
"tax3",5.01559E+01,2.07735E+02,1.05887E+03,1.00312E-03,1.49126E+02,1.32222E+00,7.00000E-01,1.16667E+00,0.00000E+00,6.22222E-01
