taxonomy,business_interruption,contents,nonstructural,occupants,structural
"tax1",2.35941E+02,1.64615E+03,2.13518E+03,4.71883E-03,8.70950E+02
"tax2",3.20474E+02,1.39264E+03,1.85849E+03,6.40948E-03,8.21429E+02
"tax3",4.27134E+01,9.14934E+02,1.33351E+03,8.54269E-04,1.19782E+02
