event_tag,year,aid,business_interruption,contents,nonstructural,occupants,structural,business_interruption_ins,contents_ins,nonstructural_ins,occupants_ins,structural_ins
grp=02~ses=0002~rup=504-01,2,1,1.91457E+02,6.20721E+02,8.27663E+02,3.82914E-03,4.94578E+02,7.00000E-01,7.00000E-01,7.00000E-01,0.00000E+00,7.00000E-01
grp=02~ses=0002~rup=504-01,2,2,2.35826E+01,1.24280E+02,1.86420E+02,4.71652E-04,0.00000E+00,7.00000E-01,7.00000E-01,7.00000E-01,0.00000E+00,0.00000E+00
grp=02~ses=0002~rup=504-01,2,3,3.20550E+01,4.67810E+02,7.85903E+02,6.41101E-04,0.00000E+00,7.00000E-01,7.00000E-01,7.00000E-01,0.00000E+00,0.00000E+00
grp=02~ses=0002~rup=504-01,2,4,1.50632E+02,1.24215E+03,1.35579E+03,3.01263E-03,7.52767E+02,7.00000E-01,7.00000E-01,7.00000E-01,0.00000E+00,7.00000E-01
grp=02~ses=0002~rup=504-01,2,5,6.68232E+01,9.11640E+02,1.05018E+03,1.33646E-03,1.45788E+02,7.00000E-01,7.00000E-01,7.00000E-01,0.00000E+00,7.00000E-01
grp=02~ses=0002~rup=504-01,2,6,7.04090E+01,4.34299E+02,6.51449E+02,1.40818E-03,2.45609E+02,7.00000E-01,7.00000E-01,7.00000E-01,0.00000E+00,7.00000E-01
