taxonomy,business_interruption,contents,nonstructural,occupants,structural
"tax1",1.16940E+04,6.92418E+04,1.00619E+05,2.33880E-01,2.07196E+04
"tax2",6.81126E+03,7.12192E+04,1.04730E+05,1.36225E-01,5.93299E+03
"tax3",3.05446E+03,1.21880E+04,2.49249E+04,6.10892E-02,2.23997E+03
