taxonomy,business_interruption,contents,nonstructural,occupants,structural
"tax1",1.18722E+04,7.49131E+04,1.03949E+05,2.37444E-01,3.04257E+04
"tax2",5.33858E+03,5.00565E+04,7.28731E+04,1.06772E-01,1.40891E+03
"tax3",2.32961E+03,9.92669E+03,2.03176E+04,4.65923E-02,6.41108E+02
