taxonomy,business_interruption,contents,nonstructural,occupants,structural
"tax1",1.23301E+04,7.30504E+04,1.06652E+05,2.46603E-01,2.27890E+04
"tax2",8.30075E+03,8.12558E+04,1.20641E+05,1.66015E-01,9.75319E+03
"tax3",3.09833E+03,1.18640E+04,2.48993E+04,6.19667E-02,2.25110E+03
