taxonomy,business_interruption,contents,nonstructural,occupants,structural
"tax1",2.95730E+02,2.09224E+03,2.67993E+03,5.91459E-03,1.09871E+03
"tax2",3.35183E+02,1.34095E+03,1.78663E+03,6.70366E-03,8.65120E+02
"tax3",4.92000E+01,1.29883E+03,1.98467E+03,9.83999E-04,1.29739E+02
