event_tag,year,aid,business_interruption,contents,nonstructural,occupants:float32,structural
grp=01~ses=0001~src=2~rup=483-01,1,0,2.07732E+01,1.05155E+02,1.57732E+02,4.15464E-04,0.00000E+00
grp=01~ses=0001~src=2~rup=483-01,1,1,2.33439E+01,1.63866E+02,2.45799E+02,4.66877E-04,0.00000E+00
grp=01~ses=0001~src=2~rup=483-01,1,3,2.03466E+01,1.25469E+02,1.54242E+02,4.06933E-04,0.00000E+00
grp=01~ses=0001~src=2~rup=483-01,1,4,3.37027E+01,1.91352E+02,2.87027E+02,6.74055E-04,0.00000E+00
grp=01~ses=0001~src=2~rup=483-01,1,5,2.47065E+01,1.30562E+02,1.95843E+02,4.94130E-04,0.00000E+00
grp=01~ses=0001~src=2~rup=483-01,1,6,2.06052E+01,1.04035E+02,1.56052E+02,4.12104E-04,0.00000E+00
