taxonomy,business_interruption,contents,nonstructural,occupants,structural
"tax1",2.94295E+02,1.66197E+03,2.49295E+03,5.88591E-03,3.59835E+02
"tax2",2.35155E+02,2.18324E+03,3.16379E+03,4.70310E-03,2.69898E+02
"tax3",7.93665E+01,2.69773E+02,7.11068E+02,1.58733E-03,0.00000E+00
