taxonomy,business_interruption,contents,nonstructural,occupants,structural
"tax1",3.01374E+02,1.70354E+03,2.55530E+03,6.02749E-03,3.67238E+02
"tax2",2.24033E+02,2.01684E+03,2.91611E+03,4.48067E-03,2.60676E+02
"tax3",8.04916E+01,2.73976E+02,7.60499E+02,1.60983E-03,0.00000E+00
