event_tag,year,aid,business_interruption,contents,nonstructural,occupants,structural,business_interruption_ins,contents_ins,nonstructural_ins,occupants_ins,structural_ins
grp=02~ses=0002~rup=504-01,2,0,2.17306E+01,1.10139E+02,1.65209E+02,4.34612E-04,0.00000E+00,7.00000E-01,7.00000E-01,7.00000E-01,0.00000E+00,0.00000E+00
grp=02~ses=0002~rup=504-01,2,1,1.09306E+02,4.54107E+02,6.80338E+02,2.18611E-03,2.36910E+02,7.00000E-01,7.00000E-01,7.00000E-01,0.00000E+00,7.00000E-01
grp=02~ses=0002~rup=504-01,2,2,2.48158E+01,1.32524E+02,1.98786E+02,4.96317E-04,0.00000E+00,7.00000E-01,7.00000E-01,7.00000E-01,0.00000E+00,0.00000E+00
grp=02~ses=0002~rup=504-01,2,3,2.99345E+01,3.52149E+02,5.68357E+02,5.98691E-04,0.00000E+00,7.00000E-01,7.00000E-01,7.00000E-01,0.00000E+00,0.00000E+00
grp=02~ses=0002~rup=504-01,2,4,1.04933E+02,7.85403E+02,9.59452E+02,2.09866E-03,4.59374E+02,7.00000E-01,7.00000E-01,7.00000E-01,0.00000E+00,7.00000E-01
grp=02~ses=0002~rup=504-01,2,5,4.80691E+01,6.19268E+02,8.00092E+02,9.61381E-04,1.15832E+02,7.00000E-01,7.00000E-01,7.00000E-01,0.00000E+00,7.00000E-01
grp=02~ses=0002~rup=504-01,2,6,5.23370E+01,3.14230E+02,4.71346E+02,1.04674E-03,1.60474E+02,7.00000E-01,7.00000E-01,7.00000E-01,0.00000E+00,7.00000E-01
