taxonomy,business_interruption,contents,nonstructural,occupants,structural
"tax1",1.18947E+04,7.51158E+04,1.04152E+05,2.37895E-01,3.05159E+04
"tax2",5.33392E+03,5.13414E+04,7.49739E+04,1.06678E-01,1.48361E+03
"tax3",2.33633E+03,9.62670E+03,2.13828E+04,4.67266E-02,6.73567E+02
