taxonomy,business_interruption,contents,nonstructural,occupants,structural,business_interruption_ins,contents_ins,nonstructural_ins,occupants_ins,structural_ins
"tax1",2.11978E+02,1.43398E+03,1.87457E+03,4.23956E-03,6.95553E+02,2.80000E+00,2.80000E+00,2.80000E+00,0.00000E+00,1.40000E+00
"tax2",1.77556E+02,1.16517E+03,1.55991E+03,3.55111E-03,4.10266E+02,2.33333E+00,2.33333E+00,2.33333E+00,0.00000E+00,1.40000E+00
"tax3",4.37046E+01,3.75281E+02,6.11866E+02,8.74092E-04,0.00000E+00,1.16667E+00,1.16667E+00,1.16667E+00,0.00000E+00,0.00000E+00
