event_tag,year,aid,business_interruption,contents,nonstructural,occupants:float32,structural
grp=02~ses=0002~src=1~rup=522-01,2,0,2.20290E+01,1.11653E+02,1.67480E+02,4.40580E-04,0.00000E+00
grp=02~ses=0002~src=1~rup=522-01,2,1,1.33442E+02,5.27944E+02,7.87765E+02,2.66884E-03,2.84015E+02
grp=02~ses=0002~src=1~rup=522-01,2,2,2.73453E+01,1.47682E+02,2.21523E+02,5.46905E-04,0.00000E+00
grp=02~ses=0002~src=1~rup=522-01,2,3,3.94458E+01,5.93891E+02,9.69389E+02,7.88917E-04,0.00000E+00
grp=02~ses=0002~src=1~rup=522-01,2,4,2.23818E+02,1.76755E+03,2.02917E+03,4.47637E-03,1.02739E+03
grp=02~ses=0002~src=1~rup=522-01,2,5,4.00662E+01,4.21118E+02,6.31678E+02,8.01324E-04,1.02890E+02
grp=02~ses=0002~src=1~rup=522-01,2,6,5.41379E+01,3.25204E+02,4.87806E+02,1.08276E-03,1.64592E+02
