taxonomy,business_interruption,contents,nonstructural,occupants,structural,business_interruption_ins,contents_ins,nonstructural_ins,occupants_ins,structural_ins
"tax1",1.89777E+02,1.10845E+03,1.62970E+03,3.79554E-03,3.99625E+02,2.80000E+00,2.80000E+00,2.80000E+00,0.00000E+00,1.40000E+00
"tax2",1.14870E+02,1.53921E+03,1.89340E+03,2.29741E-03,1.42837E+02,1.40000E+00,1.40000E+00,1.40000E+00,0.00000E+00,7.00000E-01
"tax3",4.58380E+01,1.59530E+02,5.72133E+02,9.16761E-04,0.00000E+00,7.00000E-01,7.00000E-01,7.00000E-01,0.00000E+00,0.00000E+00
