event_tag,year,aid,business_interruption,contents,nonstructural,occupants,structural,business_interruption_ins,contents_ins,nonstructural_ins,occupants_ins,structural_ins
grp=01~ses=0001~rup=483-01,1,0,2.16410E+01,1.09547E+02,1.64321E+02,4.32819E-04,0.00000E+00,7.00000E-01,7.00000E-01,7.00000E-01,0.00000E+00,0.00000E+00
grp=01~ses=0001~rup=483-01,1,1,2.27091E+01,1.58209E+02,2.37313E+02,4.54182E-04,0.00000E+00,7.00000E-01,7.00000E-01,7.00000E-01,0.00000E+00,0.00000E+00
grp=01~ses=0001~rup=483-01,1,3,1.97315E+01,1.21029E+02,1.49561E+02,3.94630E-04,0.00000E+00,7.00000E-01,7.00000E-01,7.00000E-01,0.00000E+00,0.00000E+00
grp=01~ses=0001~rup=483-01,1,4,3.18872E+01,1.81043E+02,2.71565E+02,6.37743E-04,0.00000E+00,7.00000E-01,7.00000E-01,7.00000E-01,0.00000E+00,0.00000E+00
grp=01~ses=0001~rup=483-01,1,5,2.34080E+01,1.23734E+02,1.85601E+02,4.68161E-04,0.00000E+00,7.00000E-01,7.00000E-01,7.00000E-01,0.00000E+00,0.00000E+00
grp=01~ses=0001~rup=483-01,1,6,2.09577E+01,1.05815E+02,1.58722E+02,4.19154E-04,0.00000E+00,7.00000E-01,7.00000E-01,7.00000E-01,0.00000E+00,0.00000E+00
