event_tag,year,aid,business_interruption,contents,nonstructural,occupants:float32,structural
grp=01~ses=0001~src=2~rup=483-01,1,0,2.19361E+01,1.11041E+02,1.66562E+02,4.38722E-04,0.00000E+00
grp=01~ses=0001~src=2~rup=483-01,1,1,2.36587E+01,1.66636E+02,2.49954E+02,4.73173E-04,0.00000E+00
grp=01~ses=0001~src=2~rup=483-01,1,3,2.17764E+01,1.35838E+02,1.65123E+02,4.35528E-04,0.00000E+00
grp=01~ses=0001~src=2~rup=483-01,1,4,3.69903E+01,2.10017E+02,3.15026E+02,7.39806E-04,0.00000E+00
grp=01~ses=0001~src=2~rup=483-01,1,5,2.38116E+01,1.25857E+02,1.88785E+02,4.76233E-04,0.00000E+00
grp=01~ses=0001~src=2~rup=483-01,1,6,2.12090E+01,1.07083E+02,1.60625E+02,4.24179E-04,0.00000E+00
