taxonomy,business_interruption,contents,nonstructural,occupants,structural,business_interruption_ins,contents_ins,nonstructural_ins,occupants_ins,structural_ins
"tax1",1.47206E+02,8.29388E+02,1.24408E+03,2.94412E-03,1.10476E+02,2.10000E+00,2.10000E+00,2.10000E+00,0.00000E+00,7.00000E-01
"tax2",1.11756E+02,6.18894E+02,9.28340E+02,2.23513E-03,3.30889E+01,1.40000E+00,1.40000E+00,1.40000E+00,0.00000E+00,2.33333E-01
"tax3",2.99345E+01,2.37269E+02,4.64573E+02,5.98691E-04,0.00000E+00,7.00000E-01,7.00000E-01,7.00000E-01,0.00000E+00,0.00000E+00
