event_tag,year,aid,business_interruption,contents,nonstructural,occupants:float32,structural
grp=02~ses=0002~src=1~rup=522-01,2,1,2.83775E+02,7.69838E+02,1.01055E+03,5.67550E-03,7.44029E+02
grp=02~ses=0002~src=1~rup=522-01,2,2,2.80079E+01,1.52070E+02,2.28105E+02,5.60158E-04,0.00000E+00
grp=02~ses=0002~src=1~rup=522-01,2,3,4.92000E+01,1.29883E+03,1.98467E+03,9.83999E-04,1.29739E+02
grp=02~ses=0002~src=1~rup=522-01,2,4,1.91286E+02,1.46719E+03,1.74237E+03,3.82571E-03,8.31265E+02
grp=02~ses=0002~src=1~rup=522-01,2,5,5.14082E+01,5.71116E+02,7.76074E+02,1.02816E-03,1.21091E+02
grp=02~ses=0002~src=1~rup=522-01,2,6,7.64363E+01,4.72974E+02,7.09461E+02,1.52873E-03,2.67449E+02
