event_tag,year,aid,business_interruption,contents,nonstructural,occupants:float32,structural
grp=01~ses=0001~src=2~rup=483-01,1,1,2.22129E+01,1.46287E+02,2.19430E+02,4.44258E-04,0.00000E+00
grp=01~ses=0001~src=2~rup=483-01,1,3,0.00000E+00,1.25730E+02,0.00000E+00,0.00000E+00,0.00000E+00
grp=01~ses=0001~src=2~rup=483-01,1,4,4.05142E+01,2.33218E+02,3.49828E+02,8.10284E-04,0.00000E+00
grp=01~ses=0001~src=2~rup=483-01,1,5,2.11225E+01,1.09142E+02,1.63713E+02,4.22450E-04,0.00000E+00
