taxonomy,business_interruption,contents,nonstructural,occupants,structural,business_interruption_ins,contents_ins,nonstructural_ins,occupants_ins,structural_ins
"tax1",1.92030E+02,1.16346E+03,1.64800E+03,3.84060E-03,3.42499E+02,2.80000E+00,2.80000E+00,2.80000E+00,0.00000E+00,1.01111E+00
"tax2",1.42528E+02,8.79869E+02,1.26219E+03,2.85056E-03,2.11922E+02,1.40000E+00,1.40000E+00,1.40000E+00,0.00000E+00,1.01111E+00
"tax3",2.99345E+01,2.93853E+02,5.37511E+02,5.98691E-04,0.00000E+00,7.00000E-01,7.00000E-01,7.00000E-01,0.00000E+00,0.00000E+00
