event_tag,year,aid,business_interruption,contents,nonstructural,occupants:float32,structural
grp=02~ses=0002~src=1:0~rup=522-01,2,0,2.08567E+01,1.05711E+02,1.58567E+02,4.17134E-04,0.00000E+00
grp=02~ses=0002~src=1:0~rup=522-01,2,1,1.26614E+02,5.06789E+02,7.56199E+02,2.53227E-03,2.70668E+02
grp=02~ses=0002~src=1:0~rup=522-01,2,2,2.63293E+01,1.42195E+02,2.13293E+02,5.26586E-04,0.00000E+00
grp=02~ses=0002~src=1:0~rup=522-01,2,3,3.51066E+01,4.65164E+02,7.47452E+02,7.02132E-04,0.00000E+00
grp=02~ses=0002~src=1:0~rup=522-01,2,4,1.58156E+02,1.24899E+03,1.43386E+03,3.16312E-03,7.38474E+02
grp=02~ses=0002~src=1:0~rup=522-01,2,5,4.27417E+01,4.73665E+02,7.10498E+02,8.54835E-04,1.06639E+02
grp=02~ses=0002~src=1:0~rup=522-01,2,6,5.05264E+01,3.03509E+02,4.55264E+02,1.01053E-03,1.57544E+02
