taxonomy,business_interruption,contents,nonstructural,occupants,structural
"tax1",1.11955E+04,6.89998E+04,9.78496E+04,2.23910E-01,2.68486E+04
"tax2",5.20788E+03,4.72185E+04,6.95380E+04,1.04158E-01,1.59801E+03
"tax3",2.47193E+03,1.11888E+04,2.20145E+04,4.94385E-02,5.52775E+02
