taxonomy,business_interruption,contents,nonstructural,occupants,structural
"tax1",2.86822E+03,1.14113E+04,2.34458E+04,5.73644E-02,1.26369E+04
"tax2",9.83548E+02,1.57683E+04,3.06569E+04,1.96710E-02,2.34275E+03
"tax3",2.39560E+02,1.91829E+03,3.04208E+03,4.79121E-03,6.44874E+02
