taxonomy,business_interruption,contents,nonstructural,occupants,structural
"tax1",1.18441E+04,7.46934E+04,1.03609E+05,2.36882E-01,2.99199E+04
"tax2",5.59472E+03,5.02696E+04,7.20234E+04,1.11894E-01,2.66607E+03
"tax3",2.44001E+03,1.02607E+04,2.10163E+04,4.88002E-02,5.03594E+02
