taxonomy,business_interruption,contents,nonstructural,occupants,structural
"tax1",2.92984E+03,1.15302E+04,2.35136E+04,5.85968E-02,1.31964E+04
"tax2",1.71181E+03,1.64339E+04,1.93235E+04,3.42363E-02,4.52587E+03
"tax3",2.99955E+02,4.58259E+03,5.56584E+03,5.99911E-03,1.10888E+03
