taxonomy,business_interruption,contents,nonstructural,occupants,structural,business_interruption_ins,contents_ins,nonstructural_ins,occupants_ins,structural_ins
"tax1",1.71723E+02,9.63700E+02,1.44555E+03,3.43447E-03,2.20330E+02,2.80000E+00,2.80000E+00,2.80000E+00,0.00000E+00,1.01111E+00
"tax2",7.48656E+01,7.83826E+02,1.17574E+03,1.49731E-03,0.00000E+00,1.40000E+00,1.40000E+00,1.40000E+00,0.00000E+00,0.00000E+00
"tax3",2.71224E+01,1.33387E+02,3.51831E+02,5.42448E-04,0.00000E+00,7.00000E-01,7.00000E-01,7.00000E-01,0.00000E+00,0.00000E+00
