taxonomy,business_interruption,contents,nonstructural,occupants,structural
"tax1",2.79133E+02,1.74624E+03,2.45475E+03,5.58266E-03,6.39192E+02
"tax2",1.80312E+02,1.47757E+03,2.21636E+03,3.60625E-03,1.23086E+02
"tax3",4.83128E+01,2.48301E+02,4.78082E+02,9.66256E-04,0.00000E+00
