taxonomy,business_interruption,contents,nonstructural,occupants,structural
"tax1",1.55043E+03,1.12399E+04,1.39876E+04,3.10087E-02,6.19708E+03
"tax2",8.45547E+02,1.66416E+04,1.99557E+04,1.69109E-02,1.82042E+03
"tax3",6.28719E+02,6.33572E+03,1.51276E+04,1.25744E-02,2.61106E+03
