taxonomy,business_interruption,contents,nonstructural,occupants,structural
"tax1",2.88999E+02,1.81788E+03,2.54170E+03,5.77997E-03,6.63271E+02
"tax2",1.74226E+02,1.39778E+03,2.09667E+03,3.48452E-03,1.19170E+02
"tax3",4.83491E+01,2.52162E+02,5.04177E+02,9.66981E-04,0.00000E+00
