taxonomy,business_interruption,contents,nonstructural,occupants,structural
"tax1",2.55868E+02,1.80041E+03,2.26099E+03,5.11737E-03,8.96019E+02
"tax2",1.69355E+02,9.80455E+02,1.46670E+03,3.38711E-03,3.77307E+02
"tax3",3.51066E+01,4.65164E+02,7.47452E+02,7.02132E-04,0.00000E+00
