taxonomy,business_interruption,contents,nonstructural,occupants,structural,business_interruption_ins,contents_ins,nonstructural_ins,occupants_ins,structural_ins
"tax1",2.00855E+02,1.31913E+03,1.76055E+03,4.01709E-03,5.64493E+02,2.87875E+00,2.87875E+00,2.87875E+00,0.00000E+00,1.22500E+00
"tax2",1.66779E+02,1.05643E+03,1.43285E+03,3.33559E-03,3.33376E+02,1.75000E+00,1.75000E+00,1.75000E+00,0.00000E+00,1.15500E+00
"tax3",3.49182E+01,3.46110E+02,5.88027E+02,6.98363E-04,0.00000E+00,8.75000E-01,8.75000E-01,8.75000E-01,0.00000E+00,0.00000E+00
