# mean, investigation_time=1.0
lon,lat,PGA-0.1,PGA-0.4,PGA-0.6,PGA-1.0
0.00000,0.00000,1.067446E-02,8.034880E-04,9.711464E-05,0.000000E+00
