# mean, investigation_time=1.0, imt="PGA", checksum=2496930815
lon,lat,depth,poe-0.1000000,poe-0.4000000,poe-0.6000000,poe-1.0000000
0.00000,0.00000,0.00000,1.067446E-02,8.034880E-04,9.711464E-05,0.000000E+00
