# mean, investigation_time=1.0, imt="PGA"
lon,lat,depth,poe-0.1,poe-0.4,poe-0.6,poe-1.0
0.00000,0.00000,0.00000,1.067446E-02,8.034880E-04,9.711464E-05,0.000000E+00
