# quantile-0.9, investigation_time=1.0, imt="PGA", checksum=2496930815
lon,lat,depth,poe-0.1000000,poe-0.4000000,poe-0.6000000,poe-1.0000000
0.00000,0.00000,0.00000,1.398234E-02,1.044347E-03,1.171281E-04,0.000000E+00
