# quantile-0.1, investigation_time=1.0, imt="PGA", checksum=2496930815
lon,lat,depth,poe-0.1000000,poe-0.4000000,poe-0.6000000,poe-1.0000000
0.00000,0.00000,0.00000,5.527092E-03,4.216419E-04,5.751541E-05,0.000000E+00
