# quantile-0.9, investigation_time=1.0
lon,lat,PGA-0.1,PGA-0.4,PGA-0.6,PGA-1.0
0.00000,0.00000,1.398234E-02,1.044347E-03,1.171281E-04,0.000000E+00
