# quantile-0.1, investigation_time=1.0
lon,lat,PGA-0.1,PGA-0.4,PGA-0.6,PGA-1.0
0.00000,0.00000,5.527092E-03,4.216419E-04,5.751541E-05,0.000000E+00
