lat,lon,region,vs30,vs30measured,xvf,z1pt0,z2pt5
41.4,9.18213,3,800,True,150.0,31.07,0.57
41.5,8.98213,3,800,True,150.0,31.07,0.57
41.5,9.08213,3,800,True,150.0,31.07,0.57
41.5,9.18213,3,800,True,150.0,31.07,0.57
41.6,8.78213,3,800,True,150.0,31.07,0.57
41.6,8.88213,3,800,True,150.0,31.07,0.57
41.6,8.98213,3,800,True,150.0,31.07,0.57
41.6,9.08213,3,800,True,150.0,31.07,0.57
41.6,9.18213,3,800,True,150.0,31.07,0.57
41.6,9.28213,3,800,True,150.0,31.07,0.57
41.7,8.78213,3,800,True,150.0,31.07,0.57
41.7,8.88213,3,800,True,150.0,31.07,0.57
41.7,8.98213,3,800,True,150.0,31.07,0.57
41.7,9.08213,3,800,True,150.0,31.07,0.57
41.7,9.18213,3,800,True,150.0,31.07,0.57
41.7,9.28213,3,800,True,150.0,31.07,0.57
41.7,9.38213,3,800,True,150.0,31.07,0.57
41.8,8.78213,3,800,True,150.0,31.07,0.57
41.8,8.88213,3,800,True,150.0,31.07,0.57
41.8,8.98213,3,800,True,150.0,31.07,0.57
41.8,9.08213,3,800,True,150.0,31.07,0.57
41.8,9.18213,3,800,True,150.0,31.07,0.57
41.8,9.28213,3,800,True,150.0,31.07,0.57
41.8,9.38213,3,800,True,150.0,31.07,0.57
41.9,8.88213,3,800,True,150.0,31.07,0.57
41.9,8.98213,3,800,True,150.0,31.07,0.57
41.9,9.08213,3,800,True,150.0,31.07,0.57
41.9,9.18213,3,800,True,150.0,31.07,0.57
41.9,9.28213,3,800,True,150.0,31.07,0.57
41.9,9.38213,3,800,True,150.0,31.07,0.57
42.0,8.68213,3,800,True,150.0,31.07,0.57
42.0,8.78213,3,800,True,150.0,31.07,0.57
42.0,8.88213,3,800,True,150.0,31.07,0.57
42.0,8.98213,3,800,True,150.0,31.07,0.57
42.0,9.08213,3,800,True,150.0,31.07,0.57
42.0,9.18213,3,800,True,150.0,31.07,0.57
42.0,9.28213,3,800,True,150.0,31.07,0.57
42.0,9.38213,3,800,True,150.0,31.07,0.57
42.1,8.78213,3,800,True,150.0,31.07,0.57
42.1,8.88213,3,800,True,150.0,31.07,0.57
42.1,8.98213,3,800,True,150.0,31.07,0.57
42.1,9.08213,3,800,True,150.0,31.07,0.57
42.1,9.18213,3,800,True,150.0,31.07,0.57
42.1,9.28213,3,800,True,150.0,31.07,0.57
42.1,9.38213,3,800,True,150.0,31.07,0.57
42.1,9.48213,3,800,True,150.0,31.07,0.57
42.2,8.68213,3,800,True,150.0,31.07,0.57
42.2,8.78213,3,800,True,150.0,31.07,0.57
42.2,8.88213,3,800,True,150.0,31.07,0.57
42.2,8.98213,3,800,True,150.0,31.07,0.57
42.2,9.08213,3,800,True,150.0,31.07,0.57
42.2,9.18213,3,800,True,150.0,31.07,0.57
42.2,9.28213,3,800,True,150.0,31.07,0.57
42.2,9.38213,3,800,True,150.0,31.07,0.57
42.2,9.48213,3,800,True,150.0,31.07,0.57
42.3,8.68213,3,800,True,150.0,31.07,0.57
42.3,8.78213,3,800,True,150.0,31.07,0.57
42.3,8.88213,3,800,True,150.0,31.07,0.57
42.3,8.98213,3,800,True,150.0,31.07,0.57
42.3,9.08213,3,800,True,150.0,31.07,0.57
42.3,9.18213,3,800,True,150.0,31.07,0.57
42.3,9.28213,3,800,True,150.0,31.07,0.57
42.3,9.38213,3,800,True,150.0,31.07,0.57
42.3,9.48213,3,800,True,150.0,31.07,0.57
42.4,8.68213,3,800,True,150.0,31.07,0.57
42.4,8.78213,3,800,True,150.0,31.07,0.57
42.4,8.88213,3,800,True,150.0,31.07,0.57
42.4,8.98213,3,800,True,150.0,31.07,0.57
42.4,9.08213,3,800,True,150.0,31.07,0.57
42.4,9.18213,3,800,True,150.0,31.07,0.57
42.4,9.28213,3,800,True,150.0,31.07,0.57
42.4,9.38213,3,800,True,150.0,31.07,0.57
42.4,9.48213,3,800,True,150.0,31.07,0.57
42.4,1.98213,5,800,True,150.0,31.07,0.57
42.4,2.08213,5,800,True,150.0,31.07,0.57
42.4,2.48213,5,800,True,150.0,31.07,0.57
42.4,2.58213,5,800,True,150.0,31.07,0.57
42.5,8.68213,3,800,True,150.0,31.07,0.57
42.5,8.78213,3,800,True,150.0,31.07,0.57
42.5,8.88213,3,800,True,150.0,31.07,0.57
42.5,8.98213,3,800,True,150.0,31.07,0.57
42.5,9.08213,3,800,True,150.0,31.07,0.57
42.5,9.18213,3,800,True,150.0,31.07,0.57
42.5,9.28213,3,800,True,150.0,31.07,0.57
42.5,9.38213,3,800,True,150.0,31.07,0.57
42.5,9.48213,3,800,True,150.0,31.07,0.57
42.5,1.78213,5,800,True,150.0,31.07,0.57
42.5,1.88213,5,800,True,150.0,31.07,0.57
42.5,1.98213,5,800,True,150.0,31.07,0.57
42.5,2.08213,5,800,True,150.0,31.07,0.57
42.5,2.18213,5,800,True,150.0,31.07,0.57
42.5,2.28213,5,800,True,150.0,31.07,0.57
42.5,2.38213,5,800,True,150.0,31.07,0.57
42.5,2.48213,5,800,True,150.0,31.07,0.57
42.5,2.58213,5,800,True,150.0,31.07,0.57
42.5,2.68213,5,800,True,150.0,31.07,0.57
42.5,2.78213,5,800,True,150.0,31.07,0.57
42.5,2.88213,5,800,True,150.0,31.07,0.57
42.5,2.98213,5,800,True,150.0,31.07,0.57
42.5,3.08213,5,800,True,150.0,31.07,0.57
42.6,8.88213,3,800,True,150.0,31.07,0.57
42.6,8.98213,3,800,True,150.0,31.07,0.57
42.6,9.08213,3,800,True,150.0,31.07,0.57
42.6,9.18213,3,800,True,150.0,31.07,0.57
42.6,9.28213,3,800,True,150.0,31.07,0.57
42.6,9.38213,3,800,True,150.0,31.07,0.57
42.6,9.48213,3,800,True,150.0,31.07,0.57
42.6,1.78213,5,800,True,150.0,31.07,0.57
42.6,1.88213,5,800,True,150.0,31.07,0.57
42.6,1.98213,5,800,True,150.0,31.07,0.57
42.6,2.08213,5,800,True,150.0,31.07,0.57
42.6,2.18213,5,800,True,150.0,31.07,0.57
42.6,2.28213,5,800,True,150.0,31.07,0.57
42.6,2.38213,5,800,True,150.0,31.07,0.57
42.6,2.48213,5,800,True,150.0,31.07,0.57
42.6,2.58213,5,800,True,150.0,31.07,0.57
42.6,2.68213,5,800,True,150.0,31.07,0.57
42.6,2.78213,5,800,True,150.0,31.07,0.57
42.6,2.88213,5,800,True,150.0,31.07,0.57
42.6,2.98213,5,800,True,150.0,31.07,0.57
42.7,9.08213,3,800,True,150.0,31.07,0.57
42.7,9.18213,3,800,True,150.0,31.07,0.57
42.7,9.38213,3,800,True,150.0,31.07,0.57
42.7,-0.01787,5,800,True,150.0,31.07,0.57
42.7,0.28213,5,800,True,150.0,31.07,0.57
42.7,0.48213,5,800,True,150.0,31.07,0.57
42.7,0.58213,5,800,True,150.0,31.07,0.57
42.7,1.38213,5,800,True,150.0,31.07,0.57
42.7,1.48213,5,800,True,150.0,31.07,0.57
42.7,1.58213,5,800,True,150.0,31.07,0.57
42.7,1.68213,5,800,True,150.0,31.07,0.57
42.7,1.78213,5,800,True,150.0,31.07,0.57
42.7,1.88213,5,800,True,150.0,31.07,0.57
42.7,1.98213,5,800,True,150.0,31.07,0.57
42.7,2.08213,5,800,True,150.0,31.07,0.57
42.7,2.18213,5,800,True,150.0,31.07,0.57
42.7,2.28213,5,800,True,150.0,31.07,0.57
42.7,2.38213,5,800,True,150.0,31.07,0.57
42.7,2.48213,5,800,True,150.0,31.07,0.57
42.7,2.58213,5,800,True,150.0,31.07,0.57
42.7,2.68213,5,800,True,150.0,31.07,0.57
42.7,2.78213,5,800,True,150.0,31.07,0.57
42.7,2.88213,5,800,True,150.0,31.07,0.57
42.7,2.98213,5,800,True,150.0,31.07,0.57
42.8,9.38213,3,800,True,150.0,31.07,0.57
42.8,9.48213,3,800,True,150.0,31.07,0.57
42.8,-0.41787,5,800,True,150.0,31.07,0.57
42.8,-0.11787,5,800,True,150.0,31.07,0.57
42.8,-0.01787,5,800,True,150.0,31.07,0.57
42.8,0.08213,5,800,True,150.0,31.07,0.57
42.8,0.18213,5,800,True,150.0,31.07,0.57
42.8,0.28213,5,800,True,150.0,31.07,0.57
42.8,0.38213,5,800,True,150.0,31.07,0.57
42.8,0.48213,5,800,True,150.0,31.07,0.57
42.8,0.58213,5,800,True,150.0,31.07,0.57
42.8,0.98213,5,800,True,150.0,31.07,0.57
42.8,1.08213,5,800,True,150.0,31.07,0.57
42.8,1.18213,5,800,True,150.0,31.07,0.57
42.8,1.28213,5,800,True,150.0,31.07,0.57
42.8,1.38213,5,800,True,150.0,31.07,0.57
42.8,1.48213,5,800,True,150.0,31.07,0.57
42.8,1.58213,5,800,True,150.0,31.07,0.57
42.8,1.68213,5,800,True,150.0,31.07,0.57
42.8,1.78213,5,800,True,150.0,31.07,0.57
42.8,1.88213,5,800,True,150.0,31.07,0.57
42.8,1.98213,5,800,True,150.0,31.07,0.57
42.8,2.08213,5,800,True,150.0,31.07,0.57
42.8,2.18213,5,800,True,150.0,31.07,0.57
42.8,2.28213,5,800,True,150.0,31.07,0.57
42.8,2.38213,5,800,True,150.0,31.07,0.57
42.8,2.48213,5,800,True,150.0,31.07,0.57
42.8,2.58213,5,800,True,150.0,31.07,0.57
42.8,2.68213,5,800,True,150.0,31.07,0.57
42.8,2.78213,5,800,True,150.0,31.07,0.57
42.8,2.88213,5,800,True,150.0,31.07,0.57
42.8,2.98213,5,800,True,150.0,31.07,0.57
42.9,9.38213,3,800,True,150.0,31.07,0.57
42.9,-0.71787,5,800,True,150.0,31.07,0.57
42.9,-0.61787,5,800,True,150.0,31.07,0.57
42.9,-0.51787,5,800,True,150.0,31.07,0.57
42.9,-0.41787,5,800,True,150.0,31.07,0.57
42.9,-0.31787,5,800,True,150.0,31.07,0.57
42.9,-0.21787,5,800,True,150.0,31.07,0.57
42.9,-0.11787,5,800,True,150.0,31.07,0.57
42.9,-0.01787,5,800,True,150.0,31.07,0.57
42.9,0.08213,5,800,True,150.0,31.07,0.57
42.9,0.18213,5,800,True,150.0,31.07,0.57
42.9,0.28213,5,800,True,150.0,31.07,0.57
42.9,0.38213,5,800,True,150.0,31.07,0.57
42.9,0.48213,5,800,True,150.0,31.07,0.57
42.9,0.58213,5,800,True,150.0,31.07,0.57
42.9,0.68213,5,800,True,150.0,31.07,0.57
42.9,0.78213,5,800,True,150.0,31.07,0.57
42.9,0.88213,5,800,True,150.0,31.07,0.57
42.9,0.98213,5,800,True,150.0,31.07,0.57
42.9,1.08213,5,800,True,150.0,31.07,0.57
42.9,1.18213,5,800,True,150.0,31.07,0.57
42.9,1.28213,5,800,True,150.0,31.07,0.57
42.9,1.38213,5,800,True,150.0,31.07,0.57
42.9,1.48213,5,800,True,150.0,31.07,0.57
42.9,1.58213,5,800,True,150.0,31.07,0.57
42.9,1.68213,5,800,True,150.0,31.07,0.57
42.9,1.78213,5,800,True,150.0,31.07,0.57
42.9,1.88213,5,800,True,150.0,31.07,0.57
42.9,1.98213,5,800,True,150.0,31.07,0.57
42.9,2.08213,5,800,True,150.0,31.07,0.57
42.9,2.18213,5,800,True,150.0,31.07,0.57
42.9,2.28213,5,800,True,150.0,31.07,0.57
42.9,2.38213,5,800,True,150.0,31.07,0.57
42.9,2.48213,5,800,True,150.0,31.07,0.57
42.9,2.58213,5,800,True,150.0,31.07,0.57
42.9,2.68213,5,800,True,150.0,31.07,0.57
42.9,2.78213,5,800,True,150.0,31.07,0.57
42.9,2.88213,5,800,True,150.0,31.07,0.57
42.9,2.98213,5,800,True,150.0,31.07,0.57
43.0,6.18213,2,800,True,150.0,31.07,0.57
43.0,6.38213,2,800,True,150.0,31.07,0.57
43.0,9.38213,3,800,True,150.0,31.07,0.57
43.0,-1.01787,5,800,True,150.0,31.07,0.57
43.0,-0.91787,5,800,True,150.0,31.07,0.57
43.0,-0.81787,5,800,True,150.0,31.07,0.57
43.0,-0.71787,5,800,True,150.0,31.07,0.57
43.0,-0.61787,5,800,True,150.0,31.07,0.57
43.0,-0.51787,5,800,True,150.0,31.07,0.57
43.0,-0.41787,5,800,True,150.0,31.07,0.57
43.0,-0.31787,5,800,True,150.0,31.07,0.57
43.0,-0.21787,5,800,True,150.0,31.07,0.57
43.0,-0.11787,5,800,True,150.0,31.07,0.57
43.0,-0.01787,5,800,True,150.0,31.07,0.57
43.0,0.08213,5,800,True,150.0,31.07,0.57
43.0,0.18213,5,800,True,150.0,31.07,0.57
43.0,0.28213,5,800,True,150.0,31.07,0.57
43.0,0.38213,5,800,True,150.0,31.07,0.57
43.0,0.48213,5,800,True,150.0,31.07,0.57
43.0,0.58213,5,800,True,150.0,31.07,0.57
43.0,0.68213,5,800,True,150.0,31.07,0.57
43.0,0.78213,5,800,True,150.0,31.07,0.57
43.0,0.88213,5,800,True,150.0,31.07,0.57
43.0,0.98213,5,800,True,150.0,31.07,0.57
43.0,1.08213,5,800,True,150.0,31.07,0.57
43.0,1.18213,5,800,True,150.0,31.07,0.57
43.0,1.28213,5,800,True,150.0,31.07,0.57
43.0,1.38213,5,800,True,150.0,31.07,0.57
43.0,1.48213,5,800,True,150.0,31.07,0.57
43.0,1.58213,5,800,True,150.0,31.07,0.57
43.0,1.68213,5,800,True,150.0,31.07,0.57
43.0,1.78213,5,800,True,150.0,31.07,0.57
43.0,1.88213,5,800,True,150.0,31.07,0.57
43.0,1.98213,5,800,True,150.0,31.07,0.57
43.0,2.08213,5,800,True,150.0,31.07,0.57
43.0,2.18213,5,800,True,150.0,31.07,0.57
43.0,2.28213,5,800,True,150.0,31.07,0.57
43.0,2.38213,5,800,True,150.0,31.07,0.57
43.0,2.48213,5,800,True,150.0,31.07,0.57
43.0,2.58213,5,800,True,150.0,31.07,0.57
43.0,2.68213,5,800,True,150.0,31.07,0.57
43.0,2.78213,5,800,True,150.0,31.07,0.57
43.0,2.88213,5,800,True,150.0,31.07,0.57
43.0,2.98213,5,800,True,150.0,31.07,0.57
43.1,5.88213,2,800,True,150.0,31.07,0.57
43.1,6.08213,2,800,True,150.0,31.07,0.57
43.1,-1.41787,5,800,True,150.0,31.07,0.57
43.1,-1.21787,5,800,True,150.0,31.07,0.57
43.1,-1.11787,5,800,True,150.0,31.07,0.57
43.1,-1.01787,5,800,True,150.0,31.07,0.57
43.1,-0.91787,5,800,True,150.0,31.07,0.57
43.1,-0.81787,5,800,True,150.0,31.07,0.57
43.1,-0.71787,5,800,True,150.0,31.07,0.57
43.1,-0.61787,5,800,True,150.0,31.07,0.57
43.1,-0.51787,5,800,True,150.0,31.07,0.57
43.1,-0.41787,5,800,True,150.0,31.07,0.57
43.1,-0.31787,5,800,True,150.0,31.07,0.57
43.1,-0.21787,5,800,True,150.0,31.07,0.57
43.1,-0.11787,5,800,True,150.0,31.07,0.57
43.1,-0.01787,5,800,True,150.0,31.07,0.57
43.1,0.08213,5,800,True,150.0,31.07,0.57
43.1,0.18213,5,800,True,150.0,31.07,0.57
43.1,0.28213,5,800,True,150.0,31.07,0.57
43.1,0.38213,5,800,True,150.0,31.07,0.57
43.1,0.48213,5,800,True,150.0,31.07,0.57
43.1,0.58213,5,800,True,150.0,31.07,0.57
43.1,0.68213,5,800,True,150.0,31.07,0.57
43.1,0.78213,5,800,True,150.0,31.07,0.57
43.1,0.88213,5,800,True,150.0,31.07,0.57
43.1,0.98213,5,800,True,150.0,31.07,0.57
43.1,1.08213,5,800,True,150.0,31.07,0.57
43.1,1.18213,5,800,True,150.0,31.07,0.57
43.1,1.28213,5,800,True,150.0,31.07,0.57
43.1,1.38213,5,800,True,150.0,31.07,0.57
43.1,1.48213,5,800,True,150.0,31.07,0.57
43.1,1.58213,5,800,True,150.0,31.07,0.57
43.1,1.68213,5,800,True,150.0,31.07,0.57
43.1,1.78213,5,800,True,150.0,31.07,0.57
43.1,1.88213,5,800,True,150.0,31.07,0.57
43.1,1.98213,5,800,True,150.0,31.07,0.57
43.1,2.08213,5,800,True,150.0,31.07,0.57
43.1,2.18213,5,800,True,150.0,31.07,0.57
43.1,2.28213,5,800,True,150.0,31.07,0.57
43.1,2.38213,5,800,True,150.0,31.07,0.57
43.1,2.48213,5,800,True,150.0,31.07,0.57
43.1,2.58213,5,800,True,150.0,31.07,0.57
43.1,2.68213,5,800,True,150.0,31.07,0.57
43.1,2.78213,5,800,True,150.0,31.07,0.57
43.1,2.88213,5,800,True,150.0,31.07,0.57
43.1,3.08213,5,800,True,150.0,31.07,0.57
43.2,1.28213,0,800,True,150.0,31.07,0.57
43.2,1.38213,0,800,True,150.0,31.07,0.57
43.2,1.48213,0,800,True,150.0,31.07,0.57
43.2,1.58213,0,800,True,150.0,31.07,0.57
43.2,1.68213,0,800,True,150.0,31.07,0.57
43.2,1.78213,0,800,True,150.0,31.07,0.57
43.2,1.88213,0,800,True,150.0,31.07,0.57
43.2,1.98213,0,800,True,150.0,31.07,0.57
43.2,2.08213,0,800,True,150.0,31.07,0.57
43.2,2.18213,0,800,True,150.0,31.07,0.57
43.2,2.28213,0,800,True,150.0,31.07,0.57
43.2,2.38213,0,800,True,150.0,31.07,0.57
43.2,2.48213,0,800,True,150.0,31.07,0.57
43.2,2.58213,0,800,True,150.0,31.07,0.57
43.2,2.68213,0,800,True,150.0,31.07,0.57
43.2,2.78213,0,800,True,150.0,31.07,0.57
43.2,2.88213,0,800,True,150.0,31.07,0.57
43.2,5.58213,2,800,True,150.0,31.07,0.57
43.2,5.68213,2,800,True,150.0,31.07,0.57
43.2,5.78213,2,800,True,150.0,31.07,0.57
43.2,5.88213,2,800,True,150.0,31.07,0.57
43.2,5.98213,2,800,True,150.0,31.07,0.57
43.2,6.08213,2,800,True,150.0,31.07,0.57
43.2,6.18213,2,800,True,150.0,31.07,0.57
43.2,6.28213,2,800,True,150.0,31.07,0.57
43.2,6.38213,2,800,True,150.0,31.07,0.57
43.2,6.48213,2,800,True,150.0,31.07,0.57
43.2,6.58213,2,800,True,150.0,31.07,0.57
43.2,-1.31787,5,800,True,150.0,31.07,0.57
43.2,-1.21787,5,800,True,150.0,31.07,0.57
43.2,-1.11787,5,800,True,150.0,31.07,0.57
43.2,-1.01787,5,800,True,150.0,31.07,0.57
43.2,-0.91787,5,800,True,150.0,31.07,0.57
43.2,-0.81787,5,800,True,150.0,31.07,0.57
43.2,-0.71787,5,800,True,150.0,31.07,0.57
43.2,-0.61787,5,800,True,150.0,31.07,0.57
43.2,-0.51787,5,800,True,150.0,31.07,0.57
43.2,-0.41787,5,800,True,150.0,31.07,0.57
43.2,-0.31787,5,800,True,150.0,31.07,0.57
43.2,-0.21787,5,800,True,150.0,31.07,0.57
43.2,-0.11787,5,800,True,150.0,31.07,0.57
43.2,-0.01787,5,800,True,150.0,31.07,0.57
43.2,0.08213,5,800,True,150.0,31.07,0.57
43.2,0.18213,5,800,True,150.0,31.07,0.57
43.2,0.28213,5,800,True,150.0,31.07,0.57
43.2,0.38213,5,800,True,150.0,31.07,0.57
43.2,0.48213,5,800,True,150.0,31.07,0.57
43.2,0.58213,5,800,True,150.0,31.07,0.57
43.2,0.68213,5,800,True,150.0,31.07,0.57
43.2,0.78213,5,800,True,150.0,31.07,0.57
43.2,0.88213,5,800,True,150.0,31.07,0.57
43.2,0.98213,5,800,True,150.0,31.07,0.57
43.2,1.08213,5,800,True,150.0,31.07,0.57
43.2,1.18213,5,800,True,150.0,31.07,0.57
43.2,2.98213,5,800,True,150.0,31.07,0.57
43.2,3.08213,5,800,True,150.0,31.07,0.57
43.2,3.18213,5,800,True,150.0,31.07,0.57
43.3,0.78213,0,800,True,150.0,31.07,0.57
43.3,0.88213,0,800,True,150.0,31.07,0.57
43.3,0.98213,0,800,True,150.0,31.07,0.57
43.3,1.08213,0,800,True,150.0,31.07,0.57
43.3,1.18213,0,800,True,150.0,31.07,0.57
43.3,1.28213,0,800,True,150.0,31.07,0.57
43.3,1.38213,0,800,True,150.0,31.07,0.57
43.3,1.48213,0,800,True,150.0,31.07,0.57
43.3,1.58213,0,800,True,150.0,31.07,0.57
43.3,1.68213,0,800,True,150.0,31.07,0.57
43.3,1.78213,0,800,True,150.0,31.07,0.57
43.3,1.88213,0,800,True,150.0,31.07,0.57
43.3,1.98213,0,800,True,150.0,31.07,0.57
43.3,2.08213,0,800,True,150.0,31.07,0.57
43.3,2.18213,0,800,True,150.0,31.07,0.57
43.3,2.28213,0,800,True,150.0,31.07,0.57
43.3,2.38213,0,800,True,150.0,31.07,0.57
43.3,2.48213,0,800,True,150.0,31.07,0.57
43.3,2.58213,0,800,True,150.0,31.07,0.57
43.3,2.68213,0,800,True,150.0,31.07,0.57
43.3,2.78213,0,800,True,150.0,31.07,0.57
43.3,2.88213,0,800,True,150.0,31.07,0.57
43.3,2.98213,0,800,True,150.0,31.07,0.57
43.3,3.08213,0,800,True,150.0,31.07,0.57
43.3,3.18213,0,800,True,150.0,31.07,0.57
43.3,3.28213,0,800,True,150.0,31.07,0.57
43.3,3.38213,0,800,True,150.0,31.07,0.57
43.3,3.48213,0,800,True,150.0,31.07,0.57
43.3,5.38213,2,800,True,150.0,31.07,0.57
43.3,5.48213,2,800,True,150.0,31.07,0.57
43.3,5.58213,2,800,True,150.0,31.07,0.57
43.3,5.68213,2,800,True,150.0,31.07,0.57
43.3,5.78213,2,800,True,150.0,31.07,0.57
43.3,5.88213,2,800,True,150.0,31.07,0.57
43.3,5.98213,2,800,True,150.0,31.07,0.57
43.3,6.08213,2,800,True,150.0,31.07,0.57
43.3,6.18213,2,800,True,150.0,31.07,0.57
43.3,6.28213,2,800,True,150.0,31.07,0.57
43.3,6.38213,2,800,True,150.0,31.07,0.57
43.3,6.48213,2,800,True,150.0,31.07,0.57
43.3,6.58213,2,800,True,150.0,31.07,0.57
43.3,-1.71787,5,800,True,150.0,31.07,0.57
43.3,-1.61787,5,800,True,150.0,31.07,0.57
43.3,-1.51787,5,800,True,150.0,31.07,0.57
43.3,-1.41787,5,800,True,150.0,31.07,0.57
43.3,-1.31787,5,800,True,150.0,31.07,0.57
43.3,-1.21787,5,800,True,150.0,31.07,0.57
43.3,-1.11787,5,800,True,150.0,31.07,0.57
43.3,-1.01787,5,800,True,150.0,31.07,0.57
43.3,-0.91787,5,800,True,150.0,31.07,0.57
43.3,-0.81787,5,800,True,150.0,31.07,0.57
43.3,-0.71787,5,800,True,150.0,31.07,0.57
43.3,-0.61787,5,800,True,150.0,31.07,0.57
43.3,-0.51787,5,800,True,150.0,31.07,0.57
43.3,-0.41787,5,800,True,150.0,31.07,0.57
43.3,-0.31787,5,800,True,150.0,31.07,0.57
43.3,-0.21787,5,800,True,150.0,31.07,0.57
43.3,-0.11787,5,800,True,150.0,31.07,0.57
43.3,-0.01787,5,800,True,150.0,31.07,0.57
43.3,0.08213,5,800,True,150.0,31.07,0.57
43.3,0.18213,5,800,True,150.0,31.07,0.57
43.3,0.28213,5,800,True,150.0,31.07,0.57
43.3,0.38213,5,800,True,150.0,31.07,0.57
43.3,0.48213,5,800,True,150.0,31.07,0.57
43.3,0.58213,5,800,True,150.0,31.07,0.57
43.3,0.68213,5,800,True,150.0,31.07,0.57
43.4,0.38213,0,800,True,150.0,31.07,0.57
43.4,0.48213,0,800,True,150.0,31.07,0.57
43.4,0.58213,0,800,True,150.0,31.07,0.57
43.4,0.68213,0,800,True,150.0,31.07,0.57
43.4,0.78213,0,800,True,150.0,31.07,0.57
43.4,0.88213,0,800,True,150.0,31.07,0.57
43.4,0.98213,0,800,True,150.0,31.07,0.57
43.4,1.08213,0,800,True,150.0,31.07,0.57
43.4,1.18213,0,800,True,150.0,31.07,0.57
43.4,1.28213,0,800,True,150.0,31.07,0.57
43.4,1.38213,0,800,True,150.0,31.07,0.57
43.4,1.48213,0,800,True,150.0,31.07,0.57
43.4,1.58213,0,800,True,150.0,31.07,0.57
43.4,1.68213,0,800,True,150.0,31.07,0.57
43.4,1.78213,0,800,True,150.0,31.07,0.57
43.4,1.88213,0,800,True,150.0,31.07,0.57
43.4,1.98213,0,800,True,150.0,31.07,0.57
43.4,2.08213,0,800,True,150.0,31.07,0.57
43.4,2.18213,0,800,True,150.0,31.07,0.57
43.4,2.28213,0,800,True,150.0,31.07,0.57
43.4,2.38213,0,800,True,150.0,31.07,0.57
43.4,2.48213,0,800,True,150.0,31.07,0.57
43.4,2.58213,0,800,True,150.0,31.07,0.57
43.4,2.68213,0,800,True,150.0,31.07,0.57
43.4,2.78213,0,800,True,150.0,31.07,0.57
43.4,2.88213,0,800,True,150.0,31.07,0.57
43.4,2.98213,0,800,True,150.0,31.07,0.57
43.4,3.08213,0,800,True,150.0,31.07,0.57
43.4,3.18213,0,800,True,150.0,31.07,0.57
43.4,3.28213,0,800,True,150.0,31.07,0.57
43.4,3.38213,0,800,True,150.0,31.07,0.57
43.4,3.48213,0,800,True,150.0,31.07,0.57
43.4,3.58213,0,800,True,150.0,31.07,0.57
43.4,3.68213,0,800,True,150.0,31.07,0.57
43.4,4.68213,0,800,True,150.0,31.07,0.57
43.4,4.78213,0,800,True,150.0,31.07,0.57
43.4,5.08213,2,800,True,150.0,31.07,0.57
43.4,5.18213,2,800,True,150.0,31.07,0.57
43.4,5.28213,2,800,True,150.0,31.07,0.57
43.4,5.38213,2,800,True,150.0,31.07,0.57
43.4,5.48213,2,800,True,150.0,31.07,0.57
43.4,5.58213,2,800,True,150.0,31.07,0.57
43.4,5.68213,2,800,True,150.0,31.07,0.57
43.4,5.78213,2,800,True,150.0,31.07,0.57
43.4,5.88213,2,800,True,150.0,31.07,0.57
43.4,5.98213,2,800,True,150.0,31.07,0.57
43.4,6.08213,2,800,True,150.0,31.07,0.57
43.4,6.18213,2,800,True,150.0,31.07,0.57
43.4,6.28213,2,800,True,150.0,31.07,0.57
43.4,6.38213,2,800,True,150.0,31.07,0.57
43.4,6.48213,2,800,True,150.0,31.07,0.57
43.4,6.58213,2,800,True,150.0,31.07,0.57
43.4,6.68213,2,800,True,150.0,31.07,0.57
43.4,-1.61787,5,800,True,150.0,31.07,0.57
43.4,-1.51787,5,800,True,150.0,31.07,0.57
43.4,-1.41787,5,800,True,150.0,31.07,0.57
43.4,-1.31787,5,800,True,150.0,31.07,0.57
43.4,-1.21787,5,800,True,150.0,31.07,0.57
43.4,-1.11787,5,800,True,150.0,31.07,0.57
43.4,-1.01787,5,800,True,150.0,31.07,0.57
43.4,-0.91787,5,800,True,150.0,31.07,0.57
43.4,-0.81787,5,800,True,150.0,31.07,0.57
43.4,-0.71787,5,800,True,150.0,31.07,0.57
43.4,-0.61787,5,800,True,150.0,31.07,0.57
43.4,-0.51787,5,800,True,150.0,31.07,0.57
43.4,-0.41787,5,800,True,150.0,31.07,0.57
43.4,-0.31787,5,800,True,150.0,31.07,0.57
43.4,-0.21787,5,800,True,150.0,31.07,0.57
43.4,-0.11787,5,800,True,150.0,31.07,0.57
43.4,-0.01787,5,800,True,150.0,31.07,0.57
43.4,0.08213,5,800,True,150.0,31.07,0.57
43.4,0.18213,5,800,True,150.0,31.07,0.57
43.4,0.28213,5,800,True,150.0,31.07,0.57
43.5,0.08213,0,800,True,150.0,31.07,0.57
43.5,0.18213,0,800,True,150.0,31.07,0.57
43.5,0.28213,0,800,True,150.0,31.07,0.57
43.5,0.38213,0,800,True,150.0,31.07,0.57
43.5,0.48213,0,800,True,150.0,31.07,0.57
43.5,0.58213,0,800,True,150.0,31.07,0.57
43.5,0.68213,0,800,True,150.0,31.07,0.57
43.5,0.78213,0,800,True,150.0,31.07,0.57
43.5,0.88213,0,800,True,150.0,31.07,0.57
43.5,0.98213,0,800,True,150.0,31.07,0.57
43.5,1.08213,0,800,True,150.0,31.07,0.57
43.5,1.18213,0,800,True,150.0,31.07,0.57
43.5,1.28213,0,800,True,150.0,31.07,0.57
43.5,1.38213,0,800,True,150.0,31.07,0.57
43.5,1.48213,0,800,True,150.0,31.07,0.57
43.5,1.58213,0,800,True,150.0,31.07,0.57
43.5,1.68213,0,800,True,150.0,31.07,0.57
43.5,1.78213,0,800,True,150.0,31.07,0.57
43.5,1.88213,0,800,True,150.0,31.07,0.57
43.5,1.98213,0,800,True,150.0,31.07,0.57
43.5,2.08213,0,800,True,150.0,31.07,0.57
43.5,2.18213,0,800,True,150.0,31.07,0.57
43.5,2.28213,0,800,True,150.0,31.07,0.57
43.5,2.38213,0,800,True,150.0,31.07,0.57
43.5,2.48213,0,800,True,150.0,31.07,0.57
43.5,2.58213,0,800,True,150.0,31.07,0.57
43.5,2.68213,0,800,True,150.0,31.07,0.57
43.5,2.78213,0,800,True,150.0,31.07,0.57
43.5,2.88213,0,800,True,150.0,31.07,0.57
43.5,2.98213,0,800,True,150.0,31.07,0.57
43.5,3.08213,0,800,True,150.0,31.07,0.57
43.5,3.18213,0,800,True,150.0,31.07,0.57
43.5,3.28213,0,800,True,150.0,31.07,0.57
43.5,3.38213,0,800,True,150.0,31.07,0.57
43.5,3.48213,0,800,True,150.0,31.07,0.57
43.5,3.58213,0,800,True,150.0,31.07,0.57
43.5,3.68213,0,800,True,150.0,31.07,0.57
43.5,3.78213,0,800,True,150.0,31.07,0.57
43.5,4.18213,0,800,True,150.0,31.07,0.57
43.5,4.28213,0,800,True,150.0,31.07,0.57
43.5,4.38213,0,800,True,150.0,31.07,0.57
43.5,4.48213,0,800,True,150.0,31.07,0.57
43.5,4.58213,0,800,True,150.0,31.07,0.57
43.5,4.68213,0,800,True,150.0,31.07,0.57
43.5,4.78213,2,800,True,150.0,31.07,0.57
43.5,4.88213,2,800,True,150.0,31.07,0.57
43.5,4.98213,2,800,True,150.0,31.07,0.57
43.5,5.08213,2,800,True,150.0,31.07,0.57
43.5,5.18213,2,800,True,150.0,31.07,0.57
43.5,5.28213,2,800,True,150.0,31.07,0.57
43.5,5.38213,2,800,True,150.0,31.07,0.57
43.5,5.48213,2,800,True,150.0,31.07,0.57
43.5,5.58213,2,800,True,150.0,31.07,0.57
43.5,5.68213,2,800,True,150.0,31.07,0.57
43.5,5.78213,2,800,True,150.0,31.07,0.57
43.5,5.88213,2,800,True,150.0,31.07,0.57
43.5,5.98213,2,800,True,150.0,31.07,0.57
43.5,6.08213,2,800,True,150.0,31.07,0.57
43.5,6.18213,2,800,True,150.0,31.07,0.57
43.5,6.28213,2,800,True,150.0,31.07,0.57
43.5,6.38213,2,800,True,150.0,31.07,0.57
43.5,6.48213,2,800,True,150.0,31.07,0.57
43.5,6.58213,2,800,True,150.0,31.07,0.57
43.5,6.68213,2,800,True,150.0,31.07,0.57
43.5,6.78213,2,800,True,150.0,31.07,0.57
43.5,6.88213,2,800,True,150.0,31.07,0.57
43.5,-1.51787,5,800,True,150.0,31.07,0.57
43.5,-1.41787,5,800,True,150.0,31.07,0.57
43.5,-1.31787,5,800,True,150.0,31.07,0.57
43.5,-1.21787,5,800,True,150.0,31.07,0.57
43.5,-1.11787,5,800,True,150.0,31.07,0.57
43.5,-1.01787,5,800,True,150.0,31.07,0.57
43.5,-0.91787,5,800,True,150.0,31.07,0.57
43.5,-0.81787,5,800,True,150.0,31.07,0.57
43.5,-0.71787,5,800,True,150.0,31.07,0.57
43.5,-0.61787,5,800,True,150.0,31.07,0.57
43.5,-0.51787,5,800,True,150.0,31.07,0.57
43.5,-0.41787,5,800,True,150.0,31.07,0.57
43.5,-0.31787,5,800,True,150.0,31.07,0.57
43.5,-0.21787,5,800,True,150.0,31.07,0.57
43.5,-0.11787,5,800,True,150.0,31.07,0.57
43.5,-0.01787,5,800,True,150.0,31.07,0.57
43.6,-0.61787,0,800,True,150.0,31.07,0.57
43.6,-0.51787,0,800,True,150.0,31.07,0.57
43.6,-0.41787,0,800,True,150.0,31.07,0.57
43.6,-0.31787,0,800,True,150.0,31.07,0.57
43.6,-0.21787,0,800,True,150.0,31.07,0.57
43.6,-0.11787,0,800,True,150.0,31.07,0.57
43.6,-0.01787,0,800,True,150.0,31.07,0.57
43.6,0.08213,0,800,True,150.0,31.07,0.57
43.6,0.18213,0,800,True,150.0,31.07,0.57
43.6,0.28213,0,800,True,150.0,31.07,0.57
43.6,0.38213,0,800,True,150.0,31.07,0.57
43.6,0.48213,0,800,True,150.0,31.07,0.57
43.6,0.58213,0,800,True,150.0,31.07,0.57
43.6,0.68213,0,800,True,150.0,31.07,0.57
43.6,0.78213,0,800,True,150.0,31.07,0.57
43.6,0.88213,0,800,True,150.0,31.07,0.57
43.6,0.98213,0,800,True,150.0,31.07,0.57
43.6,1.08213,0,800,True,150.0,31.07,0.57
43.6,1.18213,0,800,True,150.0,31.07,0.57
43.6,1.28213,0,800,True,150.0,31.07,0.57
43.6,1.38213,0,800,True,150.0,31.07,0.57
43.6,1.48213,0,800,True,150.0,31.07,0.57
43.6,1.58213,0,800,True,150.0,31.07,0.57
43.6,1.68213,0,800,True,150.0,31.07,0.57
43.6,1.78213,0,800,True,150.0,31.07,0.57
43.6,1.88213,0,800,True,150.0,31.07,0.57
43.6,1.98213,0,800,True,150.0,31.07,0.57
43.6,2.08213,0,800,True,150.0,31.07,0.57
43.6,2.18213,0,800,True,150.0,31.07,0.57
43.6,2.28213,0,800,True,150.0,31.07,0.57
43.6,2.38213,0,800,True,150.0,31.07,0.57
43.6,2.48213,0,800,True,150.0,31.07,0.57
43.6,2.58213,0,800,True,150.0,31.07,0.57
43.6,2.68213,0,800,True,150.0,31.07,0.57
43.6,2.78213,0,800,True,150.0,31.07,0.57
43.6,2.88213,0,800,True,150.0,31.07,0.57
43.6,2.98213,0,800,True,150.0,31.07,0.57
43.6,3.08213,0,800,True,150.0,31.07,0.57
43.6,3.18213,0,800,True,150.0,31.07,0.57
43.6,3.28213,0,800,True,150.0,31.07,0.57
43.6,3.38213,0,800,True,150.0,31.07,0.57
43.6,3.48213,0,800,True,150.0,31.07,0.57
43.6,3.58213,0,800,True,150.0,31.07,0.57
43.6,3.68213,0,800,True,150.0,31.07,0.57
43.6,3.78213,0,800,True,150.0,31.07,0.57
43.6,3.88213,0,800,True,150.0,31.07,0.57
43.6,3.98213,0,800,True,150.0,31.07,0.57
43.6,4.48213,0,800,True,150.0,31.07,0.57
43.6,4.58213,0,800,True,150.0,31.07,0.57
43.6,4.08213,1,800,True,150.0,31.07,0.57
43.6,4.18213,1,800,True,150.0,31.07,0.57
43.6,4.28213,1,800,True,150.0,31.07,0.57
43.6,4.38213,1,800,True,150.0,31.07,0.57
43.6,4.68213,2,800,True,150.0,31.07,0.57
43.6,4.78213,2,800,True,150.0,31.07,0.57
43.6,4.88213,2,800,True,150.0,31.07,0.57
43.6,4.98213,2,800,True,150.0,31.07,0.57
43.6,5.08213,2,800,True,150.0,31.07,0.57
43.6,5.18213,2,800,True,150.0,31.07,0.57
43.6,5.28213,2,800,True,150.0,31.07,0.57
43.6,5.38213,2,800,True,150.0,31.07,0.57
43.6,5.48213,2,800,True,150.0,31.07,0.57
43.6,5.58213,2,800,True,150.0,31.07,0.57
43.6,5.68213,2,800,True,150.0,31.07,0.57
43.6,5.78213,2,800,True,150.0,31.07,0.57
43.6,5.88213,2,800,True,150.0,31.07,0.57
43.6,5.98213,2,800,True,150.0,31.07,0.57
43.6,6.08213,2,800,True,150.0,31.07,0.57
43.6,6.18213,2,800,True,150.0,31.07,0.57
43.6,6.28213,2,800,True,150.0,31.07,0.57
43.6,6.38213,2,800,True,150.0,31.07,0.57
43.6,6.48213,2,800,True,150.0,31.07,0.57
43.6,6.58213,2,800,True,150.0,31.07,0.57
43.6,6.68213,2,800,True,150.0,31.07,0.57
43.6,6.78213,2,800,True,150.0,31.07,0.57
43.6,6.88213,2,800,True,150.0,31.07,0.57
43.6,6.98213,2,800,True,150.0,31.07,0.57
43.6,7.08213,2,800,True,150.0,31.07,0.57
43.6,-1.41787,5,800,True,150.0,31.07,0.57
43.6,-1.31787,5,800,True,150.0,31.07,0.57
43.6,-1.21787,5,800,True,150.0,31.07,0.57
43.6,-1.11787,5,800,True,150.0,31.07,0.57
43.6,-1.01787,5,800,True,150.0,31.07,0.57
43.6,-0.91787,5,800,True,150.0,31.07,0.57
43.6,-0.81787,5,800,True,150.0,31.07,0.57
43.6,-0.71787,5,800,True,150.0,31.07,0.57
43.7,-1.41787,0,800,True,150.0,31.07,0.57
43.7,-1.31787,0,800,True,150.0,31.07,0.57
43.7,-1.21787,0,800,True,150.0,31.07,0.57
43.7,-1.11787,0,800,True,150.0,31.07,0.57
43.7,-1.01787,0,800,True,150.0,31.07,0.57
43.7,-0.91787,0,800,True,150.0,31.07,0.57
43.7,-0.81787,0,800,True,150.0,31.07,0.57
43.7,-0.71787,0,800,True,150.0,31.07,0.57
43.7,-0.61787,0,800,True,150.0,31.07,0.57
43.7,-0.51787,0,800,True,150.0,31.07,0.57
43.7,-0.41787,0,800,True,150.0,31.07,0.57
43.7,-0.31787,0,800,True,150.0,31.07,0.57
43.7,-0.21787,0,800,True,150.0,31.07,0.57
43.7,-0.11787,0,800,True,150.0,31.07,0.57
43.7,-0.01787,0,800,True,150.0,31.07,0.57
43.7,0.08213,0,800,True,150.0,31.07,0.57
43.7,0.18213,0,800,True,150.0,31.07,0.57
43.7,0.28213,0,800,True,150.0,31.07,0.57
43.7,0.38213,0,800,True,150.0,31.07,0.57
43.7,0.48213,0,800,True,150.0,31.07,0.57
43.7,0.58213,0,800,True,150.0,31.07,0.57
43.7,0.68213,0,800,True,150.0,31.07,0.57
43.7,0.78213,0,800,True,150.0,31.07,0.57
43.7,0.88213,0,800,True,150.0,31.07,0.57
43.7,0.98213,0,800,True,150.0,31.07,0.57
43.7,1.08213,0,800,True,150.0,31.07,0.57
43.7,1.18213,0,800,True,150.0,31.07,0.57
43.7,1.28213,0,800,True,150.0,31.07,0.57
43.7,1.38213,0,800,True,150.0,31.07,0.57
43.7,1.48213,0,800,True,150.0,31.07,0.57
43.7,1.58213,0,800,True,150.0,31.07,0.57
43.7,1.68213,0,800,True,150.0,31.07,0.57
43.7,1.78213,0,800,True,150.0,31.07,0.57
43.7,1.88213,0,800,True,150.0,31.07,0.57
43.7,1.98213,0,800,True,150.0,31.07,0.57
43.7,2.08213,0,800,True,150.0,31.07,0.57
43.7,2.18213,0,800,True,150.0,31.07,0.57
43.7,2.28213,0,800,True,150.0,31.07,0.57
43.7,2.38213,0,800,True,150.0,31.07,0.57
43.7,2.48213,0,800,True,150.0,31.07,0.57
43.7,2.58213,0,800,True,150.0,31.07,0.57
43.7,2.68213,0,800,True,150.0,31.07,0.57
43.7,2.78213,0,800,True,150.0,31.07,0.57
43.7,2.88213,0,800,True,150.0,31.07,0.57
43.7,2.98213,0,800,True,150.0,31.07,0.57
43.7,3.08213,0,800,True,150.0,31.07,0.57
43.7,3.18213,0,800,True,150.0,31.07,0.57
43.7,3.28213,0,800,True,150.0,31.07,0.57
43.7,3.38213,0,800,True,150.0,31.07,0.57
43.7,3.48213,0,800,True,150.0,31.07,0.57
43.7,3.58213,0,800,True,150.0,31.07,0.57
43.7,3.68213,0,800,True,150.0,31.07,0.57
43.7,3.78213,0,800,True,150.0,31.07,0.57
43.7,3.88213,0,800,True,150.0,31.07,0.57
43.7,3.98213,0,800,True,150.0,31.07,0.57
43.7,4.08213,1,800,True,150.0,31.07,0.57
43.7,4.18213,1,800,True,150.0,31.07,0.57
43.7,4.28213,1,800,True,150.0,31.07,0.57
43.7,4.38213,1,800,True,150.0,31.07,0.57
43.7,4.48213,1,800,True,150.0,31.07,0.57
43.7,4.58213,1,800,True,150.0,31.07,0.57
43.7,4.68213,2,800,True,150.0,31.07,0.57
43.7,4.78213,2,800,True,150.0,31.07,0.57
43.7,4.88213,2,800,True,150.0,31.07,0.57
43.7,4.98213,2,800,True,150.0,31.07,0.57
43.7,5.08213,2,800,True,150.0,31.07,0.57
43.7,5.18213,2,800,True,150.0,31.07,0.57
43.7,5.28213,2,800,True,150.0,31.07,0.57
43.7,5.38213,2,800,True,150.0,31.07,0.57
43.7,5.48213,2,800,True,150.0,31.07,0.57
43.7,5.58213,2,800,True,150.0,31.07,0.57
43.7,5.68213,2,800,True,150.0,31.07,0.57
43.7,5.78213,2,800,True,150.0,31.07,0.57
43.7,5.88213,2,800,True,150.0,31.07,0.57
43.7,5.98213,2,800,True,150.0,31.07,0.57
43.7,6.08213,2,800,True,150.0,31.07,0.57
43.7,6.18213,2,800,True,150.0,31.07,0.57
43.7,6.28213,2,800,True,150.0,31.07,0.57
43.7,6.38213,2,800,True,150.0,31.07,0.57
43.7,6.48213,2,800,True,150.0,31.07,0.57
43.7,6.58213,2,800,True,150.0,31.07,0.57
43.7,6.68213,2,800,True,150.0,31.07,0.57
43.7,6.78213,2,800,True,150.0,31.07,0.57
43.7,6.88213,2,800,True,150.0,31.07,0.57
43.7,6.98213,2,800,True,150.0,31.07,0.57
43.7,7.08213,2,800,True,150.0,31.07,0.57
43.7,7.18213,2,800,True,150.0,31.07,0.57
43.7,7.28213,2,800,True,150.0,31.07,0.57
43.8,-1.31787,0,800,True,150.0,31.07,0.57
43.8,-1.21787,0,800,True,150.0,31.07,0.57
43.8,-1.11787,0,800,True,150.0,31.07,0.57
43.8,-1.01787,0,800,True,150.0,31.07,0.57
43.8,-0.91787,0,800,True,150.0,31.07,0.57
43.8,-0.81787,0,800,True,150.0,31.07,0.57
43.8,-0.71787,0,800,True,150.0,31.07,0.57
43.8,-0.61787,0,800,True,150.0,31.07,0.57
43.8,-0.51787,0,800,True,150.0,31.07,0.57
43.8,-0.41787,0,800,True,150.0,31.07,0.57
43.8,-0.31787,0,800,True,150.0,31.07,0.57
43.8,-0.21787,0,800,True,150.0,31.07,0.57
43.8,-0.11787,0,800,True,150.0,31.07,0.57
43.8,-0.01787,0,800,True,150.0,31.07,0.57
43.8,0.08213,0,800,True,150.0,31.07,0.57
43.8,0.18213,0,800,True,150.0,31.07,0.57
43.8,0.28213,0,800,True,150.0,31.07,0.57
43.8,0.38213,0,800,True,150.0,31.07,0.57
43.8,0.48213,0,800,True,150.0,31.07,0.57
43.8,0.58213,0,800,True,150.0,31.07,0.57
43.8,0.68213,0,800,True,150.0,31.07,0.57
43.8,0.78213,0,800,True,150.0,31.07,0.57
43.8,0.88213,0,800,True,150.0,31.07,0.57
43.8,0.98213,0,800,True,150.0,31.07,0.57
43.8,1.08213,0,800,True,150.0,31.07,0.57
43.8,1.18213,0,800,True,150.0,31.07,0.57
43.8,1.28213,0,800,True,150.0,31.07,0.57
43.8,1.38213,0,800,True,150.0,31.07,0.57
43.8,1.48213,0,800,True,150.0,31.07,0.57
43.8,1.58213,0,800,True,150.0,31.07,0.57
43.8,1.68213,0,800,True,150.0,31.07,0.57
43.8,1.78213,0,800,True,150.0,31.07,0.57
43.8,1.88213,0,800,True,150.0,31.07,0.57
43.8,1.98213,0,800,True,150.0,31.07,0.57
43.8,2.08213,0,800,True,150.0,31.07,0.57
43.8,2.18213,0,800,True,150.0,31.07,0.57
43.8,2.28213,0,800,True,150.0,31.07,0.57
43.8,2.38213,0,800,True,150.0,31.07,0.57
43.8,2.48213,0,800,True,150.0,31.07,0.57
43.8,2.58213,0,800,True,150.0,31.07,0.57
43.8,2.68213,0,800,True,150.0,31.07,0.57
43.8,2.78213,0,800,True,150.0,31.07,0.57
43.8,2.88213,0,800,True,150.0,31.07,0.57
43.8,2.98213,0,800,True,150.0,31.07,0.57
43.8,3.08213,0,800,True,150.0,31.07,0.57
43.8,3.18213,0,800,True,150.0,31.07,0.57
43.8,3.28213,0,800,True,150.0,31.07,0.57
43.8,3.38213,0,800,True,150.0,31.07,0.57
43.8,3.48213,0,800,True,150.0,31.07,0.57
43.8,3.58213,0,800,True,150.0,31.07,0.57
43.8,3.68213,0,800,True,150.0,31.07,0.57
43.8,3.78213,0,800,True,150.0,31.07,0.57
43.8,3.88213,0,800,True,150.0,31.07,0.57
43.8,3.98213,0,800,True,150.0,31.07,0.57
43.8,4.08213,1,800,True,150.0,31.07,0.57
43.8,4.18213,1,800,True,150.0,31.07,0.57
43.8,4.28213,1,800,True,150.0,31.07,0.57
43.8,4.38213,1,800,True,150.0,31.07,0.57
43.8,4.48213,1,800,True,150.0,31.07,0.57
43.8,4.58213,1,800,True,150.0,31.07,0.57
43.8,4.68213,2,800,True,150.0,31.07,0.57
43.8,4.78213,2,800,True,150.0,31.07,0.57
43.8,4.88213,2,800,True,150.0,31.07,0.57
43.8,4.98213,2,800,True,150.0,31.07,0.57
43.8,5.08213,2,800,True,150.0,31.07,0.57
43.8,5.18213,2,800,True,150.0,31.07,0.57
43.8,5.28213,2,800,True,150.0,31.07,0.57
43.8,5.38213,2,800,True,150.0,31.07,0.57
43.8,5.48213,2,800,True,150.0,31.07,0.57
43.8,5.58213,2,800,True,150.0,31.07,0.57
43.8,5.68213,2,800,True,150.0,31.07,0.57
43.8,5.78213,2,800,True,150.0,31.07,0.57
43.8,5.88213,2,800,True,150.0,31.07,0.57
43.8,5.98213,2,800,True,150.0,31.07,0.57
43.8,6.08213,2,800,True,150.0,31.07,0.57
43.8,6.18213,2,800,True,150.0,31.07,0.57
43.8,6.28213,2,800,True,150.0,31.07,0.57
43.8,6.38213,2,800,True,150.0,31.07,0.57
43.8,6.48213,2,800,True,150.0,31.07,0.57
43.8,6.58213,2,800,True,150.0,31.07,0.57
43.8,6.68213,2,800,True,150.0,31.07,0.57
43.8,6.78213,2,800,True,150.0,31.07,0.57
43.8,6.88213,2,800,True,150.0,31.07,0.57
43.8,6.98213,2,800,True,150.0,31.07,0.57
43.8,7.08213,2,800,True,150.0,31.07,0.57
43.8,7.18213,2,800,True,150.0,31.07,0.57
43.8,7.28213,2,800,True,150.0,31.07,0.57
43.8,7.38213,2,800,True,150.0,31.07,0.57
43.8,7.48213,2,800,True,150.0,31.07,0.57
43.9,-1.31787,0,800,True,150.0,31.07,0.57
43.9,-1.21787,0,800,True,150.0,31.07,0.57
43.9,-1.11787,0,800,True,150.0,31.07,0.57
43.9,-1.01787,0,800,True,150.0,31.07,0.57
43.9,-0.91787,0,800,True,150.0,31.07,0.57
43.9,-0.81787,0,800,True,150.0,31.07,0.57
43.9,-0.71787,0,800,True,150.0,31.07,0.57
43.9,-0.61787,0,800,True,150.0,31.07,0.57
43.9,-0.51787,0,800,True,150.0,31.07,0.57
43.9,-0.41787,0,800,True,150.0,31.07,0.57
43.9,-0.31787,0,800,True,150.0,31.07,0.57
43.9,-0.21787,0,800,True,150.0,31.07,0.57
43.9,-0.11787,0,800,True,150.0,31.07,0.57
43.9,-0.01787,0,800,True,150.0,31.07,0.57
43.9,0.08213,0,800,True,150.0,31.07,0.57
43.9,0.18213,0,800,True,150.0,31.07,0.57
43.9,0.28213,0,800,True,150.0,31.07,0.57
43.9,0.38213,0,800,True,150.0,31.07,0.57
43.9,0.48213,0,800,True,150.0,31.07,0.57
43.9,0.58213,0,800,True,150.0,31.07,0.57
43.9,0.68213,0,800,True,150.0,31.07,0.57
43.9,0.78213,0,800,True,150.0,31.07,0.57
43.9,0.88213,0,800,True,150.0,31.07,0.57
43.9,0.98213,0,800,True,150.0,31.07,0.57
43.9,1.08213,0,800,True,150.0,31.07,0.57
43.9,1.18213,0,800,True,150.0,31.07,0.57
43.9,1.28213,0,800,True,150.0,31.07,0.57
43.9,1.38213,0,800,True,150.0,31.07,0.57
43.9,1.48213,0,800,True,150.0,31.07,0.57
43.9,1.58213,0,800,True,150.0,31.07,0.57
43.9,1.68213,0,800,True,150.0,31.07,0.57
43.9,1.78213,0,800,True,150.0,31.07,0.57
43.9,1.88213,0,800,True,150.0,31.07,0.57
43.9,1.98213,0,800,True,150.0,31.07,0.57
43.9,2.08213,0,800,True,150.0,31.07,0.57
43.9,2.18213,0,800,True,150.0,31.07,0.57
43.9,2.28213,0,800,True,150.0,31.07,0.57
43.9,2.38213,0,800,True,150.0,31.07,0.57
43.9,2.48213,0,800,True,150.0,31.07,0.57
43.9,2.58213,0,800,True,150.0,31.07,0.57
43.9,2.68213,0,800,True,150.0,31.07,0.57
43.9,2.78213,0,800,True,150.0,31.07,0.57
43.9,2.88213,0,800,True,150.0,31.07,0.57
43.9,2.98213,0,800,True,150.0,31.07,0.57
43.9,3.08213,0,800,True,150.0,31.07,0.57
43.9,3.18213,0,800,True,150.0,31.07,0.57
43.9,3.28213,0,800,True,150.0,31.07,0.57
43.9,3.38213,0,800,True,150.0,31.07,0.57
43.9,3.48213,0,800,True,150.0,31.07,0.57
43.9,3.58213,0,800,True,150.0,31.07,0.57
43.9,3.68213,0,800,True,150.0,31.07,0.57
43.9,3.78213,0,800,True,150.0,31.07,0.57
43.9,3.88213,0,800,True,150.0,31.07,0.57
43.9,3.98213,0,800,True,150.0,31.07,0.57
43.9,4.08213,1,800,True,150.0,31.07,0.57
43.9,4.18213,1,800,True,150.0,31.07,0.57
43.9,4.28213,1,800,True,150.0,31.07,0.57
43.9,4.38213,1,800,True,150.0,31.07,0.57
43.9,4.48213,1,800,True,150.0,31.07,0.57
43.9,4.58213,1,800,True,150.0,31.07,0.57
43.9,4.68213,1,800,True,150.0,31.07,0.57
43.9,4.78213,2,800,True,150.0,31.07,0.57
43.9,4.88213,2,800,True,150.0,31.07,0.57
43.9,4.98213,2,800,True,150.0,31.07,0.57
43.9,5.08213,2,800,True,150.0,31.07,0.57
43.9,5.18213,2,800,True,150.0,31.07,0.57
43.9,5.28213,2,800,True,150.0,31.07,0.57
43.9,5.38213,2,800,True,150.0,31.07,0.57
43.9,5.48213,2,800,True,150.0,31.07,0.57
43.9,5.58213,2,800,True,150.0,31.07,0.57
43.9,5.68213,2,800,True,150.0,31.07,0.57
43.9,5.78213,2,800,True,150.0,31.07,0.57
43.9,5.88213,2,800,True,150.0,31.07,0.57
43.9,5.98213,2,800,True,150.0,31.07,0.57
43.9,6.08213,2,800,True,150.0,31.07,0.57
43.9,6.18213,2,800,True,150.0,31.07,0.57
43.9,6.28213,2,800,True,150.0,31.07,0.57
43.9,6.38213,2,800,True,150.0,31.07,0.57
43.9,6.48213,2,800,True,150.0,31.07,0.57
43.9,6.58213,2,800,True,150.0,31.07,0.57
43.9,6.68213,2,800,True,150.0,31.07,0.57
43.9,6.78213,2,800,True,150.0,31.07,0.57
43.9,6.88213,2,800,True,150.0,31.07,0.57
43.9,6.98213,2,800,True,150.0,31.07,0.57
43.9,7.08213,2,800,True,150.0,31.07,0.57
43.9,7.18213,2,800,True,150.0,31.07,0.57
43.9,7.28213,2,800,True,150.0,31.07,0.57
43.9,7.38213,2,800,True,150.0,31.07,0.57
43.9,7.48213,2,800,True,150.0,31.07,0.57
44.0,-1.31787,0,800,True,150.0,31.07,0.57
44.0,-1.21787,0,800,True,150.0,31.07,0.57
44.0,-1.11787,0,800,True,150.0,31.07,0.57
44.0,-1.01787,0,800,True,150.0,31.07,0.57
44.0,-0.91787,0,800,True,150.0,31.07,0.57
44.0,-0.81787,0,800,True,150.0,31.07,0.57
44.0,-0.71787,0,800,True,150.0,31.07,0.57
44.0,-0.61787,0,800,True,150.0,31.07,0.57
44.0,-0.51787,0,800,True,150.0,31.07,0.57
44.0,-0.41787,0,800,True,150.0,31.07,0.57
44.0,-0.31787,0,800,True,150.0,31.07,0.57
44.0,-0.21787,0,800,True,150.0,31.07,0.57
44.0,-0.11787,0,800,True,150.0,31.07,0.57
44.0,-0.01787,0,800,True,150.0,31.07,0.57
44.0,0.08213,0,800,True,150.0,31.07,0.57
44.0,0.18213,0,800,True,150.0,31.07,0.57
44.0,0.28213,0,800,True,150.0,31.07,0.57
44.0,0.38213,0,800,True,150.0,31.07,0.57
44.0,0.48213,0,800,True,150.0,31.07,0.57
44.0,0.58213,0,800,True,150.0,31.07,0.57
44.0,0.68213,0,800,True,150.0,31.07,0.57
44.0,0.78213,0,800,True,150.0,31.07,0.57
44.0,0.88213,0,800,True,150.0,31.07,0.57
44.0,0.98213,0,800,True,150.0,31.07,0.57
44.0,1.08213,0,800,True,150.0,31.07,0.57
44.0,1.18213,0,800,True,150.0,31.07,0.57
44.0,1.28213,0,800,True,150.0,31.07,0.57
44.0,1.38213,0,800,True,150.0,31.07,0.57
44.0,1.48213,0,800,True,150.0,31.07,0.57
44.0,1.58213,0,800,True,150.0,31.07,0.57
44.0,1.68213,0,800,True,150.0,31.07,0.57
44.0,1.78213,0,800,True,150.0,31.07,0.57
44.0,1.88213,0,800,True,150.0,31.07,0.57
44.0,1.98213,0,800,True,150.0,31.07,0.57
44.0,2.08213,0,800,True,150.0,31.07,0.57
44.0,2.18213,0,800,True,150.0,31.07,0.57
44.0,2.28213,0,800,True,150.0,31.07,0.57
44.0,2.38213,0,800,True,150.0,31.07,0.57
44.0,2.48213,0,800,True,150.0,31.07,0.57
44.0,2.58213,0,800,True,150.0,31.07,0.57
44.0,2.68213,0,800,True,150.0,31.07,0.57
44.0,2.78213,0,800,True,150.0,31.07,0.57
44.0,2.88213,0,800,True,150.0,31.07,0.57
44.0,2.98213,0,800,True,150.0,31.07,0.57
44.0,3.08213,0,800,True,150.0,31.07,0.57
44.0,3.18213,0,800,True,150.0,31.07,0.57
44.0,3.28213,0,800,True,150.0,31.07,0.57
44.0,3.38213,0,800,True,150.0,31.07,0.57
44.0,3.48213,0,800,True,150.0,31.07,0.57
44.0,3.58213,0,800,True,150.0,31.07,0.57
44.0,3.68213,0,800,True,150.0,31.07,0.57
44.0,3.78213,0,800,True,150.0,31.07,0.57
44.0,3.88213,0,800,True,150.0,31.07,0.57
44.0,3.98213,0,800,True,150.0,31.07,0.57
44.0,4.08213,1,800,True,150.0,31.07,0.57
44.0,4.18213,1,800,True,150.0,31.07,0.57
44.0,4.28213,1,800,True,150.0,31.07,0.57
44.0,4.38213,1,800,True,150.0,31.07,0.57
44.0,4.48213,1,800,True,150.0,31.07,0.57
44.0,4.58213,1,800,True,150.0,31.07,0.57
44.0,4.68213,1,800,True,150.0,31.07,0.57
44.0,4.78213,1,800,True,150.0,31.07,0.57
44.0,4.88213,2,800,True,150.0,31.07,0.57
44.0,4.98213,2,800,True,150.0,31.07,0.57
44.0,5.08213,2,800,True,150.0,31.07,0.57
44.0,5.18213,2,800,True,150.0,31.07,0.57
44.0,5.28213,2,800,True,150.0,31.07,0.57
44.0,5.38213,2,800,True,150.0,31.07,0.57
44.0,5.48213,2,800,True,150.0,31.07,0.57
44.0,5.58213,2,800,True,150.0,31.07,0.57
44.0,5.68213,2,800,True,150.0,31.07,0.57
44.0,5.78213,2,800,True,150.0,31.07,0.57
44.0,5.88213,2,800,True,150.0,31.07,0.57
44.0,5.98213,2,800,True,150.0,31.07,0.57
44.0,6.08213,2,800,True,150.0,31.07,0.57
44.0,6.18213,2,800,True,150.0,31.07,0.57
44.0,6.28213,2,800,True,150.0,31.07,0.57
44.0,6.38213,2,800,True,150.0,31.07,0.57
44.0,6.48213,2,800,True,150.0,31.07,0.57
44.0,6.58213,2,800,True,150.0,31.07,0.57
44.0,6.68213,2,800,True,150.0,31.07,0.57
44.0,6.78213,2,800,True,150.0,31.07,0.57
44.0,6.88213,2,800,True,150.0,31.07,0.57
44.0,6.98213,2,800,True,150.0,31.07,0.57
44.0,7.08213,2,800,True,150.0,31.07,0.57
44.0,7.18213,2,800,True,150.0,31.07,0.57
44.0,7.28213,2,800,True,150.0,31.07,0.57
44.0,7.38213,2,800,True,150.0,31.07,0.57
44.0,7.48213,2,800,True,150.0,31.07,0.57
44.0,7.58213,2,800,True,150.0,31.07,0.57
44.1,-1.31787,0,800,True,150.0,31.07,0.57
44.1,-1.21787,0,800,True,150.0,31.07,0.57
44.1,-1.11787,0,800,True,150.0,31.07,0.57
44.1,-1.01787,0,800,True,150.0,31.07,0.57
44.1,-0.91787,0,800,True,150.0,31.07,0.57
44.1,-0.81787,0,800,True,150.0,31.07,0.57
44.1,-0.71787,0,800,True,150.0,31.07,0.57
44.1,-0.61787,0,800,True,150.0,31.07,0.57
44.1,-0.51787,0,800,True,150.0,31.07,0.57
44.1,-0.41787,0,800,True,150.0,31.07,0.57
44.1,-0.31787,0,800,True,150.0,31.07,0.57
44.1,-0.21787,0,800,True,150.0,31.07,0.57
44.1,-0.11787,0,800,True,150.0,31.07,0.57
44.1,-0.01787,0,800,True,150.0,31.07,0.57
44.1,0.08213,0,800,True,150.0,31.07,0.57
44.1,0.18213,0,800,True,150.0,31.07,0.57
44.1,0.28213,0,800,True,150.0,31.07,0.57
44.1,0.38213,0,800,True,150.0,31.07,0.57
44.1,0.48213,0,800,True,150.0,31.07,0.57
44.1,0.58213,0,800,True,150.0,31.07,0.57
44.1,0.68213,0,800,True,150.0,31.07,0.57
44.1,0.78213,0,800,True,150.0,31.07,0.57
44.1,0.88213,0,800,True,150.0,31.07,0.57
44.1,0.98213,0,800,True,150.0,31.07,0.57
44.1,1.08213,0,800,True,150.0,31.07,0.57
44.1,1.18213,0,800,True,150.0,31.07,0.57
44.1,1.28213,0,800,True,150.0,31.07,0.57
44.1,1.38213,0,800,True,150.0,31.07,0.57
44.1,1.48213,0,800,True,150.0,31.07,0.57
44.1,1.58213,0,800,True,150.0,31.07,0.57
44.1,1.68213,0,800,True,150.0,31.07,0.57
44.1,1.78213,0,800,True,150.0,31.07,0.57
44.1,1.88213,0,800,True,150.0,31.07,0.57
44.1,1.98213,0,800,True,150.0,31.07,0.57
44.1,2.08213,0,800,True,150.0,31.07,0.57
44.1,2.18213,0,800,True,150.0,31.07,0.57
44.1,2.28213,0,800,True,150.0,31.07,0.57
44.1,2.38213,0,800,True,150.0,31.07,0.57
44.1,2.48213,0,800,True,150.0,31.07,0.57
44.1,2.58213,0,800,True,150.0,31.07,0.57
44.1,2.68213,0,800,True,150.0,31.07,0.57
44.1,2.78213,0,800,True,150.0,31.07,0.57
44.1,2.88213,0,800,True,150.0,31.07,0.57
44.1,2.98213,0,800,True,150.0,31.07,0.57
44.1,3.08213,0,800,True,150.0,31.07,0.57
44.1,3.18213,0,800,True,150.0,31.07,0.57
44.1,3.28213,0,800,True,150.0,31.07,0.57
44.1,3.38213,0,800,True,150.0,31.07,0.57
44.1,3.48213,0,800,True,150.0,31.07,0.57
44.1,3.58213,0,800,True,150.0,31.07,0.57
44.1,3.68213,0,800,True,150.0,31.07,0.57
44.1,3.78213,0,800,True,150.0,31.07,0.57
44.1,3.88213,0,800,True,150.0,31.07,0.57
44.1,3.98213,0,800,True,150.0,31.07,0.57
44.1,4.08213,1,800,True,150.0,31.07,0.57
44.1,4.18213,1,800,True,150.0,31.07,0.57
44.1,4.28213,1,800,True,150.0,31.07,0.57
44.1,4.38213,1,800,True,150.0,31.07,0.57
44.1,4.48213,1,800,True,150.0,31.07,0.57
44.1,4.58213,1,800,True,150.0,31.07,0.57
44.1,4.68213,1,800,True,150.0,31.07,0.57
44.1,4.78213,1,800,True,150.0,31.07,0.57
44.1,4.88213,1,800,True,150.0,31.07,0.57
44.1,4.98213,2,800,True,150.0,31.07,0.57
44.1,5.08213,2,800,True,150.0,31.07,0.57
44.1,5.18213,2,800,True,150.0,31.07,0.57
44.1,5.28213,2,800,True,150.0,31.07,0.57
44.1,5.38213,2,800,True,150.0,31.07,0.57
44.1,5.48213,2,800,True,150.0,31.07,0.57
44.1,5.58213,2,800,True,150.0,31.07,0.57
44.1,5.68213,2,800,True,150.0,31.07,0.57
44.1,5.78213,2,800,True,150.0,31.07,0.57
44.1,5.88213,2,800,True,150.0,31.07,0.57
44.1,5.98213,2,800,True,150.0,31.07,0.57
44.1,6.08213,2,800,True,150.0,31.07,0.57
44.1,6.18213,2,800,True,150.0,31.07,0.57
44.1,6.28213,2,800,True,150.0,31.07,0.57
44.1,6.38213,2,800,True,150.0,31.07,0.57
44.1,6.48213,2,800,True,150.0,31.07,0.57
44.1,6.58213,2,800,True,150.0,31.07,0.57
44.1,6.68213,2,800,True,150.0,31.07,0.57
44.1,6.78213,2,800,True,150.0,31.07,0.57
44.1,6.88213,2,800,True,150.0,31.07,0.57
44.1,6.98213,2,800,True,150.0,31.07,0.57
44.1,7.08213,2,800,True,150.0,31.07,0.57
44.1,7.18213,2,800,True,150.0,31.07,0.57
44.1,7.28213,2,800,True,150.0,31.07,0.57
44.1,7.38213,2,800,True,150.0,31.07,0.57
44.1,7.48213,2,800,True,150.0,31.07,0.57
44.1,7.58213,2,800,True,150.0,31.07,0.57
44.1,7.68213,2,800,True,150.0,31.07,0.57
44.2,-1.21787,0,800,True,150.0,31.07,0.57
44.2,-1.11787,0,800,True,150.0,31.07,0.57
44.2,-1.01787,0,800,True,150.0,31.07,0.57
44.2,-0.91787,0,800,True,150.0,31.07,0.57
44.2,-0.81787,0,800,True,150.0,31.07,0.57
44.2,-0.71787,0,800,True,150.0,31.07,0.57
44.2,-0.61787,0,800,True,150.0,31.07,0.57
44.2,-0.51787,0,800,True,150.0,31.07,0.57
44.2,-0.41787,0,800,True,150.0,31.07,0.57
44.2,-0.31787,0,800,True,150.0,31.07,0.57
44.2,-0.21787,0,800,True,150.0,31.07,0.57
44.2,-0.11787,0,800,True,150.0,31.07,0.57
44.2,-0.01787,0,800,True,150.0,31.07,0.57
44.2,0.08213,0,800,True,150.0,31.07,0.57
44.2,0.18213,0,800,True,150.0,31.07,0.57
44.2,0.28213,0,800,True,150.0,31.07,0.57
44.2,0.38213,0,800,True,150.0,31.07,0.57
44.2,0.48213,0,800,True,150.0,31.07,0.57
44.2,0.58213,0,800,True,150.0,31.07,0.57
44.2,0.68213,0,800,True,150.0,31.07,0.57
44.2,0.78213,0,800,True,150.0,31.07,0.57
44.2,0.88213,0,800,True,150.0,31.07,0.57
44.2,0.98213,0,800,True,150.0,31.07,0.57
44.2,1.08213,0,800,True,150.0,31.07,0.57
44.2,1.18213,0,800,True,150.0,31.07,0.57
44.2,1.28213,0,800,True,150.0,31.07,0.57
44.2,1.38213,0,800,True,150.0,31.07,0.57
44.2,1.48213,0,800,True,150.0,31.07,0.57
44.2,1.58213,0,800,True,150.0,31.07,0.57
44.2,1.68213,0,800,True,150.0,31.07,0.57
44.2,1.78213,0,800,True,150.0,31.07,0.57
44.2,1.88213,0,800,True,150.0,31.07,0.57
44.2,1.98213,0,800,True,150.0,31.07,0.57
44.2,2.08213,0,800,True,150.0,31.07,0.57
44.2,2.18213,0,800,True,150.0,31.07,0.57
44.2,2.28213,0,800,True,150.0,31.07,0.57
44.2,2.38213,0,800,True,150.0,31.07,0.57
44.2,2.48213,0,800,True,150.0,31.07,0.57
44.2,2.58213,0,800,True,150.0,31.07,0.57
44.2,2.68213,0,800,True,150.0,31.07,0.57
44.2,2.78213,0,800,True,150.0,31.07,0.57
44.2,2.88213,0,800,True,150.0,31.07,0.57
44.2,2.98213,0,800,True,150.0,31.07,0.57
44.2,3.08213,0,800,True,150.0,31.07,0.57
44.2,3.18213,0,800,True,150.0,31.07,0.57
44.2,3.28213,0,800,True,150.0,31.07,0.57
44.2,3.38213,0,800,True,150.0,31.07,0.57
44.2,3.48213,0,800,True,150.0,31.07,0.57
44.2,3.58213,0,800,True,150.0,31.07,0.57
44.2,3.68213,0,800,True,150.0,31.07,0.57
44.2,3.78213,0,800,True,150.0,31.07,0.57
44.2,3.88213,0,800,True,150.0,31.07,0.57
44.2,3.98213,0,800,True,150.0,31.07,0.57
44.2,4.08213,1,800,True,150.0,31.07,0.57
44.2,4.18213,1,800,True,150.0,31.07,0.57
44.2,4.28213,1,800,True,150.0,31.07,0.57
44.2,4.38213,1,800,True,150.0,31.07,0.57
44.2,4.48213,1,800,True,150.0,31.07,0.57
44.2,4.58213,1,800,True,150.0,31.07,0.57
44.2,4.68213,1,800,True,150.0,31.07,0.57
44.2,4.78213,1,800,True,150.0,31.07,0.57
44.2,4.88213,1,800,True,150.0,31.07,0.57
44.2,4.98213,1,800,True,150.0,31.07,0.57
44.2,5.08213,1,800,True,150.0,31.07,0.57
44.2,6.68213,1,800,True,150.0,31.07,0.57
44.2,6.78213,1,800,True,150.0,31.07,0.57
44.2,5.18213,2,800,True,150.0,31.07,0.57
44.2,5.28213,2,800,True,150.0,31.07,0.57
44.2,5.38213,2,800,True,150.0,31.07,0.57
44.2,5.48213,2,800,True,150.0,31.07,0.57
44.2,5.58213,2,800,True,150.0,31.07,0.57
44.2,5.68213,2,800,True,150.0,31.07,0.57
44.2,5.78213,2,800,True,150.0,31.07,0.57
44.2,5.88213,2,800,True,150.0,31.07,0.57
44.2,5.98213,2,800,True,150.0,31.07,0.57
44.2,6.08213,2,800,True,150.0,31.07,0.57
44.2,6.18213,2,800,True,150.0,31.07,0.57
44.2,6.28213,2,800,True,150.0,31.07,0.57
44.2,6.38213,2,800,True,150.0,31.07,0.57
44.2,6.48213,2,800,True,150.0,31.07,0.57
44.2,6.58213,2,800,True,150.0,31.07,0.57
44.2,6.88213,2,800,True,150.0,31.07,0.57
44.2,6.98213,2,800,True,150.0,31.07,0.57
44.2,7.08213,2,800,True,150.0,31.07,0.57
44.2,7.18213,2,800,True,150.0,31.07,0.57
44.3,-1.21787,0,800,True,150.0,31.07,0.57
44.3,-1.11787,0,800,True,150.0,31.07,0.57
44.3,-1.01787,0,800,True,150.0,31.07,0.57
44.3,-0.91787,0,800,True,150.0,31.07,0.57
44.3,-0.81787,0,800,True,150.0,31.07,0.57
44.3,-0.71787,0,800,True,150.0,31.07,0.57
44.3,-0.61787,0,800,True,150.0,31.07,0.57
44.3,-0.51787,0,800,True,150.0,31.07,0.57
44.3,-0.41787,0,800,True,150.0,31.07,0.57
44.3,-0.31787,0,800,True,150.0,31.07,0.57
44.3,-0.21787,0,800,True,150.0,31.07,0.57
44.3,-0.11787,0,800,True,150.0,31.07,0.57
44.3,-0.01787,0,800,True,150.0,31.07,0.57
44.3,0.08213,0,800,True,150.0,31.07,0.57
44.3,0.18213,0,800,True,150.0,31.07,0.57
44.3,0.28213,0,800,True,150.0,31.07,0.57
44.3,0.38213,0,800,True,150.0,31.07,0.57
44.3,0.48213,0,800,True,150.0,31.07,0.57
44.3,0.58213,0,800,True,150.0,31.07,0.57
44.3,0.68213,0,800,True,150.0,31.07,0.57
44.3,0.78213,0,800,True,150.0,31.07,0.57
44.3,0.88213,0,800,True,150.0,31.07,0.57
44.3,0.98213,0,800,True,150.0,31.07,0.57
44.3,1.08213,0,800,True,150.0,31.07,0.57
44.3,1.18213,0,800,True,150.0,31.07,0.57
44.3,1.28213,0,800,True,150.0,31.07,0.57
44.3,1.38213,0,800,True,150.0,31.07,0.57
44.3,1.48213,0,800,True,150.0,31.07,0.57
44.3,1.58213,0,800,True,150.0,31.07,0.57
44.3,1.68213,0,800,True,150.0,31.07,0.57
44.3,1.78213,0,800,True,150.0,31.07,0.57
44.3,1.88213,0,800,True,150.0,31.07,0.57
44.3,1.98213,0,800,True,150.0,31.07,0.57
44.3,2.08213,0,800,True,150.0,31.07,0.57
44.3,2.18213,0,800,True,150.0,31.07,0.57
44.3,2.28213,0,800,True,150.0,31.07,0.57
44.3,2.38213,0,800,True,150.0,31.07,0.57
44.3,2.48213,0,800,True,150.0,31.07,0.57
44.3,2.58213,0,800,True,150.0,31.07,0.57
44.3,2.68213,0,800,True,150.0,31.07,0.57
44.3,2.78213,0,800,True,150.0,31.07,0.57
44.3,2.88213,0,800,True,150.0,31.07,0.57
44.3,2.98213,0,800,True,150.0,31.07,0.57
44.3,3.08213,0,800,True,150.0,31.07,0.57
44.3,3.18213,0,800,True,150.0,31.07,0.57
44.3,3.28213,0,800,True,150.0,31.07,0.57
44.3,3.38213,0,800,True,150.0,31.07,0.57
44.3,3.48213,0,800,True,150.0,31.07,0.57
44.3,3.58213,0,800,True,150.0,31.07,0.57
44.3,3.68213,0,800,True,150.0,31.07,0.57
44.3,3.78213,0,800,True,150.0,31.07,0.57
44.3,3.88213,0,800,True,150.0,31.07,0.57
44.3,3.98213,0,800,True,150.0,31.07,0.57
44.3,4.08213,1,800,True,150.0,31.07,0.57
44.3,4.18213,1,800,True,150.0,31.07,0.57
44.3,4.28213,1,800,True,150.0,31.07,0.57
44.3,4.38213,1,800,True,150.0,31.07,0.57
44.3,4.48213,1,800,True,150.0,31.07,0.57
44.3,4.58213,1,800,True,150.0,31.07,0.57
44.3,4.68213,1,800,True,150.0,31.07,0.57
44.3,4.78213,1,800,True,150.0,31.07,0.57
44.3,4.88213,1,800,True,150.0,31.07,0.57
44.3,4.98213,1,800,True,150.0,31.07,0.57
44.3,5.08213,1,800,True,150.0,31.07,0.57
44.3,5.18213,1,800,True,150.0,31.07,0.57
44.3,6.48213,1,800,True,150.0,31.07,0.57
44.3,6.58213,1,800,True,150.0,31.07,0.57
44.3,6.68213,1,800,True,150.0,31.07,0.57
44.3,6.78213,1,800,True,150.0,31.07,0.57
44.3,6.88213,1,800,True,150.0,31.07,0.57
44.3,5.28213,2,800,True,150.0,31.07,0.57
44.3,5.38213,2,800,True,150.0,31.07,0.57
44.3,5.48213,2,800,True,150.0,31.07,0.57
44.3,5.58213,2,800,True,150.0,31.07,0.57
44.3,5.68213,2,800,True,150.0,31.07,0.57
44.3,5.78213,2,800,True,150.0,31.07,0.57
44.3,5.88213,2,800,True,150.0,31.07,0.57
44.3,5.98213,2,800,True,150.0,31.07,0.57
44.3,6.08213,2,800,True,150.0,31.07,0.57
44.3,6.18213,2,800,True,150.0,31.07,0.57
44.3,6.28213,2,800,True,150.0,31.07,0.57
44.3,6.38213,2,800,True,150.0,31.07,0.57
44.4,-1.21787,0,800,True,150.0,31.07,0.57
44.4,-1.11787,0,800,True,150.0,31.07,0.57
44.4,-1.01787,0,800,True,150.0,31.07,0.57
44.4,-0.91787,0,800,True,150.0,31.07,0.57
44.4,-0.81787,0,800,True,150.0,31.07,0.57
44.4,-0.71787,0,800,True,150.0,31.07,0.57
44.4,-0.61787,0,800,True,150.0,31.07,0.57
44.4,-0.51787,0,800,True,150.0,31.07,0.57
44.4,-0.41787,0,800,True,150.0,31.07,0.57
44.4,-0.31787,0,800,True,150.0,31.07,0.57
44.4,-0.21787,0,800,True,150.0,31.07,0.57
44.4,-0.11787,0,800,True,150.0,31.07,0.57
44.4,-0.01787,0,800,True,150.0,31.07,0.57
44.4,0.08213,0,800,True,150.0,31.07,0.57
44.4,0.18213,0,800,True,150.0,31.07,0.57
44.4,0.28213,0,800,True,150.0,31.07,0.57
44.4,0.38213,0,800,True,150.0,31.07,0.57
44.4,0.48213,0,800,True,150.0,31.07,0.57
44.4,0.58213,0,800,True,150.0,31.07,0.57
44.4,0.68213,0,800,True,150.0,31.07,0.57
44.4,0.78213,0,800,True,150.0,31.07,0.57
44.4,0.88213,0,800,True,150.0,31.07,0.57
44.4,0.98213,0,800,True,150.0,31.07,0.57
44.4,1.08213,0,800,True,150.0,31.07,0.57
44.4,1.18213,0,800,True,150.0,31.07,0.57
44.4,1.28213,0,800,True,150.0,31.07,0.57
44.4,1.38213,0,800,True,150.0,31.07,0.57
44.4,1.48213,0,800,True,150.0,31.07,0.57
44.4,1.58213,0,800,True,150.0,31.07,0.57
44.4,1.68213,0,800,True,150.0,31.07,0.57
44.4,1.78213,0,800,True,150.0,31.07,0.57
44.4,1.88213,0,800,True,150.0,31.07,0.57
44.4,1.98213,0,800,True,150.0,31.07,0.57
44.4,2.08213,0,800,True,150.0,31.07,0.57
44.4,2.18213,0,800,True,150.0,31.07,0.57
44.4,2.28213,0,800,True,150.0,31.07,0.57
44.4,2.38213,0,800,True,150.0,31.07,0.57
44.4,2.48213,0,800,True,150.0,31.07,0.57
44.4,2.58213,0,800,True,150.0,31.07,0.57
44.4,2.68213,0,800,True,150.0,31.07,0.57
44.4,2.78213,0,800,True,150.0,31.07,0.57
44.4,2.88213,0,800,True,150.0,31.07,0.57
44.4,2.98213,0,800,True,150.0,31.07,0.57
44.4,3.08213,0,800,True,150.0,31.07,0.57
44.4,3.18213,0,800,True,150.0,31.07,0.57
44.4,3.28213,0,800,True,150.0,31.07,0.57
44.4,3.38213,0,800,True,150.0,31.07,0.57
44.4,3.48213,0,800,True,150.0,31.07,0.57
44.4,3.58213,0,800,True,150.0,31.07,0.57
44.4,3.68213,0,800,True,150.0,31.07,0.57
44.4,3.78213,0,800,True,150.0,31.07,0.57
44.4,3.88213,0,800,True,150.0,31.07,0.57
44.4,3.98213,0,800,True,150.0,31.07,0.57
44.4,4.08213,1,800,True,150.0,31.07,0.57
44.4,4.18213,1,800,True,150.0,31.07,0.57
44.4,4.28213,1,800,True,150.0,31.07,0.57
44.4,4.38213,1,800,True,150.0,31.07,0.57
44.4,4.48213,1,800,True,150.0,31.07,0.57
44.4,4.58213,1,800,True,150.0,31.07,0.57
44.4,4.68213,1,800,True,150.0,31.07,0.57
44.4,4.78213,1,800,True,150.0,31.07,0.57
44.4,4.88213,1,800,True,150.0,31.07,0.57
44.4,4.98213,1,800,True,150.0,31.07,0.57
44.4,5.08213,1,800,True,150.0,31.07,0.57
44.4,5.18213,1,800,True,150.0,31.07,0.57
44.4,5.28213,1,800,True,150.0,31.07,0.57
44.4,5.38213,1,800,True,150.0,31.07,0.57
44.4,6.28213,1,800,True,150.0,31.07,0.57
44.4,6.38213,1,800,True,150.0,31.07,0.57
44.4,6.48213,1,800,True,150.0,31.07,0.57
44.4,6.58213,1,800,True,150.0,31.07,0.57
44.4,6.68213,1,800,True,150.0,31.07,0.57
44.4,6.78213,1,800,True,150.0,31.07,0.57
44.4,6.88213,1,800,True,150.0,31.07,0.57
44.4,5.48213,2,800,True,150.0,31.07,0.57
44.4,5.58213,2,800,True,150.0,31.07,0.57
44.4,5.68213,2,800,True,150.0,31.07,0.57
44.4,5.78213,2,800,True,150.0,31.07,0.57
44.4,5.88213,2,800,True,150.0,31.07,0.57
44.4,5.98213,2,800,True,150.0,31.07,0.57
44.4,6.08213,2,800,True,150.0,31.07,0.57
44.4,6.18213,2,800,True,150.0,31.07,0.57
44.5,-1.21787,0,800,True,150.0,31.07,0.57
44.5,-1.11787,0,800,True,150.0,31.07,0.57
44.5,-1.01787,0,800,True,150.0,31.07,0.57
44.5,-0.91787,0,800,True,150.0,31.07,0.57
44.5,-0.81787,0,800,True,150.0,31.07,0.57
44.5,-0.71787,0,800,True,150.0,31.07,0.57
44.5,-0.61787,0,800,True,150.0,31.07,0.57
44.5,-0.51787,0,800,True,150.0,31.07,0.57
44.5,-0.41787,0,800,True,150.0,31.07,0.57
44.5,-0.31787,0,800,True,150.0,31.07,0.57
44.5,-0.21787,0,800,True,150.0,31.07,0.57
44.5,-0.11787,0,800,True,150.0,31.07,0.57
44.5,-0.01787,0,800,True,150.0,31.07,0.57
44.5,0.08213,0,800,True,150.0,31.07,0.57
44.5,0.18213,0,800,True,150.0,31.07,0.57
44.5,0.28213,0,800,True,150.0,31.07,0.57
44.5,0.38213,0,800,True,150.0,31.07,0.57
44.5,0.48213,0,800,True,150.0,31.07,0.57
44.5,0.58213,0,800,True,150.0,31.07,0.57
44.5,0.68213,0,800,True,150.0,31.07,0.57
44.5,0.78213,0,800,True,150.0,31.07,0.57
44.5,0.88213,0,800,True,150.0,31.07,0.57
44.5,0.98213,0,800,True,150.0,31.07,0.57
44.5,1.08213,0,800,True,150.0,31.07,0.57
44.5,1.18213,0,800,True,150.0,31.07,0.57
44.5,1.28213,0,800,True,150.0,31.07,0.57
44.5,1.38213,0,800,True,150.0,31.07,0.57
44.5,1.48213,0,800,True,150.0,31.07,0.57
44.5,1.58213,0,800,True,150.0,31.07,0.57
44.5,1.68213,0,800,True,150.0,31.07,0.57
44.5,1.78213,0,800,True,150.0,31.07,0.57
44.5,1.88213,0,800,True,150.0,31.07,0.57
44.5,1.98213,0,800,True,150.0,31.07,0.57
44.5,2.08213,0,800,True,150.0,31.07,0.57
44.5,2.18213,0,800,True,150.0,31.07,0.57
44.5,2.28213,0,800,True,150.0,31.07,0.57
44.5,2.38213,0,800,True,150.0,31.07,0.57
44.5,2.48213,0,800,True,150.0,31.07,0.57
44.5,2.58213,0,800,True,150.0,31.07,0.57
44.5,2.68213,0,800,True,150.0,31.07,0.57
44.5,2.78213,0,800,True,150.0,31.07,0.57
44.5,2.88213,0,800,True,150.0,31.07,0.57
44.5,2.98213,0,800,True,150.0,31.07,0.57
44.5,3.08213,0,800,True,150.0,31.07,0.57
44.5,3.18213,0,800,True,150.0,31.07,0.57
44.5,3.28213,0,800,True,150.0,31.07,0.57
44.5,3.38213,0,800,True,150.0,31.07,0.57
44.5,3.48213,0,800,True,150.0,31.07,0.57
44.5,3.58213,0,800,True,150.0,31.07,0.57
44.5,3.68213,0,800,True,150.0,31.07,0.57
44.5,3.78213,0,800,True,150.0,31.07,0.57
44.5,3.88213,0,800,True,150.0,31.07,0.57
44.5,3.98213,0,800,True,150.0,31.07,0.57
44.5,4.08213,0,800,True,150.0,31.07,0.57
44.5,4.18213,1,800,True,150.0,31.07,0.57
44.5,4.28213,1,800,True,150.0,31.07,0.57
44.5,4.38213,1,800,True,150.0,31.07,0.57
44.5,4.48213,1,800,True,150.0,31.07,0.57
44.5,4.58213,1,800,True,150.0,31.07,0.57
44.5,4.68213,1,800,True,150.0,31.07,0.57
44.5,4.78213,1,800,True,150.0,31.07,0.57
44.5,4.88213,1,800,True,150.0,31.07,0.57
44.5,4.98213,1,800,True,150.0,31.07,0.57
44.5,5.08213,1,800,True,150.0,31.07,0.57
44.5,5.18213,1,800,True,150.0,31.07,0.57
44.5,5.28213,1,800,True,150.0,31.07,0.57
44.5,5.38213,1,800,True,150.0,31.07,0.57
44.5,5.48213,1,800,True,150.0,31.07,0.57
44.5,6.28213,1,800,True,150.0,31.07,0.57
44.5,6.38213,1,800,True,150.0,31.07,0.57
44.5,6.48213,1,800,True,150.0,31.07,0.57
44.5,6.58213,1,800,True,150.0,31.07,0.57
44.5,6.68213,1,800,True,150.0,31.07,0.57
44.5,6.78213,1,800,True,150.0,31.07,0.57
44.5,6.88213,1,800,True,150.0,31.07,0.57
44.5,5.58213,2,800,True,150.0,31.07,0.57
44.5,5.68213,2,800,True,150.0,31.07,0.57
44.5,5.78213,2,800,True,150.0,31.07,0.57
44.5,5.88213,2,800,True,150.0,31.07,0.57
44.5,5.98213,2,800,True,150.0,31.07,0.57
44.5,6.08213,2,800,True,150.0,31.07,0.57
44.5,6.18213,2,800,True,150.0,31.07,0.57
44.6,-1.11787,0,800,True,150.0,31.07,0.57
44.6,-1.01787,0,800,True,150.0,31.07,0.57
44.6,-0.91787,0,800,True,150.0,31.07,0.57
44.6,-0.81787,0,800,True,150.0,31.07,0.57
44.6,-0.71787,0,800,True,150.0,31.07,0.57
44.6,-0.61787,0,800,True,150.0,31.07,0.57
44.6,-0.51787,0,800,True,150.0,31.07,0.57
44.6,-0.41787,0,800,True,150.0,31.07,0.57
44.6,-0.31787,0,800,True,150.0,31.07,0.57
44.6,-0.21787,0,800,True,150.0,31.07,0.57
44.6,-0.11787,0,800,True,150.0,31.07,0.57
44.6,-0.01787,0,800,True,150.0,31.07,0.57
44.6,0.08213,0,800,True,150.0,31.07,0.57
44.6,0.18213,0,800,True,150.0,31.07,0.57
44.6,0.28213,0,800,True,150.0,31.07,0.57
44.6,0.38213,0,800,True,150.0,31.07,0.57
44.6,0.48213,0,800,True,150.0,31.07,0.57
44.6,0.58213,0,800,True,150.0,31.07,0.57
44.6,0.68213,0,800,True,150.0,31.07,0.57
44.6,0.78213,0,800,True,150.0,31.07,0.57
44.6,0.88213,0,800,True,150.0,31.07,0.57
44.6,0.98213,0,800,True,150.0,31.07,0.57
44.6,1.08213,0,800,True,150.0,31.07,0.57
44.6,1.18213,0,800,True,150.0,31.07,0.57
44.6,1.28213,0,800,True,150.0,31.07,0.57
44.6,1.38213,0,800,True,150.0,31.07,0.57
44.6,1.48213,0,800,True,150.0,31.07,0.57
44.6,1.58213,0,800,True,150.0,31.07,0.57
44.6,1.68213,0,800,True,150.0,31.07,0.57
44.6,1.78213,0,800,True,150.0,31.07,0.57
44.6,1.88213,0,800,True,150.0,31.07,0.57
44.6,1.98213,0,800,True,150.0,31.07,0.57
44.6,2.08213,0,800,True,150.0,31.07,0.57
44.6,2.18213,0,800,True,150.0,31.07,0.57
44.6,2.28213,0,800,True,150.0,31.07,0.57
44.6,2.38213,0,800,True,150.0,31.07,0.57
44.6,2.48213,0,800,True,150.0,31.07,0.57
44.6,2.58213,0,800,True,150.0,31.07,0.57
44.6,2.68213,0,800,True,150.0,31.07,0.57
44.6,2.78213,0,800,True,150.0,31.07,0.57
44.6,2.88213,0,800,True,150.0,31.07,0.57
44.6,2.98213,0,800,True,150.0,31.07,0.57
44.6,3.08213,0,800,True,150.0,31.07,0.57
44.6,3.18213,0,800,True,150.0,31.07,0.57
44.6,3.28213,0,800,True,150.0,31.07,0.57
44.6,3.38213,0,800,True,150.0,31.07,0.57
44.6,3.48213,0,800,True,150.0,31.07,0.57
44.6,3.58213,0,800,True,150.0,31.07,0.57
44.6,3.68213,0,800,True,150.0,31.07,0.57
44.6,3.78213,0,800,True,150.0,31.07,0.57
44.6,3.88213,0,800,True,150.0,31.07,0.57
44.6,3.98213,0,800,True,150.0,31.07,0.57
44.6,4.08213,0,800,True,150.0,31.07,0.57
44.6,4.18213,1,800,True,150.0,31.07,0.57
44.6,4.28213,1,800,True,150.0,31.07,0.57
44.6,4.38213,1,800,True,150.0,31.07,0.57
44.6,4.48213,1,800,True,150.0,31.07,0.57
44.6,4.58213,1,800,True,150.0,31.07,0.57
44.6,4.68213,1,800,True,150.0,31.07,0.57
44.6,4.78213,1,800,True,150.0,31.07,0.57
44.6,4.88213,1,800,True,150.0,31.07,0.57
44.6,4.98213,1,800,True,150.0,31.07,0.57
44.6,5.08213,1,800,True,150.0,31.07,0.57
44.6,5.18213,1,800,True,150.0,31.07,0.57
44.6,5.28213,1,800,True,150.0,31.07,0.57
44.6,5.38213,1,800,True,150.0,31.07,0.57
44.6,5.48213,1,800,True,150.0,31.07,0.57
44.6,5.58213,1,800,True,150.0,31.07,0.57
44.6,5.68213,1,800,True,150.0,31.07,0.57
44.6,6.18213,1,800,True,150.0,31.07,0.57
44.6,6.28213,1,800,True,150.0,31.07,0.57
44.6,6.38213,1,800,True,150.0,31.07,0.57
44.6,6.48213,1,800,True,150.0,31.07,0.57
44.6,6.58213,1,800,True,150.0,31.07,0.57
44.6,6.68213,1,800,True,150.0,31.07,0.57
44.6,6.78213,1,800,True,150.0,31.07,0.57
44.6,6.88213,1,800,True,150.0,31.07,0.57
44.6,5.78213,2,800,True,150.0,31.07,0.57
44.6,5.88213,2,800,True,150.0,31.07,0.57
44.6,5.98213,2,800,True,150.0,31.07,0.57
44.6,6.08213,2,800,True,150.0,31.07,0.57
44.7,-1.01787,0,800,True,150.0,31.07,0.57
44.7,-0.91787,0,800,True,150.0,31.07,0.57
44.7,-0.81787,0,800,True,150.0,31.07,0.57
44.7,-0.71787,0,800,True,150.0,31.07,0.57
44.7,-0.61787,0,800,True,150.0,31.07,0.57
44.7,-0.51787,0,800,True,150.0,31.07,0.57
44.7,-0.41787,0,800,True,150.0,31.07,0.57
44.7,-0.31787,0,800,True,150.0,31.07,0.57
44.7,-0.21787,0,800,True,150.0,31.07,0.57
44.7,-0.11787,0,800,True,150.0,31.07,0.57
44.7,-0.01787,0,800,True,150.0,31.07,0.57
44.7,0.08213,0,800,True,150.0,31.07,0.57
44.7,0.18213,0,800,True,150.0,31.07,0.57
44.7,0.28213,0,800,True,150.0,31.07,0.57
44.7,0.38213,0,800,True,150.0,31.07,0.57
44.7,0.48213,0,800,True,150.0,31.07,0.57
44.7,0.58213,0,800,True,150.0,31.07,0.57
44.7,0.68213,0,800,True,150.0,31.07,0.57
44.7,0.78213,0,800,True,150.0,31.07,0.57
44.7,0.88213,0,800,True,150.0,31.07,0.57
44.7,0.98213,0,800,True,150.0,31.07,0.57
44.7,1.08213,0,800,True,150.0,31.07,0.57
44.7,1.18213,0,800,True,150.0,31.07,0.57
44.7,1.28213,0,800,True,150.0,31.07,0.57
44.7,1.38213,0,800,True,150.0,31.07,0.57
44.7,1.48213,0,800,True,150.0,31.07,0.57
44.7,1.58213,0,800,True,150.0,31.07,0.57
44.7,1.68213,0,800,True,150.0,31.07,0.57
44.7,1.78213,0,800,True,150.0,31.07,0.57
44.7,1.88213,0,800,True,150.0,31.07,0.57
44.7,1.98213,0,800,True,150.0,31.07,0.57
44.7,2.08213,0,800,True,150.0,31.07,0.57
44.7,2.18213,0,800,True,150.0,31.07,0.57
44.7,2.28213,0,800,True,150.0,31.07,0.57
44.7,2.38213,0,800,True,150.0,31.07,0.57
44.7,2.48213,0,800,True,150.0,31.07,0.57
44.7,2.58213,0,800,True,150.0,31.07,0.57
44.7,2.68213,0,800,True,150.0,31.07,0.57
44.7,2.78213,0,800,True,150.0,31.07,0.57
44.7,2.88213,0,800,True,150.0,31.07,0.57
44.7,2.98213,0,800,True,150.0,31.07,0.57
44.7,3.08213,0,800,True,150.0,31.07,0.57
44.7,3.18213,0,800,True,150.0,31.07,0.57
44.7,3.28213,0,800,True,150.0,31.07,0.57
44.7,3.38213,0,800,True,150.0,31.07,0.57
44.7,3.48213,0,800,True,150.0,31.07,0.57
44.7,3.58213,0,800,True,150.0,31.07,0.57
44.7,3.68213,0,800,True,150.0,31.07,0.57
44.7,3.78213,0,800,True,150.0,31.07,0.57
44.7,3.88213,0,800,True,150.0,31.07,0.57
44.7,3.98213,0,800,True,150.0,31.07,0.57
44.7,4.08213,0,800,True,150.0,31.07,0.57
44.7,4.18213,0,800,True,150.0,31.07,0.57
44.7,4.28213,1,800,True,150.0,31.07,0.57
44.7,4.38213,1,800,True,150.0,31.07,0.57
44.7,4.48213,1,800,True,150.0,31.07,0.57
44.7,4.58213,1,800,True,150.0,31.07,0.57
44.7,4.68213,1,800,True,150.0,31.07,0.57
44.7,4.78213,1,800,True,150.0,31.07,0.57
44.7,4.88213,1,800,True,150.0,31.07,0.57
44.7,4.98213,1,800,True,150.0,31.07,0.57
44.7,5.08213,1,800,True,150.0,31.07,0.57
44.7,5.18213,1,800,True,150.0,31.07,0.57
44.7,5.28213,1,800,True,150.0,31.07,0.57
44.7,5.38213,1,800,True,150.0,31.07,0.57
44.7,5.48213,1,800,True,150.0,31.07,0.57
44.7,5.58213,1,800,True,150.0,31.07,0.57
44.7,5.68213,1,800,True,150.0,31.07,0.57
44.7,5.78213,1,800,True,150.0,31.07,0.57
44.7,6.18213,1,800,True,150.0,31.07,0.57
44.7,6.28213,1,800,True,150.0,31.07,0.57
44.7,6.38213,1,800,True,150.0,31.07,0.57
44.7,6.48213,1,800,True,150.0,31.07,0.57
44.7,6.58213,1,800,True,150.0,31.07,0.57
44.7,6.68213,1,800,True,150.0,31.07,0.57
44.7,6.78213,1,800,True,150.0,31.07,0.57
44.7,6.88213,1,800,True,150.0,31.07,0.57
44.7,6.98213,1,800,True,150.0,31.07,0.57
44.7,5.88213,2,800,True,150.0,31.07,0.57
44.7,5.98213,2,800,True,150.0,31.07,0.57
44.7,6.08213,2,800,True,150.0,31.07,0.57
44.8,-1.21787,0,800,True,150.0,31.07,0.57
44.8,-1.11787,0,800,True,150.0,31.07,0.57
44.8,-1.01787,0,800,True,150.0,31.07,0.57
44.8,-0.91787,0,800,True,150.0,31.07,0.57
44.8,-0.81787,0,800,True,150.0,31.07,0.57
44.8,-0.71787,0,800,True,150.0,31.07,0.57
44.8,-0.61787,0,800,True,150.0,31.07,0.57
44.8,-0.51787,0,800,True,150.0,31.07,0.57
44.8,-0.41787,0,800,True,150.0,31.07,0.57
44.8,-0.31787,0,800,True,150.0,31.07,0.57
44.8,-0.21787,0,800,True,150.0,31.07,0.57
44.8,-0.11787,0,800,True,150.0,31.07,0.57
44.8,-0.01787,0,800,True,150.0,31.07,0.57
44.8,0.08213,0,800,True,150.0,31.07,0.57
44.8,0.18213,0,800,True,150.0,31.07,0.57
44.8,0.28213,0,800,True,150.0,31.07,0.57
44.8,0.38213,0,800,True,150.0,31.07,0.57
44.8,0.48213,0,800,True,150.0,31.07,0.57
44.8,0.58213,0,800,True,150.0,31.07,0.57
44.8,0.68213,0,800,True,150.0,31.07,0.57
44.8,0.78213,0,800,True,150.0,31.07,0.57
44.8,0.88213,0,800,True,150.0,31.07,0.57
44.8,0.98213,0,800,True,150.0,31.07,0.57
44.8,1.08213,0,800,True,150.0,31.07,0.57
44.8,1.18213,0,800,True,150.0,31.07,0.57
44.8,1.28213,0,800,True,150.0,31.07,0.57
44.8,1.38213,0,800,True,150.0,31.07,0.57
44.8,1.48213,0,800,True,150.0,31.07,0.57
44.8,1.58213,0,800,True,150.0,31.07,0.57
44.8,1.68213,0,800,True,150.0,31.07,0.57
44.8,1.78213,0,800,True,150.0,31.07,0.57
44.8,1.88213,0,800,True,150.0,31.07,0.57
44.8,1.98213,0,800,True,150.0,31.07,0.57
44.8,2.08213,0,800,True,150.0,31.07,0.57
44.8,2.18213,0,800,True,150.0,31.07,0.57
44.8,2.28213,0,800,True,150.0,31.07,0.57
44.8,2.38213,0,800,True,150.0,31.07,0.57
44.8,2.48213,0,800,True,150.0,31.07,0.57
44.8,2.58213,0,800,True,150.0,31.07,0.57
44.8,2.68213,0,800,True,150.0,31.07,0.57
44.8,2.78213,0,800,True,150.0,31.07,0.57
44.8,2.88213,0,800,True,150.0,31.07,0.57
44.8,2.98213,0,800,True,150.0,31.07,0.57
44.8,3.08213,0,800,True,150.0,31.07,0.57
44.8,3.18213,0,800,True,150.0,31.07,0.57
44.8,3.28213,0,800,True,150.0,31.07,0.57
44.8,3.38213,0,800,True,150.0,31.07,0.57
44.8,3.48213,0,800,True,150.0,31.07,0.57
44.8,3.58213,0,800,True,150.0,31.07,0.57
44.8,3.68213,0,800,True,150.0,31.07,0.57
44.8,3.78213,0,800,True,150.0,31.07,0.57
44.8,3.88213,0,800,True,150.0,31.07,0.57
44.8,3.98213,0,800,True,150.0,31.07,0.57
44.8,4.08213,0,800,True,150.0,31.07,0.57
44.8,4.18213,0,800,True,150.0,31.07,0.57
44.8,4.28213,1,800,True,150.0,31.07,0.57
44.8,4.38213,1,800,True,150.0,31.07,0.57
44.8,4.48213,1,800,True,150.0,31.07,0.57
44.8,4.58213,1,800,True,150.0,31.07,0.57
44.8,4.68213,1,800,True,150.0,31.07,0.57
44.8,4.78213,1,800,True,150.0,31.07,0.57
44.8,4.88213,1,800,True,150.0,31.07,0.57
44.8,4.98213,1,800,True,150.0,31.07,0.57
44.8,5.08213,1,800,True,150.0,31.07,0.57
44.8,5.18213,1,800,True,150.0,31.07,0.57
44.8,5.28213,1,800,True,150.0,31.07,0.57
44.8,5.38213,1,800,True,150.0,31.07,0.57
44.8,5.48213,1,800,True,150.0,31.07,0.57
44.8,5.58213,1,800,True,150.0,31.07,0.57
44.8,5.68213,1,800,True,150.0,31.07,0.57
44.8,5.78213,1,800,True,150.0,31.07,0.57
44.8,5.88213,1,800,True,150.0,31.07,0.57
44.8,5.98213,1,800,True,150.0,31.07,0.57
44.8,6.08213,1,800,True,150.0,31.07,0.57
44.8,6.18213,1,800,True,150.0,31.07,0.57
44.8,6.28213,1,800,True,150.0,31.07,0.57
44.8,6.38213,1,800,True,150.0,31.07,0.57
44.8,6.48213,1,800,True,150.0,31.07,0.57
44.8,6.58213,1,800,True,150.0,31.07,0.57
44.8,6.68213,1,800,True,150.0,31.07,0.57
44.8,6.78213,1,800,True,150.0,31.07,0.57
44.8,6.88213,1,800,True,150.0,31.07,0.57
44.8,6.98213,1,800,True,150.0,31.07,0.57
44.9,-1.21787,0,800,True,150.0,31.07,0.57
44.9,-1.11787,0,800,True,150.0,31.07,0.57
44.9,-1.01787,0,800,True,150.0,31.07,0.57
44.9,-0.91787,0,800,True,150.0,31.07,0.57
44.9,-0.81787,0,800,True,150.0,31.07,0.57
44.9,-0.71787,0,800,True,150.0,31.07,0.57
44.9,-0.61787,0,800,True,150.0,31.07,0.57
44.9,-0.51787,0,800,True,150.0,31.07,0.57
44.9,-0.41787,0,800,True,150.0,31.07,0.57
44.9,-0.31787,0,800,True,150.0,31.07,0.57
44.9,-0.21787,0,800,True,150.0,31.07,0.57
44.9,-0.11787,0,800,True,150.0,31.07,0.57
44.9,-0.01787,0,800,True,150.0,31.07,0.57
44.9,0.08213,0,800,True,150.0,31.07,0.57
44.9,0.18213,0,800,True,150.0,31.07,0.57
44.9,0.28213,0,800,True,150.0,31.07,0.57
44.9,0.38213,0,800,True,150.0,31.07,0.57
44.9,0.48213,0,800,True,150.0,31.07,0.57
44.9,0.58213,0,800,True,150.0,31.07,0.57
44.9,0.68213,0,800,True,150.0,31.07,0.57
44.9,0.78213,0,800,True,150.0,31.07,0.57
44.9,0.88213,0,800,True,150.0,31.07,0.57
44.9,0.98213,0,800,True,150.0,31.07,0.57
44.9,1.08213,0,800,True,150.0,31.07,0.57
44.9,1.18213,0,800,True,150.0,31.07,0.57
44.9,1.28213,0,800,True,150.0,31.07,0.57
44.9,1.38213,0,800,True,150.0,31.07,0.57
44.9,1.48213,0,800,True,150.0,31.07,0.57
44.9,1.58213,0,800,True,150.0,31.07,0.57
44.9,1.68213,0,800,True,150.0,31.07,0.57
44.9,1.78213,0,800,True,150.0,31.07,0.57
44.9,1.88213,0,800,True,150.0,31.07,0.57
44.9,1.98213,0,800,True,150.0,31.07,0.57
44.9,2.08213,0,800,True,150.0,31.07,0.57
44.9,2.18213,0,800,True,150.0,31.07,0.57
44.9,2.28213,0,800,True,150.0,31.07,0.57
44.9,2.38213,0,800,True,150.0,31.07,0.57
44.9,2.48213,0,800,True,150.0,31.07,0.57
44.9,2.58213,0,800,True,150.0,31.07,0.57
44.9,2.68213,0,800,True,150.0,31.07,0.57
44.9,2.78213,0,800,True,150.0,31.07,0.57
44.9,2.88213,0,800,True,150.0,31.07,0.57
44.9,2.98213,0,800,True,150.0,31.07,0.57
44.9,3.08213,0,800,True,150.0,31.07,0.57
44.9,3.18213,0,800,True,150.0,31.07,0.57
44.9,3.28213,0,800,True,150.0,31.07,0.57
44.9,3.38213,0,800,True,150.0,31.07,0.57
44.9,3.48213,0,800,True,150.0,31.07,0.57
44.9,3.58213,0,800,True,150.0,31.07,0.57
44.9,3.68213,0,800,True,150.0,31.07,0.57
44.9,3.78213,0,800,True,150.0,31.07,0.57
44.9,3.88213,0,800,True,150.0,31.07,0.57
44.9,3.98213,0,800,True,150.0,31.07,0.57
44.9,4.08213,0,800,True,150.0,31.07,0.57
44.9,4.18213,0,800,True,150.0,31.07,0.57
44.9,4.28213,1,800,True,150.0,31.07,0.57
44.9,4.38213,1,800,True,150.0,31.07,0.57
44.9,4.48213,1,800,True,150.0,31.07,0.57
44.9,4.58213,1,800,True,150.0,31.07,0.57
44.9,4.68213,1,800,True,150.0,31.07,0.57
44.9,4.78213,1,800,True,150.0,31.07,0.57
44.9,4.88213,1,800,True,150.0,31.07,0.57
44.9,4.98213,1,800,True,150.0,31.07,0.57
44.9,5.08213,1,800,True,150.0,31.07,0.57
44.9,5.18213,1,800,True,150.0,31.07,0.57
44.9,5.28213,1,800,True,150.0,31.07,0.57
44.9,5.38213,1,800,True,150.0,31.07,0.57
44.9,5.48213,1,800,True,150.0,31.07,0.57
44.9,5.58213,1,800,True,150.0,31.07,0.57
44.9,5.68213,1,800,True,150.0,31.07,0.57
44.9,5.78213,1,800,True,150.0,31.07,0.57
44.9,5.88213,1,800,True,150.0,31.07,0.57
44.9,5.98213,1,800,True,150.0,31.07,0.57
44.9,6.08213,1,800,True,150.0,31.07,0.57
44.9,6.18213,1,800,True,150.0,31.07,0.57
44.9,6.28213,1,800,True,150.0,31.07,0.57
44.9,6.38213,1,800,True,150.0,31.07,0.57
44.9,6.48213,1,800,True,150.0,31.07,0.57
44.9,6.58213,1,800,True,150.0,31.07,0.57
44.9,6.68213,1,800,True,150.0,31.07,0.57
44.9,6.78213,1,800,True,150.0,31.07,0.57
45.0,-1.11787,0,800,True,150.0,31.07,0.57
45.0,-1.01787,0,800,True,150.0,31.07,0.57
45.0,-0.91787,0,800,True,150.0,31.07,0.57
45.0,-0.81787,0,800,True,150.0,31.07,0.57
45.0,-0.71787,0,800,True,150.0,31.07,0.57
45.0,-0.61787,0,800,True,150.0,31.07,0.57
45.0,-0.51787,0,800,True,150.0,31.07,0.57
45.0,-0.41787,0,800,True,150.0,31.07,0.57
45.0,-0.31787,0,800,True,150.0,31.07,0.57
45.0,-0.21787,0,800,True,150.0,31.07,0.57
45.0,-0.11787,0,800,True,150.0,31.07,0.57
45.0,-0.01787,0,800,True,150.0,31.07,0.57
45.0,0.08213,0,800,True,150.0,31.07,0.57
45.0,0.18213,0,800,True,150.0,31.07,0.57
45.0,0.28213,0,800,True,150.0,31.07,0.57
45.0,0.38213,0,800,True,150.0,31.07,0.57
45.0,0.48213,0,800,True,150.0,31.07,0.57
45.0,0.58213,0,800,True,150.0,31.07,0.57
45.0,0.68213,0,800,True,150.0,31.07,0.57
45.0,0.78213,0,800,True,150.0,31.07,0.57
45.0,0.88213,0,800,True,150.0,31.07,0.57
45.0,0.98213,0,800,True,150.0,31.07,0.57
45.0,1.08213,0,800,True,150.0,31.07,0.57
45.0,1.18213,0,800,True,150.0,31.07,0.57
45.0,1.28213,0,800,True,150.0,31.07,0.57
45.0,1.38213,0,800,True,150.0,31.07,0.57
45.0,1.48213,0,800,True,150.0,31.07,0.57
45.0,1.58213,0,800,True,150.0,31.07,0.57
45.0,1.68213,0,800,True,150.0,31.07,0.57
45.0,1.78213,0,800,True,150.0,31.07,0.57
45.0,1.88213,0,800,True,150.0,31.07,0.57
45.0,1.98213,0,800,True,150.0,31.07,0.57
45.0,2.08213,0,800,True,150.0,31.07,0.57
45.0,2.18213,0,800,True,150.0,31.07,0.57
45.0,2.28213,0,800,True,150.0,31.07,0.57
45.0,2.38213,0,800,True,150.0,31.07,0.57
45.0,2.48213,0,800,True,150.0,31.07,0.57
45.0,2.58213,0,800,True,150.0,31.07,0.57
45.0,2.68213,0,800,True,150.0,31.07,0.57
45.0,2.78213,0,800,True,150.0,31.07,0.57
45.0,2.88213,0,800,True,150.0,31.07,0.57
45.0,2.98213,0,800,True,150.0,31.07,0.57
45.0,3.08213,0,800,True,150.0,31.07,0.57
45.0,3.18213,0,800,True,150.0,31.07,0.57
45.0,3.28213,0,800,True,150.0,31.07,0.57
45.0,3.38213,0,800,True,150.0,31.07,0.57
45.0,3.48213,0,800,True,150.0,31.07,0.57
45.0,3.58213,0,800,True,150.0,31.07,0.57
45.0,3.68213,0,800,True,150.0,31.07,0.57
45.0,3.78213,0,800,True,150.0,31.07,0.57
45.0,3.88213,0,800,True,150.0,31.07,0.57
45.0,3.98213,0,800,True,150.0,31.07,0.57
45.0,4.08213,0,800,True,150.0,31.07,0.57
45.0,4.18213,0,800,True,150.0,31.07,0.57
45.0,4.28213,0,800,True,150.0,31.07,0.57
45.0,4.38213,1,800,True,150.0,31.07,0.57
45.0,4.48213,1,800,True,150.0,31.07,0.57
45.0,4.58213,1,800,True,150.0,31.07,0.57
45.0,4.68213,1,800,True,150.0,31.07,0.57
45.0,4.78213,1,800,True,150.0,31.07,0.57
45.0,4.88213,1,800,True,150.0,31.07,0.57
45.0,4.98213,1,800,True,150.0,31.07,0.57
45.0,5.08213,1,800,True,150.0,31.07,0.57
45.0,5.18213,1,800,True,150.0,31.07,0.57
45.0,5.28213,1,800,True,150.0,31.07,0.57
45.0,5.38213,1,800,True,150.0,31.07,0.57
45.0,5.48213,1,800,True,150.0,31.07,0.57
45.0,5.58213,1,800,True,150.0,31.07,0.57
45.0,5.68213,1,800,True,150.0,31.07,0.57
45.0,5.78213,1,800,True,150.0,31.07,0.57
45.0,5.88213,1,800,True,150.0,31.07,0.57
45.0,5.98213,1,800,True,150.0,31.07,0.57
45.0,6.08213,1,800,True,150.0,31.07,0.57
45.0,6.18213,1,800,True,150.0,31.07,0.57
45.0,6.28213,1,800,True,150.0,31.07,0.57
45.0,6.38213,1,800,True,150.0,31.07,0.57
45.0,6.48213,1,800,True,150.0,31.07,0.57
45.0,6.58213,1,800,True,150.0,31.07,0.57
45.0,6.68213,1,800,True,150.0,31.07,0.57
45.1,-1.11787,0,800,True,150.0,31.07,0.57
45.1,-1.01787,0,800,True,150.0,31.07,0.57
45.1,-0.91787,0,800,True,150.0,31.07,0.57
45.1,-0.81787,0,800,True,150.0,31.07,0.57
45.1,-0.71787,0,800,True,150.0,31.07,0.57
45.1,-0.61787,0,800,True,150.0,31.07,0.57
45.1,-0.51787,0,800,True,150.0,31.07,0.57
45.1,-0.41787,0,800,True,150.0,31.07,0.57
45.1,-0.31787,0,800,True,150.0,31.07,0.57
45.1,-0.21787,0,800,True,150.0,31.07,0.57
45.1,-0.11787,0,800,True,150.0,31.07,0.57
45.1,-0.01787,0,800,True,150.0,31.07,0.57
45.1,0.08213,0,800,True,150.0,31.07,0.57
45.1,0.18213,0,800,True,150.0,31.07,0.57
45.1,0.28213,0,800,True,150.0,31.07,0.57
45.1,0.38213,0,800,True,150.0,31.07,0.57
45.1,0.48213,0,800,True,150.0,31.07,0.57
45.1,0.58213,0,800,True,150.0,31.07,0.57
45.1,0.68213,0,800,True,150.0,31.07,0.57
45.1,0.78213,0,800,True,150.0,31.07,0.57
45.1,0.88213,0,800,True,150.0,31.07,0.57
45.1,0.98213,0,800,True,150.0,31.07,0.57
45.1,1.08213,0,800,True,150.0,31.07,0.57
45.1,1.18213,0,800,True,150.0,31.07,0.57
45.1,1.28213,0,800,True,150.0,31.07,0.57
45.1,1.38213,0,800,True,150.0,31.07,0.57
45.1,1.48213,0,800,True,150.0,31.07,0.57
45.1,1.58213,0,800,True,150.0,31.07,0.57
45.1,1.68213,0,800,True,150.0,31.07,0.57
45.1,1.78213,0,800,True,150.0,31.07,0.57
45.1,1.88213,0,800,True,150.0,31.07,0.57
45.1,1.98213,0,800,True,150.0,31.07,0.57
45.1,2.08213,0,800,True,150.0,31.07,0.57
45.1,2.18213,0,800,True,150.0,31.07,0.57
45.1,2.28213,0,800,True,150.0,31.07,0.57
45.1,2.38213,0,800,True,150.0,31.07,0.57
45.1,2.48213,0,800,True,150.0,31.07,0.57
45.1,2.58213,0,800,True,150.0,31.07,0.57
45.1,2.68213,0,800,True,150.0,31.07,0.57
45.1,2.78213,0,800,True,150.0,31.07,0.57
45.1,2.88213,0,800,True,150.0,31.07,0.57
45.1,2.98213,0,800,True,150.0,31.07,0.57
45.1,3.08213,0,800,True,150.0,31.07,0.57
45.1,3.18213,0,800,True,150.0,31.07,0.57
45.1,3.28213,0,800,True,150.0,31.07,0.57
45.1,3.38213,0,800,True,150.0,31.07,0.57
45.1,3.48213,0,800,True,150.0,31.07,0.57
45.1,3.58213,0,800,True,150.0,31.07,0.57
45.1,3.68213,0,800,True,150.0,31.07,0.57
45.1,3.78213,0,800,True,150.0,31.07,0.57
45.1,3.88213,0,800,True,150.0,31.07,0.57
45.1,3.98213,0,800,True,150.0,31.07,0.57
45.1,4.08213,0,800,True,150.0,31.07,0.57
45.1,4.18213,0,800,True,150.0,31.07,0.57
45.1,4.28213,0,800,True,150.0,31.07,0.57
45.1,4.38213,1,800,True,150.0,31.07,0.57
45.1,4.48213,1,800,True,150.0,31.07,0.57
45.1,4.58213,1,800,True,150.0,31.07,0.57
45.1,4.68213,1,800,True,150.0,31.07,0.57
45.1,4.78213,1,800,True,150.0,31.07,0.57
45.1,4.88213,1,800,True,150.0,31.07,0.57
45.1,4.98213,1,800,True,150.0,31.07,0.57
45.1,5.08213,1,800,True,150.0,31.07,0.57
45.1,5.18213,1,800,True,150.0,31.07,0.57
45.1,5.28213,1,800,True,150.0,31.07,0.57
45.1,5.38213,1,800,True,150.0,31.07,0.57
45.1,5.48213,1,800,True,150.0,31.07,0.57
45.1,5.58213,1,800,True,150.0,31.07,0.57
45.1,5.68213,1,800,True,150.0,31.07,0.57
45.1,5.78213,1,800,True,150.0,31.07,0.57
45.1,5.88213,1,800,True,150.0,31.07,0.57
45.1,5.98213,1,800,True,150.0,31.07,0.57
45.1,6.08213,1,800,True,150.0,31.07,0.57
45.1,6.18213,1,800,True,150.0,31.07,0.57
45.1,6.28213,1,800,True,150.0,31.07,0.57
45.1,6.38213,1,800,True,150.0,31.07,0.57
45.1,6.48213,1,800,True,150.0,31.07,0.57
45.1,6.58213,1,800,True,150.0,31.07,0.57
45.2,-1.11787,0,800,True,150.0,31.07,0.57
45.2,-1.01787,0,800,True,150.0,31.07,0.57
45.2,-0.91787,0,800,True,150.0,31.07,0.57
45.2,-0.81787,0,800,True,150.0,31.07,0.57
45.2,-0.61787,0,800,True,150.0,31.07,0.57
45.2,-0.51787,0,800,True,150.0,31.07,0.57
45.2,-0.41787,0,800,True,150.0,31.07,0.57
45.2,-0.31787,0,800,True,150.0,31.07,0.57
45.2,-0.21787,0,800,True,150.0,31.07,0.57
45.2,-0.11787,0,800,True,150.0,31.07,0.57
45.2,-0.01787,0,800,True,150.0,31.07,0.57
45.2,0.08213,0,800,True,150.0,31.07,0.57
45.2,0.18213,0,800,True,150.0,31.07,0.57
45.2,0.28213,0,800,True,150.0,31.07,0.57
45.2,0.38213,0,800,True,150.0,31.07,0.57
45.2,0.48213,0,800,True,150.0,31.07,0.57
45.2,0.58213,0,800,True,150.0,31.07,0.57
45.2,0.68213,0,800,True,150.0,31.07,0.57
45.2,0.78213,0,800,True,150.0,31.07,0.57
45.2,0.88213,0,800,True,150.0,31.07,0.57
45.2,0.98213,0,800,True,150.0,31.07,0.57
45.2,1.08213,0,800,True,150.0,31.07,0.57
45.2,1.18213,0,800,True,150.0,31.07,0.57
45.2,1.28213,0,800,True,150.0,31.07,0.57
45.2,1.38213,0,800,True,150.0,31.07,0.57
45.2,1.48213,0,800,True,150.0,31.07,0.57
45.2,1.58213,0,800,True,150.0,31.07,0.57
45.2,1.68213,0,800,True,150.0,31.07,0.57
45.2,1.78213,0,800,True,150.0,31.07,0.57
45.2,1.88213,0,800,True,150.0,31.07,0.57
45.2,1.98213,0,800,True,150.0,31.07,0.57
45.2,2.08213,0,800,True,150.0,31.07,0.57
45.2,2.18213,0,800,True,150.0,31.07,0.57
45.2,2.28213,0,800,True,150.0,31.07,0.57
45.2,2.38213,0,800,True,150.0,31.07,0.57
45.2,2.48213,0,800,True,150.0,31.07,0.57
45.2,2.58213,0,800,True,150.0,31.07,0.57
45.2,2.68213,0,800,True,150.0,31.07,0.57
45.2,2.78213,0,800,True,150.0,31.07,0.57
45.2,2.88213,0,800,True,150.0,31.07,0.57
45.2,2.98213,0,800,True,150.0,31.07,0.57
45.2,3.08213,0,800,True,150.0,31.07,0.57
45.2,3.18213,0,800,True,150.0,31.07,0.57
45.2,3.28213,0,800,True,150.0,31.07,0.57
45.2,3.38213,0,800,True,150.0,31.07,0.57
45.2,3.48213,0,800,True,150.0,31.07,0.57
45.2,3.58213,0,800,True,150.0,31.07,0.57
45.2,3.68213,0,800,True,150.0,31.07,0.57
45.2,3.78213,0,800,True,150.0,31.07,0.57
45.2,3.88213,0,800,True,150.0,31.07,0.57
45.2,3.98213,0,800,True,150.0,31.07,0.57
45.2,4.08213,0,800,True,150.0,31.07,0.57
45.2,4.18213,0,800,True,150.0,31.07,0.57
45.2,4.28213,0,800,True,150.0,31.07,0.57
45.2,4.38213,0,800,True,150.0,31.07,0.57
45.2,4.48213,1,800,True,150.0,31.07,0.57
45.2,4.58213,1,800,True,150.0,31.07,0.57
45.2,4.68213,1,800,True,150.0,31.07,0.57
45.2,4.78213,1,800,True,150.0,31.07,0.57
45.2,4.88213,1,800,True,150.0,31.07,0.57
45.2,4.98213,1,800,True,150.0,31.07,0.57
45.2,5.08213,1,800,True,150.0,31.07,0.57
45.2,5.18213,1,800,True,150.0,31.07,0.57
45.2,5.28213,1,800,True,150.0,31.07,0.57
45.2,5.38213,1,800,True,150.0,31.07,0.57
45.2,5.48213,1,800,True,150.0,31.07,0.57
45.2,5.58213,1,800,True,150.0,31.07,0.57
45.2,5.68213,1,800,True,150.0,31.07,0.57
45.2,5.78213,1,800,True,150.0,31.07,0.57
45.2,5.88213,1,800,True,150.0,31.07,0.57
45.2,5.98213,1,800,True,150.0,31.07,0.57
45.2,6.08213,1,800,True,150.0,31.07,0.57
45.2,6.18213,1,800,True,150.0,31.07,0.57
45.2,6.28213,1,800,True,150.0,31.07,0.57
45.2,6.38213,1,800,True,150.0,31.07,0.57
45.2,6.48213,1,800,True,150.0,31.07,0.57
45.2,6.58213,1,800,True,150.0,31.07,0.57
45.2,6.68213,1,800,True,150.0,31.07,0.57
45.2,6.78213,1,800,True,150.0,31.07,0.57
45.2,6.88213,1,800,True,150.0,31.07,0.57
45.3,-1.11787,0,800,True,150.0,31.07,0.57
45.3,-1.01787,0,800,True,150.0,31.07,0.57
45.3,-0.91787,0,800,True,150.0,31.07,0.57
45.3,-0.81787,0,800,True,150.0,31.07,0.57
45.3,-0.61787,0,800,True,150.0,31.07,0.57
45.3,-0.51787,0,800,True,150.0,31.07,0.57
45.3,-0.41787,0,800,True,150.0,31.07,0.57
45.3,-0.31787,0,800,True,150.0,31.07,0.57
45.3,-0.21787,0,800,True,150.0,31.07,0.57
45.3,-0.11787,0,800,True,150.0,31.07,0.57
45.3,-0.01787,0,800,True,150.0,31.07,0.57
45.3,0.08213,0,800,True,150.0,31.07,0.57
45.3,0.18213,0,800,True,150.0,31.07,0.57
45.3,0.28213,0,800,True,150.0,31.07,0.57
45.3,0.38213,0,800,True,150.0,31.07,0.57
45.3,0.48213,0,800,True,150.0,31.07,0.57
45.3,0.58213,0,800,True,150.0,31.07,0.57
45.3,0.68213,0,800,True,150.0,31.07,0.57
45.3,0.78213,0,800,True,150.0,31.07,0.57
45.3,0.88213,0,800,True,150.0,31.07,0.57
45.3,0.98213,0,800,True,150.0,31.07,0.57
45.3,1.08213,0,800,True,150.0,31.07,0.57
45.3,1.18213,0,800,True,150.0,31.07,0.57
45.3,1.28213,0,800,True,150.0,31.07,0.57
45.3,1.38213,0,800,True,150.0,31.07,0.57
45.3,1.48213,0,800,True,150.0,31.07,0.57
45.3,1.58213,0,800,True,150.0,31.07,0.57
45.3,1.68213,0,800,True,150.0,31.07,0.57
45.3,1.78213,0,800,True,150.0,31.07,0.57
45.3,1.88213,0,800,True,150.0,31.07,0.57
45.3,1.98213,0,800,True,150.0,31.07,0.57
45.3,2.08213,0,800,True,150.0,31.07,0.57
45.3,2.18213,0,800,True,150.0,31.07,0.57
45.3,2.28213,0,800,True,150.0,31.07,0.57
45.3,2.38213,0,800,True,150.0,31.07,0.57
45.3,2.48213,0,800,True,150.0,31.07,0.57
45.3,2.58213,0,800,True,150.0,31.07,0.57
45.3,2.68213,0,800,True,150.0,31.07,0.57
45.3,2.78213,0,800,True,150.0,31.07,0.57
45.3,2.88213,0,800,True,150.0,31.07,0.57
45.3,2.98213,0,800,True,150.0,31.07,0.57
45.3,3.08213,0,800,True,150.0,31.07,0.57
45.3,3.18213,0,800,True,150.0,31.07,0.57
45.3,3.28213,0,800,True,150.0,31.07,0.57
45.3,3.38213,0,800,True,150.0,31.07,0.57
45.3,3.48213,0,800,True,150.0,31.07,0.57
45.3,3.58213,0,800,True,150.0,31.07,0.57
45.3,3.68213,0,800,True,150.0,31.07,0.57
45.3,3.78213,0,800,True,150.0,31.07,0.57
45.3,3.88213,0,800,True,150.0,31.07,0.57
45.3,3.98213,0,800,True,150.0,31.07,0.57
45.3,4.08213,0,800,True,150.0,31.07,0.57
45.3,4.18213,0,800,True,150.0,31.07,0.57
45.3,4.28213,0,800,True,150.0,31.07,0.57
45.3,4.38213,0,800,True,150.0,31.07,0.57
45.3,4.48213,1,800,True,150.0,31.07,0.57
45.3,4.58213,1,800,True,150.0,31.07,0.57
45.3,4.68213,1,800,True,150.0,31.07,0.57
45.3,4.78213,1,800,True,150.0,31.07,0.57
45.3,4.88213,1,800,True,150.0,31.07,0.57
45.3,4.98213,1,800,True,150.0,31.07,0.57
45.3,5.08213,1,800,True,150.0,31.07,0.57
45.3,5.18213,1,800,True,150.0,31.07,0.57
45.3,5.28213,1,800,True,150.0,31.07,0.57
45.3,5.38213,1,800,True,150.0,31.07,0.57
45.3,5.48213,1,800,True,150.0,31.07,0.57
45.3,5.58213,1,800,True,150.0,31.07,0.57
45.3,5.68213,1,800,True,150.0,31.07,0.57
45.3,5.78213,1,800,True,150.0,31.07,0.57
45.3,5.88213,1,800,True,150.0,31.07,0.57
45.3,5.98213,1,800,True,150.0,31.07,0.57
45.3,6.08213,1,800,True,150.0,31.07,0.57
45.3,6.18213,1,800,True,150.0,31.07,0.57
45.3,6.28213,1,800,True,150.0,31.07,0.57
45.3,6.38213,1,800,True,150.0,31.07,0.57
45.3,6.48213,1,800,True,150.0,31.07,0.57
45.3,6.58213,1,800,True,150.0,31.07,0.57
45.3,6.68213,1,800,True,150.0,31.07,0.57
45.3,6.78213,1,800,True,150.0,31.07,0.57
45.3,6.88213,1,800,True,150.0,31.07,0.57
45.3,6.98213,1,800,True,150.0,31.07,0.57
45.3,7.08213,1,800,True,150.0,31.07,0.57
45.4,-1.11787,0,800,True,150.0,31.07,0.57
45.4,-1.01787,0,800,True,150.0,31.07,0.57
45.4,-0.91787,0,800,True,150.0,31.07,0.57
45.4,-0.71787,0,800,True,150.0,31.07,0.57
45.4,-0.61787,0,800,True,150.0,31.07,0.57
45.4,-0.51787,0,800,True,150.0,31.07,0.57
45.4,-0.41787,0,800,True,150.0,31.07,0.57
45.4,-0.31787,0,800,True,150.0,31.07,0.57
45.4,-0.21787,0,800,True,150.0,31.07,0.57
45.4,-0.11787,0,800,True,150.0,31.07,0.57
45.4,-0.01787,0,800,True,150.0,31.07,0.57
45.4,0.08213,0,800,True,150.0,31.07,0.57
45.4,0.18213,0,800,True,150.0,31.07,0.57
45.4,0.28213,0,800,True,150.0,31.07,0.57
45.4,0.38213,0,800,True,150.0,31.07,0.57
45.4,0.48213,0,800,True,150.0,31.07,0.57
45.4,0.58213,0,800,True,150.0,31.07,0.57
45.4,0.68213,0,800,True,150.0,31.07,0.57
45.4,0.78213,0,800,True,150.0,31.07,0.57
45.4,0.88213,0,800,True,150.0,31.07,0.57
45.4,0.98213,0,800,True,150.0,31.07,0.57
45.4,1.08213,0,800,True,150.0,31.07,0.57
45.4,1.18213,0,800,True,150.0,31.07,0.57
45.4,1.28213,0,800,True,150.0,31.07,0.57
45.4,1.38213,0,800,True,150.0,31.07,0.57
45.4,1.48213,0,800,True,150.0,31.07,0.57
45.4,1.58213,0,800,True,150.0,31.07,0.57
45.4,1.68213,0,800,True,150.0,31.07,0.57
45.4,1.78213,0,800,True,150.0,31.07,0.57
45.4,1.88213,0,800,True,150.0,31.07,0.57
45.4,1.98213,0,800,True,150.0,31.07,0.57
45.4,2.08213,0,800,True,150.0,31.07,0.57
45.4,2.18213,0,800,True,150.0,31.07,0.57
45.4,2.28213,0,800,True,150.0,31.07,0.57
45.4,2.38213,0,800,True,150.0,31.07,0.57
45.4,2.48213,0,800,True,150.0,31.07,0.57
45.4,2.58213,0,800,True,150.0,31.07,0.57
45.4,2.68213,0,800,True,150.0,31.07,0.57
45.4,2.78213,0,800,True,150.0,31.07,0.57
45.4,2.88213,0,800,True,150.0,31.07,0.57
45.4,2.98213,0,800,True,150.0,31.07,0.57
45.4,3.08213,0,800,True,150.0,31.07,0.57
45.4,3.18213,0,800,True,150.0,31.07,0.57
45.4,3.28213,0,800,True,150.0,31.07,0.57
45.4,3.38213,0,800,True,150.0,31.07,0.57
45.4,3.48213,0,800,True,150.0,31.07,0.57
45.4,3.58213,0,800,True,150.0,31.07,0.57
45.4,3.68213,0,800,True,150.0,31.07,0.57
45.4,3.78213,0,800,True,150.0,31.07,0.57
45.4,3.88213,0,800,True,150.0,31.07,0.57
45.4,3.98213,0,800,True,150.0,31.07,0.57
45.4,4.08213,0,800,True,150.0,31.07,0.57
45.4,4.18213,0,800,True,150.0,31.07,0.57
45.4,4.28213,0,800,True,150.0,31.07,0.57
45.4,4.38213,0,800,True,150.0,31.07,0.57
45.4,4.48213,0,800,True,150.0,31.07,0.57
45.4,4.58213,1,800,True,150.0,31.07,0.57
45.4,4.68213,1,800,True,150.0,31.07,0.57
45.4,4.78213,1,800,True,150.0,31.07,0.57
45.4,4.88213,1,800,True,150.0,31.07,0.57
45.4,4.98213,1,800,True,150.0,31.07,0.57
45.4,5.08213,1,800,True,150.0,31.07,0.57
45.4,5.18213,1,800,True,150.0,31.07,0.57
45.4,5.28213,1,800,True,150.0,31.07,0.57
45.4,5.38213,1,800,True,150.0,31.07,0.57
45.4,5.48213,1,800,True,150.0,31.07,0.57
45.4,5.58213,1,800,True,150.0,31.07,0.57
45.4,5.68213,1,800,True,150.0,31.07,0.57
45.4,5.78213,1,800,True,150.0,31.07,0.57
45.4,5.88213,1,800,True,150.0,31.07,0.57
45.4,5.98213,1,800,True,150.0,31.07,0.57
45.4,6.08213,1,800,True,150.0,31.07,0.57
45.4,6.18213,1,800,True,150.0,31.07,0.57
45.4,6.28213,1,800,True,150.0,31.07,0.57
45.4,6.38213,1,800,True,150.0,31.07,0.57
45.4,6.48213,1,800,True,150.0,31.07,0.57
45.4,6.58213,1,800,True,150.0,31.07,0.57
45.4,6.68213,1,800,True,150.0,31.07,0.57
45.4,6.78213,1,800,True,150.0,31.07,0.57
45.4,6.88213,1,800,True,150.0,31.07,0.57
45.4,6.98213,1,800,True,150.0,31.07,0.57
45.4,7.08213,1,800,True,150.0,31.07,0.57
45.4,7.18213,1,800,True,150.0,31.07,0.57
45.5,-1.11787,0,800,True,150.0,31.07,0.57
45.5,-0.81787,0,800,True,150.0,31.07,0.57
45.5,-0.71787,0,800,True,150.0,31.07,0.57
45.5,-0.61787,0,800,True,150.0,31.07,0.57
45.5,-0.51787,0,800,True,150.0,31.07,0.57
45.5,-0.41787,0,800,True,150.0,31.07,0.57
45.5,-0.31787,0,800,True,150.0,31.07,0.57
45.5,-0.21787,0,800,True,150.0,31.07,0.57
45.5,-0.11787,0,800,True,150.0,31.07,0.57
45.5,-0.01787,0,800,True,150.0,31.07,0.57
45.5,0.08213,0,800,True,150.0,31.07,0.57
45.5,0.18213,0,800,True,150.0,31.07,0.57
45.5,0.28213,0,800,True,150.0,31.07,0.57
45.5,0.38213,0,800,True,150.0,31.07,0.57
45.5,0.48213,0,800,True,150.0,31.07,0.57
45.5,0.58213,0,800,True,150.0,31.07,0.57
45.5,0.68213,0,800,True,150.0,31.07,0.57
45.5,0.78213,0,800,True,150.0,31.07,0.57
45.5,0.88213,0,800,True,150.0,31.07,0.57
45.5,0.98213,0,800,True,150.0,31.07,0.57
45.5,1.08213,0,800,True,150.0,31.07,0.57
45.5,1.18213,0,800,True,150.0,31.07,0.57
45.5,1.28213,0,800,True,150.0,31.07,0.57
45.5,1.38213,0,800,True,150.0,31.07,0.57
45.5,1.48213,0,800,True,150.0,31.07,0.57
45.5,1.58213,0,800,True,150.0,31.07,0.57
45.5,1.68213,0,800,True,150.0,31.07,0.57
45.5,1.78213,0,800,True,150.0,31.07,0.57
45.5,1.88213,0,800,True,150.0,31.07,0.57
45.5,1.98213,0,800,True,150.0,31.07,0.57
45.5,2.08213,0,800,True,150.0,31.07,0.57
45.5,2.18213,0,800,True,150.0,31.07,0.57
45.5,2.28213,0,800,True,150.0,31.07,0.57
45.5,2.38213,0,800,True,150.0,31.07,0.57
45.5,2.48213,0,800,True,150.0,31.07,0.57
45.5,2.58213,0,800,True,150.0,31.07,0.57
45.5,2.68213,0,800,True,150.0,31.07,0.57
45.5,2.78213,0,800,True,150.0,31.07,0.57
45.5,2.88213,0,800,True,150.0,31.07,0.57
45.5,2.98213,0,800,True,150.0,31.07,0.57
45.5,3.08213,0,800,True,150.0,31.07,0.57
45.5,3.18213,0,800,True,150.0,31.07,0.57
45.5,3.28213,0,800,True,150.0,31.07,0.57
45.5,3.38213,0,800,True,150.0,31.07,0.57
45.5,3.48213,0,800,True,150.0,31.07,0.57
45.5,3.58213,0,800,True,150.0,31.07,0.57
45.5,3.68213,0,800,True,150.0,31.07,0.57
45.5,3.78213,0,800,True,150.0,31.07,0.57
45.5,3.88213,0,800,True,150.0,31.07,0.57
45.5,3.98213,0,800,True,150.0,31.07,0.57
45.5,4.08213,0,800,True,150.0,31.07,0.57
45.5,4.18213,0,800,True,150.0,31.07,0.57
45.5,4.28213,0,800,True,150.0,31.07,0.57
45.5,4.38213,0,800,True,150.0,31.07,0.57
45.5,4.48213,0,800,True,150.0,31.07,0.57
45.5,4.58213,1,800,True,150.0,31.07,0.57
45.5,4.68213,1,800,True,150.0,31.07,0.57
45.5,4.78213,1,800,True,150.0,31.07,0.57
45.5,4.88213,1,800,True,150.0,31.07,0.57
45.5,4.98213,1,800,True,150.0,31.07,0.57
45.5,5.08213,1,800,True,150.0,31.07,0.57
45.5,5.18213,1,800,True,150.0,31.07,0.57
45.5,5.28213,1,800,True,150.0,31.07,0.57
45.5,5.38213,1,800,True,150.0,31.07,0.57
45.5,5.48213,1,800,True,150.0,31.07,0.57
45.5,5.58213,1,800,True,150.0,31.07,0.57
45.5,5.68213,1,800,True,150.0,31.07,0.57
45.5,5.78213,1,800,True,150.0,31.07,0.57
45.5,5.88213,1,800,True,150.0,31.07,0.57
45.5,5.98213,1,800,True,150.0,31.07,0.57
45.5,6.08213,1,800,True,150.0,31.07,0.57
45.5,6.18213,1,800,True,150.0,31.07,0.57
45.5,6.28213,1,800,True,150.0,31.07,0.57
45.5,6.38213,1,800,True,150.0,31.07,0.57
45.5,6.48213,1,800,True,150.0,31.07,0.57
45.5,6.58213,1,800,True,150.0,31.07,0.57
45.5,6.68213,1,800,True,150.0,31.07,0.57
45.5,6.78213,1,800,True,150.0,31.07,0.57
45.5,6.88213,1,800,True,150.0,31.07,0.57
45.5,6.98213,1,800,True,150.0,31.07,0.57
45.6,-0.91787,0,800,True,150.0,31.07,0.57
45.6,-0.81787,0,800,True,150.0,31.07,0.57
45.6,-0.71787,0,800,True,150.0,31.07,0.57
45.6,-0.61787,0,800,True,150.0,31.07,0.57
45.6,-0.51787,0,800,True,150.0,31.07,0.57
45.6,-0.41787,0,800,True,150.0,31.07,0.57
45.6,-0.31787,0,800,True,150.0,31.07,0.57
45.6,-0.21787,0,800,True,150.0,31.07,0.57
45.6,-0.11787,0,800,True,150.0,31.07,0.57
45.6,-0.01787,0,800,True,150.0,31.07,0.57
45.6,0.08213,0,800,True,150.0,31.07,0.57
45.6,0.18213,0,800,True,150.0,31.07,0.57
45.6,0.28213,0,800,True,150.0,31.07,0.57
45.6,0.38213,0,800,True,150.0,31.07,0.57
45.6,0.48213,0,800,True,150.0,31.07,0.57
45.6,0.58213,0,800,True,150.0,31.07,0.57
45.6,0.68213,0,800,True,150.0,31.07,0.57
45.6,0.78213,0,800,True,150.0,31.07,0.57
45.6,0.88213,0,800,True,150.0,31.07,0.57
45.6,0.98213,0,800,True,150.0,31.07,0.57
45.6,1.08213,0,800,True,150.0,31.07,0.57
45.6,1.18213,0,800,True,150.0,31.07,0.57
45.6,1.28213,0,800,True,150.0,31.07,0.57
45.6,1.38213,0,800,True,150.0,31.07,0.57
45.6,1.48213,0,800,True,150.0,31.07,0.57
45.6,1.58213,0,800,True,150.0,31.07,0.57
45.6,1.68213,0,800,True,150.0,31.07,0.57
45.6,1.78213,0,800,True,150.0,31.07,0.57
45.6,1.88213,0,800,True,150.0,31.07,0.57
45.6,1.98213,0,800,True,150.0,31.07,0.57
45.6,2.08213,0,800,True,150.0,31.07,0.57
45.6,2.18213,0,800,True,150.0,31.07,0.57
45.6,2.28213,0,800,True,150.0,31.07,0.57
45.6,2.38213,0,800,True,150.0,31.07,0.57
45.6,2.48213,0,800,True,150.0,31.07,0.57
45.6,2.58213,0,800,True,150.0,31.07,0.57
45.6,2.68213,0,800,True,150.0,31.07,0.57
45.6,2.78213,0,800,True,150.0,31.07,0.57
45.6,2.88213,0,800,True,150.0,31.07,0.57
45.6,2.98213,0,800,True,150.0,31.07,0.57
45.6,3.08213,0,800,True,150.0,31.07,0.57
45.6,3.18213,0,800,True,150.0,31.07,0.57
45.6,3.28213,0,800,True,150.0,31.07,0.57
45.6,3.38213,0,800,True,150.0,31.07,0.57
45.6,3.48213,0,800,True,150.0,31.07,0.57
45.6,3.58213,0,800,True,150.0,31.07,0.57
45.6,3.68213,0,800,True,150.0,31.07,0.57
45.6,3.78213,0,800,True,150.0,31.07,0.57
45.6,3.88213,0,800,True,150.0,31.07,0.57
45.6,3.98213,0,800,True,150.0,31.07,0.57
45.6,4.08213,0,800,True,150.0,31.07,0.57
45.6,4.18213,0,800,True,150.0,31.07,0.57
45.6,4.28213,0,800,True,150.0,31.07,0.57
45.6,4.38213,0,800,True,150.0,31.07,0.57
45.6,4.48213,0,800,True,150.0,31.07,0.57
45.6,4.58213,0,800,True,150.0,31.07,0.57
45.6,4.68213,1,800,True,150.0,31.07,0.57
45.6,4.78213,1,800,True,150.0,31.07,0.57
45.6,4.88213,1,800,True,150.0,31.07,0.57
45.6,4.98213,1,800,True,150.0,31.07,0.57
45.6,5.08213,1,800,True,150.0,31.07,0.57
45.6,5.18213,1,800,True,150.0,31.07,0.57
45.6,5.28213,1,800,True,150.0,31.07,0.57
45.6,5.38213,1,800,True,150.0,31.07,0.57
45.6,5.48213,1,800,True,150.0,31.07,0.57
45.6,5.58213,1,800,True,150.0,31.07,0.57
45.6,5.68213,1,800,True,150.0,31.07,0.57
45.6,5.78213,1,800,True,150.0,31.07,0.57
45.6,5.88213,1,800,True,150.0,31.07,0.57
45.6,5.98213,1,800,True,150.0,31.07,0.57
45.6,6.08213,1,800,True,150.0,31.07,0.57
45.6,6.18213,1,800,True,150.0,31.07,0.57
45.6,6.28213,1,800,True,150.0,31.07,0.57
45.6,6.38213,1,800,True,150.0,31.07,0.57
45.6,6.48213,1,800,True,150.0,31.07,0.57
45.6,6.58213,1,800,True,150.0,31.07,0.57
45.6,6.68213,1,800,True,150.0,31.07,0.57
45.6,6.78213,1,800,True,150.0,31.07,0.57
45.6,6.88213,1,800,True,150.0,31.07,0.57
45.6,6.98213,1,800,True,150.0,31.07,0.57
45.7,-1.21787,0,800,True,150.0,31.07,0.57
45.7,-1.11787,0,800,True,150.0,31.07,0.57
45.7,-1.01787,0,800,True,150.0,31.07,0.57
45.7,-0.91787,0,800,True,150.0,31.07,0.57
45.7,-0.81787,0,800,True,150.0,31.07,0.57
45.7,-0.71787,0,800,True,150.0,31.07,0.57
45.7,-0.61787,0,800,True,150.0,31.07,0.57
45.7,-0.51787,0,800,True,150.0,31.07,0.57
45.7,-0.41787,0,800,True,150.0,31.07,0.57
45.7,-0.31787,0,800,True,150.0,31.07,0.57
45.7,-0.21787,0,800,True,150.0,31.07,0.57
45.7,-0.11787,0,800,True,150.0,31.07,0.57
45.7,-0.01787,0,800,True,150.0,31.07,0.57
45.7,0.08213,0,800,True,150.0,31.07,0.57
45.7,0.18213,0,800,True,150.0,31.07,0.57
45.7,0.28213,0,800,True,150.0,31.07,0.57
45.7,0.38213,0,800,True,150.0,31.07,0.57
45.7,0.48213,0,800,True,150.0,31.07,0.57
45.7,0.58213,0,800,True,150.0,31.07,0.57
45.7,0.68213,0,800,True,150.0,31.07,0.57
45.7,0.78213,0,800,True,150.0,31.07,0.57
45.7,0.88213,0,800,True,150.0,31.07,0.57
45.7,0.98213,0,800,True,150.0,31.07,0.57
45.7,1.08213,0,800,True,150.0,31.07,0.57
45.7,1.18213,0,800,True,150.0,31.07,0.57
45.7,1.28213,0,800,True,150.0,31.07,0.57
45.7,1.38213,0,800,True,150.0,31.07,0.57
45.7,1.48213,0,800,True,150.0,31.07,0.57
45.7,1.58213,0,800,True,150.0,31.07,0.57
45.7,1.68213,0,800,True,150.0,31.07,0.57
45.7,1.78213,0,800,True,150.0,31.07,0.57
45.7,1.88213,0,800,True,150.0,31.07,0.57
45.7,1.98213,0,800,True,150.0,31.07,0.57
45.7,2.08213,0,800,True,150.0,31.07,0.57
45.7,2.18213,0,800,True,150.0,31.07,0.57
45.7,2.28213,0,800,True,150.0,31.07,0.57
45.7,2.38213,0,800,True,150.0,31.07,0.57
45.7,2.48213,0,800,True,150.0,31.07,0.57
45.7,2.58213,0,800,True,150.0,31.07,0.57
45.7,2.68213,0,800,True,150.0,31.07,0.57
45.7,2.78213,0,800,True,150.0,31.07,0.57
45.7,2.88213,0,800,True,150.0,31.07,0.57
45.7,2.98213,0,800,True,150.0,31.07,0.57
45.7,3.08213,0,800,True,150.0,31.07,0.57
45.7,3.18213,0,800,True,150.0,31.07,0.57
45.7,3.28213,0,800,True,150.0,31.07,0.57
45.7,3.38213,0,800,True,150.0,31.07,0.57
45.7,3.48213,0,800,True,150.0,31.07,0.57
45.7,3.58213,0,800,True,150.0,31.07,0.57
45.7,3.68213,0,800,True,150.0,31.07,0.57
45.7,3.78213,0,800,True,150.0,31.07,0.57
45.7,3.88213,0,800,True,150.0,31.07,0.57
45.7,3.98213,0,800,True,150.0,31.07,0.57
45.7,4.08213,0,800,True,150.0,31.07,0.57
45.7,4.18213,0,800,True,150.0,31.07,0.57
45.7,4.28213,0,800,True,150.0,31.07,0.57
45.7,4.38213,0,800,True,150.0,31.07,0.57
45.7,4.48213,0,800,True,150.0,31.07,0.57
45.7,4.58213,0,800,True,150.0,31.07,0.57
45.7,4.68213,1,800,True,150.0,31.07,0.57
45.7,4.78213,1,800,True,150.0,31.07,0.57
45.7,4.88213,1,800,True,150.0,31.07,0.57
45.7,4.98213,1,800,True,150.0,31.07,0.57
45.7,5.08213,1,800,True,150.0,31.07,0.57
45.7,5.18213,1,800,True,150.0,31.07,0.57
45.7,5.28213,1,800,True,150.0,31.07,0.57
45.7,5.38213,1,800,True,150.0,31.07,0.57
45.7,5.48213,1,800,True,150.0,31.07,0.57
45.7,5.58213,1,800,True,150.0,31.07,0.57
45.7,5.68213,1,800,True,150.0,31.07,0.57
45.7,5.78213,1,800,True,150.0,31.07,0.57
45.7,5.88213,1,800,True,150.0,31.07,0.57
45.7,5.98213,1,800,True,150.0,31.07,0.57
45.7,6.08213,1,800,True,150.0,31.07,0.57
45.7,6.18213,1,800,True,150.0,31.07,0.57
45.7,6.28213,1,800,True,150.0,31.07,0.57
45.7,6.38213,1,800,True,150.0,31.07,0.57
45.7,6.48213,1,800,True,150.0,31.07,0.57
45.7,6.58213,1,800,True,150.0,31.07,0.57
45.7,6.68213,1,800,True,150.0,31.07,0.57
45.7,6.78213,1,800,True,150.0,31.07,0.57
45.8,-1.11787,0,800,True,150.0,31.07,0.57
45.8,-1.01787,0,800,True,150.0,31.07,0.57
45.8,-0.91787,0,800,True,150.0,31.07,0.57
45.8,-0.81787,0,800,True,150.0,31.07,0.57
45.8,-0.71787,0,800,True,150.0,31.07,0.57
45.8,-0.61787,0,800,True,150.0,31.07,0.57
45.8,-0.51787,0,800,True,150.0,31.07,0.57
45.8,-0.41787,0,800,True,150.0,31.07,0.57
45.8,-0.31787,0,800,True,150.0,31.07,0.57
45.8,-0.21787,0,800,True,150.0,31.07,0.57
45.8,-0.11787,0,800,True,150.0,31.07,0.57
45.8,-0.01787,0,800,True,150.0,31.07,0.57
45.8,0.08213,0,800,True,150.0,31.07,0.57
45.8,0.18213,0,800,True,150.0,31.07,0.57
45.8,0.28213,0,800,True,150.0,31.07,0.57
45.8,0.38213,0,800,True,150.0,31.07,0.57
45.8,0.48213,0,800,True,150.0,31.07,0.57
45.8,0.58213,0,800,True,150.0,31.07,0.57
45.8,0.68213,0,800,True,150.0,31.07,0.57
45.8,0.78213,0,800,True,150.0,31.07,0.57
45.8,0.88213,0,800,True,150.0,31.07,0.57
45.8,0.98213,0,800,True,150.0,31.07,0.57
45.8,1.08213,0,800,True,150.0,31.07,0.57
45.8,1.18213,0,800,True,150.0,31.07,0.57
45.8,1.28213,0,800,True,150.0,31.07,0.57
45.8,1.38213,0,800,True,150.0,31.07,0.57
45.8,1.48213,0,800,True,150.0,31.07,0.57
45.8,1.58213,0,800,True,150.0,31.07,0.57
45.8,1.68213,0,800,True,150.0,31.07,0.57
45.8,1.78213,0,800,True,150.0,31.07,0.57
45.8,1.88213,0,800,True,150.0,31.07,0.57
45.8,1.98213,0,800,True,150.0,31.07,0.57
45.8,2.08213,0,800,True,150.0,31.07,0.57
45.8,2.18213,0,800,True,150.0,31.07,0.57
45.8,2.28213,0,800,True,150.0,31.07,0.57
45.8,2.38213,0,800,True,150.0,31.07,0.57
45.8,2.48213,0,800,True,150.0,31.07,0.57
45.8,2.58213,0,800,True,150.0,31.07,0.57
45.8,2.68213,0,800,True,150.0,31.07,0.57
45.8,2.78213,0,800,True,150.0,31.07,0.57
45.8,2.88213,0,800,True,150.0,31.07,0.57
45.8,2.98213,0,800,True,150.0,31.07,0.57
45.8,3.08213,0,800,True,150.0,31.07,0.57
45.8,3.18213,0,800,True,150.0,31.07,0.57
45.8,3.28213,0,800,True,150.0,31.07,0.57
45.8,3.38213,0,800,True,150.0,31.07,0.57
45.8,3.48213,0,800,True,150.0,31.07,0.57
45.8,3.58213,0,800,True,150.0,31.07,0.57
45.8,3.68213,0,800,True,150.0,31.07,0.57
45.8,3.78213,0,800,True,150.0,31.07,0.57
45.8,3.88213,0,800,True,150.0,31.07,0.57
45.8,3.98213,0,800,True,150.0,31.07,0.57
45.8,4.08213,0,800,True,150.0,31.07,0.57
45.8,4.18213,0,800,True,150.0,31.07,0.57
45.8,4.28213,0,800,True,150.0,31.07,0.57
45.8,4.38213,0,800,True,150.0,31.07,0.57
45.8,4.48213,0,800,True,150.0,31.07,0.57
45.8,4.58213,0,800,True,150.0,31.07,0.57
45.8,4.68213,0,800,True,150.0,31.07,0.57
45.8,4.78213,1,800,True,150.0,31.07,0.57
45.8,4.88213,1,800,True,150.0,31.07,0.57
45.8,4.98213,1,800,True,150.0,31.07,0.57
45.8,5.08213,1,800,True,150.0,31.07,0.57
45.8,5.18213,1,800,True,150.0,31.07,0.57
45.8,5.28213,1,800,True,150.0,31.07,0.57
45.8,5.38213,1,800,True,150.0,31.07,0.57
45.8,5.48213,1,800,True,150.0,31.07,0.57
45.8,5.58213,1,800,True,150.0,31.07,0.57
45.8,5.68213,1,800,True,150.0,31.07,0.57
45.8,5.78213,1,800,True,150.0,31.07,0.57
45.8,5.88213,1,800,True,150.0,31.07,0.57
45.8,5.98213,1,800,True,150.0,31.07,0.57
45.8,6.08213,1,800,True,150.0,31.07,0.57
45.8,6.18213,1,800,True,150.0,31.07,0.57
45.8,6.28213,1,800,True,150.0,31.07,0.57
45.8,6.38213,1,800,True,150.0,31.07,0.57
45.8,6.48213,1,800,True,150.0,31.07,0.57
45.8,6.58213,1,800,True,150.0,31.07,0.57
45.8,6.68213,1,800,True,150.0,31.07,0.57
45.8,6.78213,1,800,True,150.0,31.07,0.57
45.9,-1.21787,0,800,True,150.0,31.07,0.57
45.9,-1.01787,0,800,True,150.0,31.07,0.57
45.9,-0.91787,0,800,True,150.0,31.07,0.57
45.9,-0.81787,0,800,True,150.0,31.07,0.57
45.9,-0.71787,0,800,True,150.0,31.07,0.57
45.9,-0.61787,0,800,True,150.0,31.07,0.57
45.9,-0.51787,0,800,True,150.0,31.07,0.57
45.9,-0.41787,0,800,True,150.0,31.07,0.57
45.9,-0.31787,0,800,True,150.0,31.07,0.57
45.9,-0.21787,0,800,True,150.0,31.07,0.57
45.9,-0.11787,0,800,True,150.0,31.07,0.57
45.9,-0.01787,0,800,True,150.0,31.07,0.57
45.9,0.08213,0,800,True,150.0,31.07,0.57
45.9,0.18213,0,800,True,150.0,31.07,0.57
45.9,0.28213,0,800,True,150.0,31.07,0.57
45.9,0.38213,0,800,True,150.0,31.07,0.57
45.9,0.48213,0,800,True,150.0,31.07,0.57
45.9,0.58213,0,800,True,150.0,31.07,0.57
45.9,0.68213,0,800,True,150.0,31.07,0.57
45.9,0.78213,0,800,True,150.0,31.07,0.57
45.9,0.88213,0,800,True,150.0,31.07,0.57
45.9,0.98213,0,800,True,150.0,31.07,0.57
45.9,1.08213,0,800,True,150.0,31.07,0.57
45.9,1.18213,0,800,True,150.0,31.07,0.57
45.9,1.28213,0,800,True,150.0,31.07,0.57
45.9,1.38213,0,800,True,150.0,31.07,0.57
45.9,1.48213,0,800,True,150.0,31.07,0.57
45.9,1.58213,0,800,True,150.0,31.07,0.57
45.9,1.68213,0,800,True,150.0,31.07,0.57
45.9,1.78213,0,800,True,150.0,31.07,0.57
45.9,1.88213,0,800,True,150.0,31.07,0.57
45.9,1.98213,0,800,True,150.0,31.07,0.57
45.9,2.08213,0,800,True,150.0,31.07,0.57
45.9,2.18213,0,800,True,150.0,31.07,0.57
45.9,2.28213,0,800,True,150.0,31.07,0.57
45.9,2.38213,0,800,True,150.0,31.07,0.57
45.9,2.48213,0,800,True,150.0,31.07,0.57
45.9,2.58213,0,800,True,150.0,31.07,0.57
45.9,2.68213,0,800,True,150.0,31.07,0.57
45.9,2.78213,0,800,True,150.0,31.07,0.57
45.9,2.88213,0,800,True,150.0,31.07,0.57
45.9,2.98213,0,800,True,150.0,31.07,0.57
45.9,3.08213,0,800,True,150.0,31.07,0.57
45.9,3.18213,0,800,True,150.0,31.07,0.57
45.9,3.28213,0,800,True,150.0,31.07,0.57
45.9,3.38213,0,800,True,150.0,31.07,0.57
45.9,3.48213,0,800,True,150.0,31.07,0.57
45.9,3.58213,0,800,True,150.0,31.07,0.57
45.9,3.68213,0,800,True,150.0,31.07,0.57
45.9,3.78213,0,800,True,150.0,31.07,0.57
45.9,3.88213,0,800,True,150.0,31.07,0.57
45.9,3.98213,0,800,True,150.0,31.07,0.57
45.9,4.08213,0,800,True,150.0,31.07,0.57
45.9,4.18213,0,800,True,150.0,31.07,0.57
45.9,4.28213,0,800,True,150.0,31.07,0.57
45.9,4.38213,0,800,True,150.0,31.07,0.57
45.9,4.48213,0,800,True,150.0,31.07,0.57
45.9,4.58213,0,800,True,150.0,31.07,0.57
45.9,4.68213,0,800,True,150.0,31.07,0.57
45.9,4.78213,1,800,True,150.0,31.07,0.57
45.9,4.88213,1,800,True,150.0,31.07,0.57
45.9,4.98213,1,800,True,150.0,31.07,0.57
45.9,5.08213,1,800,True,150.0,31.07,0.57
45.9,5.18213,1,800,True,150.0,31.07,0.57
45.9,5.28213,1,800,True,150.0,31.07,0.57
45.9,5.38213,1,800,True,150.0,31.07,0.57
45.9,5.48213,1,800,True,150.0,31.07,0.57
45.9,5.58213,1,800,True,150.0,31.07,0.57
45.9,5.68213,1,800,True,150.0,31.07,0.57
45.9,5.78213,1,800,True,150.0,31.07,0.57
45.9,5.88213,1,800,True,150.0,31.07,0.57
45.9,5.98213,1,800,True,150.0,31.07,0.57
45.9,6.08213,1,800,True,150.0,31.07,0.57
45.9,6.18213,1,800,True,150.0,31.07,0.57
45.9,6.28213,1,800,True,150.0,31.07,0.57
45.9,6.38213,1,800,True,150.0,31.07,0.57
45.9,6.48213,1,800,True,150.0,31.07,0.57
45.9,6.58213,1,800,True,150.0,31.07,0.57
45.9,6.68213,1,800,True,150.0,31.07,0.57
45.9,6.78213,1,800,True,150.0,31.07,0.57
45.9,6.88213,1,800,True,150.0,31.07,0.57
45.9,6.98213,1,800,True,150.0,31.07,0.57
46.0,-1.11787,0,800,True,150.0,31.07,0.57
46.0,-1.01787,0,800,True,150.0,31.07,0.57
46.0,-0.91787,0,800,True,150.0,31.07,0.57
46.0,-0.81787,0,800,True,150.0,31.07,0.57
46.0,-0.71787,0,800,True,150.0,31.07,0.57
46.0,-0.61787,0,800,True,150.0,31.07,0.57
46.0,-0.51787,0,800,True,150.0,31.07,0.57
46.0,-0.41787,0,800,True,150.0,31.07,0.57
46.0,-0.31787,0,800,True,150.0,31.07,0.57
46.0,-0.21787,0,800,True,150.0,31.07,0.57
46.0,-0.11787,0,800,True,150.0,31.07,0.57
46.0,-0.01787,0,800,True,150.0,31.07,0.57
46.0,0.08213,0,800,True,150.0,31.07,0.57
46.0,0.18213,0,800,True,150.0,31.07,0.57
46.0,0.28213,0,800,True,150.0,31.07,0.57
46.0,0.38213,0,800,True,150.0,31.07,0.57
46.0,0.48213,0,800,True,150.0,31.07,0.57
46.0,0.58213,0,800,True,150.0,31.07,0.57
46.0,0.68213,0,800,True,150.0,31.07,0.57
46.0,0.78213,0,800,True,150.0,31.07,0.57
46.0,0.88213,0,800,True,150.0,31.07,0.57
46.0,0.98213,0,800,True,150.0,31.07,0.57
46.0,1.08213,0,800,True,150.0,31.07,0.57
46.0,1.18213,0,800,True,150.0,31.07,0.57
46.0,1.28213,0,800,True,150.0,31.07,0.57
46.0,1.38213,0,800,True,150.0,31.07,0.57
46.0,1.48213,0,800,True,150.0,31.07,0.57
46.0,1.58213,0,800,True,150.0,31.07,0.57
46.0,1.68213,0,800,True,150.0,31.07,0.57
46.0,1.78213,0,800,True,150.0,31.07,0.57
46.0,1.88213,0,800,True,150.0,31.07,0.57
46.0,1.98213,0,800,True,150.0,31.07,0.57
46.0,2.08213,0,800,True,150.0,31.07,0.57
46.0,2.18213,0,800,True,150.0,31.07,0.57
46.0,2.28213,0,800,True,150.0,31.07,0.57
46.0,2.38213,0,800,True,150.0,31.07,0.57
46.0,2.48213,0,800,True,150.0,31.07,0.57
46.0,2.58213,0,800,True,150.0,31.07,0.57
46.0,2.68213,0,800,True,150.0,31.07,0.57
46.0,2.78213,0,800,True,150.0,31.07,0.57
46.0,2.88213,0,800,True,150.0,31.07,0.57
46.0,2.98213,0,800,True,150.0,31.07,0.57
46.0,3.08213,0,800,True,150.0,31.07,0.57
46.0,3.18213,0,800,True,150.0,31.07,0.57
46.0,3.28213,0,800,True,150.0,31.07,0.57
46.0,3.38213,0,800,True,150.0,31.07,0.57
46.0,3.48213,0,800,True,150.0,31.07,0.57
46.0,3.58213,0,800,True,150.0,31.07,0.57
46.0,3.68213,0,800,True,150.0,31.07,0.57
46.0,3.78213,0,800,True,150.0,31.07,0.57
46.0,3.88213,0,800,True,150.0,31.07,0.57
46.0,3.98213,0,800,True,150.0,31.07,0.57
46.0,4.08213,0,800,True,150.0,31.07,0.57
46.0,4.18213,0,800,True,150.0,31.07,0.57
46.0,4.28213,0,800,True,150.0,31.07,0.57
46.0,4.38213,0,800,True,150.0,31.07,0.57
46.0,4.48213,0,800,True,150.0,31.07,0.57
46.0,4.58213,0,800,True,150.0,31.07,0.57
46.0,4.68213,0,800,True,150.0,31.07,0.57
46.0,4.78213,0,800,True,150.0,31.07,0.57
46.0,4.88213,1,800,True,150.0,31.07,0.57
46.0,4.98213,1,800,True,150.0,31.07,0.57
46.0,5.08213,1,800,True,150.0,31.07,0.57
46.0,5.18213,1,800,True,150.0,31.07,0.57
46.0,5.28213,1,800,True,150.0,31.07,0.57
46.0,5.38213,1,800,True,150.0,31.07,0.57
46.0,5.48213,1,800,True,150.0,31.07,0.57
46.0,5.58213,1,800,True,150.0,31.07,0.57
46.0,5.68213,1,800,True,150.0,31.07,0.57
46.0,5.78213,1,800,True,150.0,31.07,0.57
46.0,5.88213,1,800,True,150.0,31.07,0.57
46.0,5.98213,1,800,True,150.0,31.07,0.57
46.0,6.08213,1,800,True,150.0,31.07,0.57
46.0,6.18213,1,800,True,150.0,31.07,0.57
46.0,6.28213,1,800,True,150.0,31.07,0.57
46.0,6.38213,1,800,True,150.0,31.07,0.57
46.0,6.48213,1,800,True,150.0,31.07,0.57
46.0,6.58213,1,800,True,150.0,31.07,0.57
46.0,6.68213,1,800,True,150.0,31.07,0.57
46.0,6.78213,1,800,True,150.0,31.07,0.57
46.0,6.88213,1,800,True,150.0,31.07,0.57
46.0,6.98213,1,800,True,150.0,31.07,0.57
46.1,-1.11787,0,800,True,150.0,31.07,0.57
46.1,-1.01787,0,800,True,150.0,31.07,0.57
46.1,-0.91787,0,800,True,150.0,31.07,0.57
46.1,-0.81787,0,800,True,150.0,31.07,0.57
46.1,-0.71787,0,800,True,150.0,31.07,0.57
46.1,-0.61787,0,800,True,150.0,31.07,0.57
46.1,-0.51787,0,800,True,150.0,31.07,0.57
46.1,-0.41787,0,800,True,150.0,31.07,0.57
46.1,-0.31787,0,800,True,150.0,31.07,0.57
46.1,-0.21787,0,800,True,150.0,31.07,0.57
46.1,-0.11787,0,800,True,150.0,31.07,0.57
46.1,-0.01787,0,800,True,150.0,31.07,0.57
46.1,0.08213,0,800,True,150.0,31.07,0.57
46.1,0.18213,0,800,True,150.0,31.07,0.57
46.1,0.28213,0,800,True,150.0,31.07,0.57
46.1,0.38213,0,800,True,150.0,31.07,0.57
46.1,0.48213,0,800,True,150.0,31.07,0.57
46.1,0.58213,0,800,True,150.0,31.07,0.57
46.1,0.68213,0,800,True,150.0,31.07,0.57
46.1,0.78213,0,800,True,150.0,31.07,0.57
46.1,0.88213,0,800,True,150.0,31.07,0.57
46.1,0.98213,0,800,True,150.0,31.07,0.57
46.1,1.08213,0,800,True,150.0,31.07,0.57
46.1,1.18213,0,800,True,150.0,31.07,0.57
46.1,1.28213,0,800,True,150.0,31.07,0.57
46.1,1.38213,0,800,True,150.0,31.07,0.57
46.1,1.48213,0,800,True,150.0,31.07,0.57
46.1,1.58213,0,800,True,150.0,31.07,0.57
46.1,1.68213,0,800,True,150.0,31.07,0.57
46.1,1.78213,0,800,True,150.0,31.07,0.57
46.1,1.88213,0,800,True,150.0,31.07,0.57
46.1,1.98213,0,800,True,150.0,31.07,0.57
46.1,2.08213,0,800,True,150.0,31.07,0.57
46.1,2.18213,0,800,True,150.0,31.07,0.57
46.1,2.28213,0,800,True,150.0,31.07,0.57
46.1,2.38213,0,800,True,150.0,31.07,0.57
46.1,2.48213,0,800,True,150.0,31.07,0.57
46.1,2.58213,0,800,True,150.0,31.07,0.57
46.1,2.68213,0,800,True,150.0,31.07,0.57
46.1,2.78213,0,800,True,150.0,31.07,0.57
46.1,2.88213,0,800,True,150.0,31.07,0.57
46.1,2.98213,0,800,True,150.0,31.07,0.57
46.1,3.08213,0,800,True,150.0,31.07,0.57
46.1,3.18213,0,800,True,150.0,31.07,0.57
46.1,3.28213,0,800,True,150.0,31.07,0.57
46.1,3.38213,0,800,True,150.0,31.07,0.57
46.1,3.48213,0,800,True,150.0,31.07,0.57
46.1,3.58213,0,800,True,150.0,31.07,0.57
46.1,3.68213,0,800,True,150.0,31.07,0.57
46.1,3.78213,0,800,True,150.0,31.07,0.57
46.1,3.88213,0,800,True,150.0,31.07,0.57
46.1,3.98213,0,800,True,150.0,31.07,0.57
46.1,4.08213,0,800,True,150.0,31.07,0.57
46.1,4.18213,0,800,True,150.0,31.07,0.57
46.1,4.28213,0,800,True,150.0,31.07,0.57
46.1,4.38213,0,800,True,150.0,31.07,0.57
46.1,4.48213,0,800,True,150.0,31.07,0.57
46.1,4.58213,0,800,True,150.0,31.07,0.57
46.1,4.68213,0,800,True,150.0,31.07,0.57
46.1,4.78213,0,800,True,150.0,31.07,0.57
46.1,4.88213,1,800,True,150.0,31.07,0.57
46.1,4.98213,1,800,True,150.0,31.07,0.57
46.1,5.08213,1,800,True,150.0,31.07,0.57
46.1,5.18213,1,800,True,150.0,31.07,0.57
46.1,5.28213,1,800,True,150.0,31.07,0.57
46.1,5.38213,1,800,True,150.0,31.07,0.57
46.1,5.48213,1,800,True,150.0,31.07,0.57
46.1,5.58213,1,800,True,150.0,31.07,0.57
46.1,5.68213,1,800,True,150.0,31.07,0.57
46.1,5.78213,1,800,True,150.0,31.07,0.57
46.1,5.88213,1,800,True,150.0,31.07,0.57
46.1,5.98213,1,800,True,150.0,31.07,0.57
46.1,6.08213,1,800,True,150.0,31.07,0.57
46.1,6.18213,1,800,True,150.0,31.07,0.57
46.1,6.28213,1,800,True,150.0,31.07,0.57
46.1,6.38213,1,800,True,150.0,31.07,0.57
46.1,6.48213,1,800,True,150.0,31.07,0.57
46.1,6.58213,1,800,True,150.0,31.07,0.57
46.1,6.68213,1,800,True,150.0,31.07,0.57
46.1,6.78213,1,800,True,150.0,31.07,0.57
46.1,6.88213,1,800,True,150.0,31.07,0.57
46.2,-1.41787,0,800,True,150.0,31.07,0.57
46.2,-1.11787,0,800,True,150.0,31.07,0.57
46.2,-1.01787,0,800,True,150.0,31.07,0.57
46.2,-0.91787,0,800,True,150.0,31.07,0.57
46.2,-0.81787,0,800,True,150.0,31.07,0.57
46.2,-0.71787,0,800,True,150.0,31.07,0.57
46.2,-0.61787,0,800,True,150.0,31.07,0.57
46.2,-0.51787,0,800,True,150.0,31.07,0.57
46.2,-0.41787,0,800,True,150.0,31.07,0.57
46.2,-0.31787,0,800,True,150.0,31.07,0.57
46.2,-0.21787,0,800,True,150.0,31.07,0.57
46.2,-0.11787,0,800,True,150.0,31.07,0.57
46.2,-0.01787,0,800,True,150.0,31.07,0.57
46.2,0.08213,0,800,True,150.0,31.07,0.57
46.2,0.18213,0,800,True,150.0,31.07,0.57
46.2,0.28213,0,800,True,150.0,31.07,0.57
46.2,0.38213,0,800,True,150.0,31.07,0.57
46.2,0.48213,0,800,True,150.0,31.07,0.57
46.2,0.58213,0,800,True,150.0,31.07,0.57
46.2,0.68213,0,800,True,150.0,31.07,0.57
46.2,0.78213,0,800,True,150.0,31.07,0.57
46.2,0.88213,0,800,True,150.0,31.07,0.57
46.2,0.98213,0,800,True,150.0,31.07,0.57
46.2,1.08213,0,800,True,150.0,31.07,0.57
46.2,1.18213,0,800,True,150.0,31.07,0.57
46.2,1.28213,0,800,True,150.0,31.07,0.57
46.2,1.38213,0,800,True,150.0,31.07,0.57
46.2,1.48213,0,800,True,150.0,31.07,0.57
46.2,1.58213,0,800,True,150.0,31.07,0.57
46.2,1.68213,0,800,True,150.0,31.07,0.57
46.2,1.78213,0,800,True,150.0,31.07,0.57
46.2,1.88213,0,800,True,150.0,31.07,0.57
46.2,1.98213,0,800,True,150.0,31.07,0.57
46.2,2.08213,0,800,True,150.0,31.07,0.57
46.2,2.18213,0,800,True,150.0,31.07,0.57
46.2,2.28213,0,800,True,150.0,31.07,0.57
46.2,2.38213,0,800,True,150.0,31.07,0.57
46.2,2.48213,0,800,True,150.0,31.07,0.57
46.2,2.58213,0,800,True,150.0,31.07,0.57
46.2,2.68213,0,800,True,150.0,31.07,0.57
46.2,2.78213,0,800,True,150.0,31.07,0.57
46.2,2.88213,0,800,True,150.0,31.07,0.57
46.2,2.98213,0,800,True,150.0,31.07,0.57
46.2,3.08213,0,800,True,150.0,31.07,0.57
46.2,3.18213,0,800,True,150.0,31.07,0.57
46.2,3.28213,0,800,True,150.0,31.07,0.57
46.2,3.38213,0,800,True,150.0,31.07,0.57
46.2,3.48213,0,800,True,150.0,31.07,0.57
46.2,3.58213,0,800,True,150.0,31.07,0.57
46.2,3.68213,0,800,True,150.0,31.07,0.57
46.2,3.78213,0,800,True,150.0,31.07,0.57
46.2,3.88213,0,800,True,150.0,31.07,0.57
46.2,3.98213,0,800,True,150.0,31.07,0.57
46.2,4.08213,0,800,True,150.0,31.07,0.57
46.2,4.18213,0,800,True,150.0,31.07,0.57
46.2,4.28213,0,800,True,150.0,31.07,0.57
46.2,4.38213,0,800,True,150.0,31.07,0.57
46.2,4.48213,0,800,True,150.0,31.07,0.57
46.2,4.58213,0,800,True,150.0,31.07,0.57
46.2,4.68213,0,800,True,150.0,31.07,0.57
46.2,4.78213,0,800,True,150.0,31.07,0.57
46.2,4.88213,0,800,True,150.0,31.07,0.57
46.2,4.98213,1,800,True,150.0,31.07,0.57
46.2,5.08213,1,800,True,150.0,31.07,0.57
46.2,5.18213,1,800,True,150.0,31.07,0.57
46.2,5.28213,1,800,True,150.0,31.07,0.57
46.2,5.38213,1,800,True,150.0,31.07,0.57
46.2,5.48213,1,800,True,150.0,31.07,0.57
46.2,5.58213,1,800,True,150.0,31.07,0.57
46.2,5.68213,1,800,True,150.0,31.07,0.57
46.2,5.78213,1,800,True,150.0,31.07,0.57
46.2,5.88213,1,800,True,150.0,31.07,0.57
46.2,6.28213,1,800,True,150.0,31.07,0.57
46.2,6.38213,1,800,True,150.0,31.07,0.57
46.2,6.48213,1,800,True,150.0,31.07,0.57
46.2,6.58213,1,800,True,150.0,31.07,0.57
46.2,6.68213,1,800,True,150.0,31.07,0.57
46.2,6.78213,1,800,True,150.0,31.07,0.57
46.3,-1.21787,0,800,True,150.0,31.07,0.57
46.3,-1.11787,0,800,True,150.0,31.07,0.57
46.3,-1.01787,0,800,True,150.0,31.07,0.57
46.3,-0.91787,0,800,True,150.0,31.07,0.57
46.3,-0.81787,0,800,True,150.0,31.07,0.57
46.3,-0.71787,0,800,True,150.0,31.07,0.57
46.3,-0.61787,0,800,True,150.0,31.07,0.57
46.3,-0.51787,0,800,True,150.0,31.07,0.57
46.3,-0.41787,0,800,True,150.0,31.07,0.57
46.3,-0.31787,0,800,True,150.0,31.07,0.57
46.3,-0.21787,0,800,True,150.0,31.07,0.57
46.3,-0.11787,0,800,True,150.0,31.07,0.57
46.3,-0.01787,0,800,True,150.0,31.07,0.57
46.3,0.08213,0,800,True,150.0,31.07,0.57
46.3,0.18213,0,800,True,150.0,31.07,0.57
46.3,0.28213,0,800,True,150.0,31.07,0.57
46.3,0.38213,0,800,True,150.0,31.07,0.57
46.3,0.48213,0,800,True,150.0,31.07,0.57
46.3,0.58213,0,800,True,150.0,31.07,0.57
46.3,0.68213,0,800,True,150.0,31.07,0.57
46.3,0.78213,0,800,True,150.0,31.07,0.57
46.3,0.88213,0,800,True,150.0,31.07,0.57
46.3,0.98213,0,800,True,150.0,31.07,0.57
46.3,1.08213,0,800,True,150.0,31.07,0.57
46.3,1.18213,0,800,True,150.0,31.07,0.57
46.3,1.28213,0,800,True,150.0,31.07,0.57
46.3,1.38213,0,800,True,150.0,31.07,0.57
46.3,1.48213,0,800,True,150.0,31.07,0.57
46.3,1.58213,0,800,True,150.0,31.07,0.57
46.3,1.68213,0,800,True,150.0,31.07,0.57
46.3,1.78213,0,800,True,150.0,31.07,0.57
46.3,1.88213,0,800,True,150.0,31.07,0.57
46.3,1.98213,0,800,True,150.0,31.07,0.57
46.3,2.08213,0,800,True,150.0,31.07,0.57
46.3,2.18213,0,800,True,150.0,31.07,0.57
46.3,2.28213,0,800,True,150.0,31.07,0.57
46.3,2.38213,0,800,True,150.0,31.07,0.57
46.3,2.48213,0,800,True,150.0,31.07,0.57
46.3,2.58213,0,800,True,150.0,31.07,0.57
46.3,2.68213,0,800,True,150.0,31.07,0.57
46.3,2.78213,0,800,True,150.0,31.07,0.57
46.3,2.88213,0,800,True,150.0,31.07,0.57
46.3,2.98213,0,800,True,150.0,31.07,0.57
46.3,3.08213,0,800,True,150.0,31.07,0.57
46.3,3.18213,0,800,True,150.0,31.07,0.57
46.3,3.28213,0,800,True,150.0,31.07,0.57
46.3,3.38213,0,800,True,150.0,31.07,0.57
46.3,3.48213,0,800,True,150.0,31.07,0.57
46.3,3.58213,0,800,True,150.0,31.07,0.57
46.3,3.68213,0,800,True,150.0,31.07,0.57
46.3,3.78213,0,800,True,150.0,31.07,0.57
46.3,3.88213,0,800,True,150.0,31.07,0.57
46.3,3.98213,0,800,True,150.0,31.07,0.57
46.3,4.08213,0,800,True,150.0,31.07,0.57
46.3,4.18213,0,800,True,150.0,31.07,0.57
46.3,4.28213,0,800,True,150.0,31.07,0.57
46.3,4.38213,0,800,True,150.0,31.07,0.57
46.3,4.48213,0,800,True,150.0,31.07,0.57
46.3,4.58213,0,800,True,150.0,31.07,0.57
46.3,4.68213,0,800,True,150.0,31.07,0.57
46.3,4.78213,0,800,True,150.0,31.07,0.57
46.3,4.88213,0,800,True,150.0,31.07,0.57
46.3,4.98213,1,800,True,150.0,31.07,0.57
46.3,5.08213,1,800,True,150.0,31.07,0.57
46.3,5.18213,1,800,True,150.0,31.07,0.57
46.3,5.28213,1,800,True,150.0,31.07,0.57
46.3,5.38213,1,800,True,150.0,31.07,0.57
46.3,5.48213,1,800,True,150.0,31.07,0.57
46.3,5.58213,1,800,True,150.0,31.07,0.57
46.3,5.68213,1,800,True,150.0,31.07,0.57
46.3,5.78213,1,800,True,150.0,31.07,0.57
46.3,5.88213,1,800,True,150.0,31.07,0.57
46.3,5.98213,1,800,True,150.0,31.07,0.57
46.3,6.08213,1,800,True,150.0,31.07,0.57
46.3,6.28213,1,800,True,150.0,31.07,0.57
46.3,6.38213,1,800,True,150.0,31.07,0.57
46.3,6.48213,1,800,True,150.0,31.07,0.57
46.3,6.58213,1,800,True,150.0,31.07,0.57
46.3,6.68213,1,800,True,150.0,31.07,0.57
46.3,6.78213,1,800,True,150.0,31.07,0.57
46.4,-1.41787,0,800,True,150.0,31.07,0.57
46.4,-1.31787,0,800,True,150.0,31.07,0.57
46.4,-1.21787,0,800,True,150.0,31.07,0.57
46.4,-1.11787,0,800,True,150.0,31.07,0.57
46.4,-1.01787,0,800,True,150.0,31.07,0.57
46.4,-0.91787,0,800,True,150.0,31.07,0.57
46.4,-0.81787,0,800,True,150.0,31.07,0.57
46.4,-0.71787,0,800,True,150.0,31.07,0.57
46.4,-0.61787,0,800,True,150.0,31.07,0.57
46.4,-0.51787,0,800,True,150.0,31.07,0.57
46.4,-0.41787,0,800,True,150.0,31.07,0.57
46.4,-0.31787,0,800,True,150.0,31.07,0.57
46.4,-0.21787,0,800,True,150.0,31.07,0.57
46.4,-0.11787,0,800,True,150.0,31.07,0.57
46.4,-0.01787,0,800,True,150.0,31.07,0.57
46.4,0.08213,0,800,True,150.0,31.07,0.57
46.4,0.18213,0,800,True,150.0,31.07,0.57
46.4,0.28213,0,800,True,150.0,31.07,0.57
46.4,0.38213,0,800,True,150.0,31.07,0.57
46.4,0.48213,0,800,True,150.0,31.07,0.57
46.4,0.58213,0,800,True,150.0,31.07,0.57
46.4,0.68213,0,800,True,150.0,31.07,0.57
46.4,0.78213,0,800,True,150.0,31.07,0.57
46.4,0.88213,0,800,True,150.0,31.07,0.57
46.4,0.98213,0,800,True,150.0,31.07,0.57
46.4,1.08213,0,800,True,150.0,31.07,0.57
46.4,1.18213,0,800,True,150.0,31.07,0.57
46.4,1.28213,0,800,True,150.0,31.07,0.57
46.4,1.38213,0,800,True,150.0,31.07,0.57
46.4,1.48213,0,800,True,150.0,31.07,0.57
46.4,1.58213,0,800,True,150.0,31.07,0.57
46.4,1.68213,0,800,True,150.0,31.07,0.57
46.4,1.78213,0,800,True,150.0,31.07,0.57
46.4,1.88213,0,800,True,150.0,31.07,0.57
46.4,1.98213,0,800,True,150.0,31.07,0.57
46.4,2.08213,0,800,True,150.0,31.07,0.57
46.4,2.18213,0,800,True,150.0,31.07,0.57
46.4,2.28213,0,800,True,150.0,31.07,0.57
46.4,2.38213,0,800,True,150.0,31.07,0.57
46.4,2.48213,0,800,True,150.0,31.07,0.57
46.4,2.58213,0,800,True,150.0,31.07,0.57
46.4,2.68213,0,800,True,150.0,31.07,0.57
46.4,2.78213,0,800,True,150.0,31.07,0.57
46.4,2.88213,0,800,True,150.0,31.07,0.57
46.4,2.98213,0,800,True,150.0,31.07,0.57
46.4,3.08213,0,800,True,150.0,31.07,0.57
46.4,3.18213,0,800,True,150.0,31.07,0.57
46.4,3.28213,0,800,True,150.0,31.07,0.57
46.4,3.38213,0,800,True,150.0,31.07,0.57
46.4,3.48213,0,800,True,150.0,31.07,0.57
46.4,3.58213,0,800,True,150.0,31.07,0.57
46.4,3.68213,0,800,True,150.0,31.07,0.57
46.4,3.78213,0,800,True,150.0,31.07,0.57
46.4,3.88213,0,800,True,150.0,31.07,0.57
46.4,3.98213,0,800,True,150.0,31.07,0.57
46.4,4.08213,0,800,True,150.0,31.07,0.57
46.4,4.18213,0,800,True,150.0,31.07,0.57
46.4,4.28213,0,800,True,150.0,31.07,0.57
46.4,4.38213,0,800,True,150.0,31.07,0.57
46.4,4.48213,0,800,True,150.0,31.07,0.57
46.4,4.58213,0,800,True,150.0,31.07,0.57
46.4,4.68213,0,800,True,150.0,31.07,0.57
46.4,4.78213,0,800,True,150.0,31.07,0.57
46.4,4.88213,0,800,True,150.0,31.07,0.57
46.4,4.98213,0,800,True,150.0,31.07,0.57
46.4,5.08213,1,800,True,150.0,31.07,0.57
46.4,5.18213,1,800,True,150.0,31.07,0.57
46.4,5.28213,1,800,True,150.0,31.07,0.57
46.4,5.38213,1,800,True,150.0,31.07,0.57
46.4,5.48213,1,800,True,150.0,31.07,0.57
46.4,5.58213,1,800,True,150.0,31.07,0.57
46.4,5.68213,1,800,True,150.0,31.07,0.57
46.4,5.78213,1,800,True,150.0,31.07,0.57
46.4,5.88213,1,800,True,150.0,31.07,0.57
46.4,5.98213,1,800,True,150.0,31.07,0.57
46.4,6.08213,1,800,True,150.0,31.07,0.57
46.4,6.38213,1,800,True,150.0,31.07,0.57
46.4,6.48213,1,800,True,150.0,31.07,0.57
46.4,6.58213,1,800,True,150.0,31.07,0.57
46.4,6.68213,1,800,True,150.0,31.07,0.57
46.4,6.78213,1,800,True,150.0,31.07,0.57
46.5,-1.21787,0,800,True,150.0,31.07,0.57
46.5,-1.11787,0,800,True,150.0,31.07,0.57
46.5,-1.01787,0,800,True,150.0,31.07,0.57
46.5,-0.91787,0,800,True,150.0,31.07,0.57
46.5,-0.81787,0,800,True,150.0,31.07,0.57
46.5,-0.21787,0,800,True,150.0,31.07,0.57
46.5,-0.11787,0,800,True,150.0,31.07,0.57
46.5,-0.01787,0,800,True,150.0,31.07,0.57
46.5,0.08213,0,800,True,150.0,31.07,0.57
46.5,0.18213,0,800,True,150.0,31.07,0.57
46.5,0.28213,0,800,True,150.0,31.07,0.57
46.5,0.38213,0,800,True,150.0,31.07,0.57
46.5,0.48213,0,800,True,150.0,31.07,0.57
46.5,0.58213,0,800,True,150.0,31.07,0.57
46.5,0.68213,0,800,True,150.0,31.07,0.57
46.5,0.78213,0,800,True,150.0,31.07,0.57
46.5,0.88213,0,800,True,150.0,31.07,0.57
46.5,0.98213,0,800,True,150.0,31.07,0.57
46.5,1.08213,0,800,True,150.0,31.07,0.57
46.5,1.18213,0,800,True,150.0,31.07,0.57
46.5,1.28213,0,800,True,150.0,31.07,0.57
46.5,1.38213,0,800,True,150.0,31.07,0.57
46.5,1.48213,0,800,True,150.0,31.07,0.57
46.5,1.58213,0,800,True,150.0,31.07,0.57
46.5,1.68213,0,800,True,150.0,31.07,0.57
46.5,1.78213,0,800,True,150.0,31.07,0.57
46.5,1.88213,0,800,True,150.0,31.07,0.57
46.5,1.98213,0,800,True,150.0,31.07,0.57
46.5,2.08213,0,800,True,150.0,31.07,0.57
46.5,2.18213,0,800,True,150.0,31.07,0.57
46.5,2.28213,0,800,True,150.0,31.07,0.57
46.5,2.38213,0,800,True,150.0,31.07,0.57
46.5,2.48213,0,800,True,150.0,31.07,0.57
46.5,2.58213,0,800,True,150.0,31.07,0.57
46.5,2.68213,0,800,True,150.0,31.07,0.57
46.5,2.78213,0,800,True,150.0,31.07,0.57
46.5,2.88213,0,800,True,150.0,31.07,0.57
46.5,2.98213,0,800,True,150.0,31.07,0.57
46.5,3.08213,0,800,True,150.0,31.07,0.57
46.5,3.18213,0,800,True,150.0,31.07,0.57
46.5,3.28213,0,800,True,150.0,31.07,0.57
46.5,3.38213,0,800,True,150.0,31.07,0.57
46.5,3.48213,0,800,True,150.0,31.07,0.57
46.5,3.58213,0,800,True,150.0,31.07,0.57
46.5,3.68213,0,800,True,150.0,31.07,0.57
46.5,3.78213,0,800,True,150.0,31.07,0.57
46.5,3.88213,0,800,True,150.0,31.07,0.57
46.5,3.98213,0,800,True,150.0,31.07,0.57
46.5,4.08213,0,800,True,150.0,31.07,0.57
46.5,4.18213,0,800,True,150.0,31.07,0.57
46.5,4.28213,0,800,True,150.0,31.07,0.57
46.5,4.38213,0,800,True,150.0,31.07,0.57
46.5,4.48213,0,800,True,150.0,31.07,0.57
46.5,4.58213,0,800,True,150.0,31.07,0.57
46.5,4.68213,0,800,True,150.0,31.07,0.57
46.5,4.78213,0,800,True,150.0,31.07,0.57
46.5,4.88213,0,800,True,150.0,31.07,0.57
46.5,4.98213,0,800,True,150.0,31.07,0.57
46.5,5.08213,0,800,True,150.0,31.07,0.57
46.5,5.18213,1,800,True,150.0,31.07,0.57
46.5,5.28213,1,800,True,150.0,31.07,0.57
46.5,5.38213,1,800,True,150.0,31.07,0.57
46.5,5.48213,1,800,True,150.0,31.07,0.57
46.5,5.58213,1,800,True,150.0,31.07,0.57
46.5,5.68213,1,800,True,150.0,31.07,0.57
46.5,5.78213,1,800,True,150.0,31.07,0.57
46.5,5.88213,1,800,True,150.0,31.07,0.57
46.5,5.98213,1,800,True,150.0,31.07,0.57
46.5,6.08213,1,800,True,150.0,31.07,0.57
46.5,-1.71787,5,800,True,150.0,31.07,0.57
46.5,-1.61787,5,800,True,150.0,31.07,0.57
46.5,-1.51787,5,800,True,150.0,31.07,0.57
46.5,-1.41787,5,800,True,150.0,31.07,0.57
46.5,-1.31787,5,800,True,150.0,31.07,0.57
46.5,-0.71787,5,800,True,150.0,31.07,0.57
46.5,-0.61787,5,800,True,150.0,31.07,0.57
46.5,-0.51787,5,800,True,150.0,31.07,0.57
46.5,-0.41787,5,800,True,150.0,31.07,0.57
46.5,-0.31787,5,800,True,150.0,31.07,0.57
46.6,-0.11787,0,800,True,150.0,31.07,0.57
46.6,-0.01787,0,800,True,150.0,31.07,0.57
46.6,0.08213,0,800,True,150.0,31.07,0.57
46.6,0.18213,0,800,True,150.0,31.07,0.57
46.6,0.28213,0,800,True,150.0,31.07,0.57
46.6,0.38213,0,800,True,150.0,31.07,0.57
46.6,0.48213,0,800,True,150.0,31.07,0.57
46.6,0.58213,0,800,True,150.0,31.07,0.57
46.6,0.68213,0,800,True,150.0,31.07,0.57
46.6,0.78213,0,800,True,150.0,31.07,0.57
46.6,0.88213,0,800,True,150.0,31.07,0.57
46.6,0.98213,0,800,True,150.0,31.07,0.57
46.6,1.08213,0,800,True,150.0,31.07,0.57
46.6,1.18213,0,800,True,150.0,31.07,0.57
46.6,1.28213,0,800,True,150.0,31.07,0.57
46.6,1.38213,0,800,True,150.0,31.07,0.57
46.6,1.48213,0,800,True,150.0,31.07,0.57
46.6,1.58213,0,800,True,150.0,31.07,0.57
46.6,1.68213,0,800,True,150.0,31.07,0.57
46.6,1.78213,0,800,True,150.0,31.07,0.57
46.6,1.88213,0,800,True,150.0,31.07,0.57
46.6,1.98213,0,800,True,150.0,31.07,0.57
46.6,2.08213,0,800,True,150.0,31.07,0.57
46.6,2.18213,0,800,True,150.0,31.07,0.57
46.6,2.28213,0,800,True,150.0,31.07,0.57
46.6,2.38213,0,800,True,150.0,31.07,0.57
46.6,2.48213,0,800,True,150.0,31.07,0.57
46.6,2.58213,0,800,True,150.0,31.07,0.57
46.6,2.68213,0,800,True,150.0,31.07,0.57
46.6,2.78213,0,800,True,150.0,31.07,0.57
46.6,2.88213,0,800,True,150.0,31.07,0.57
46.6,2.98213,0,800,True,150.0,31.07,0.57
46.6,3.08213,0,800,True,150.0,31.07,0.57
46.6,3.18213,0,800,True,150.0,31.07,0.57
46.6,3.28213,0,800,True,150.0,31.07,0.57
46.6,3.38213,0,800,True,150.0,31.07,0.57
46.6,3.48213,0,800,True,150.0,31.07,0.57
46.6,3.58213,0,800,True,150.0,31.07,0.57
46.6,3.68213,0,800,True,150.0,31.07,0.57
46.6,3.78213,0,800,True,150.0,31.07,0.57
46.6,3.88213,0,800,True,150.0,31.07,0.57
46.6,3.98213,0,800,True,150.0,31.07,0.57
46.6,4.08213,0,800,True,150.0,31.07,0.57
46.6,4.18213,0,800,True,150.0,31.07,0.57
46.6,4.28213,0,800,True,150.0,31.07,0.57
46.6,4.38213,0,800,True,150.0,31.07,0.57
46.6,4.48213,0,800,True,150.0,31.07,0.57
46.6,4.58213,0,800,True,150.0,31.07,0.57
46.6,4.68213,0,800,True,150.0,31.07,0.57
46.6,4.78213,0,800,True,150.0,31.07,0.57
46.6,4.88213,0,800,True,150.0,31.07,0.57
46.6,4.98213,0,800,True,150.0,31.07,0.57
46.6,5.08213,0,800,True,150.0,31.07,0.57
46.6,5.18213,0,800,True,150.0,31.07,0.57
46.6,5.28213,1,800,True,150.0,31.07,0.57
46.6,5.38213,1,800,True,150.0,31.07,0.57
46.6,5.48213,1,800,True,150.0,31.07,0.57
46.6,5.58213,1,800,True,150.0,31.07,0.57
46.6,5.68213,1,800,True,150.0,31.07,0.57
46.6,5.78213,1,800,True,150.0,31.07,0.57
46.6,5.88213,1,800,True,150.0,31.07,0.57
46.6,5.98213,1,800,True,150.0,31.07,0.57
46.6,6.08213,1,800,True,150.0,31.07,0.57
46.6,-1.81787,5,800,True,150.0,31.07,0.57
46.6,-1.71787,5,800,True,150.0,31.07,0.57
46.6,-1.61787,5,800,True,150.0,31.07,0.57
46.6,-1.51787,5,800,True,150.0,31.07,0.57
46.6,-1.41787,5,800,True,150.0,31.07,0.57
46.6,-1.31787,5,800,True,150.0,31.07,0.57
46.6,-1.21787,5,800,True,150.0,31.07,0.57
46.6,-1.11787,5,800,True,150.0,31.07,0.57
46.6,-1.01787,5,800,True,150.0,31.07,0.57
46.6,-0.91787,5,800,True,150.0,31.07,0.57
46.6,-0.81787,5,800,True,150.0,31.07,0.57
46.6,-0.71787,5,800,True,150.0,31.07,0.57
46.6,-0.61787,5,800,True,150.0,31.07,0.57
46.6,-0.51787,5,800,True,150.0,31.07,0.57
46.6,-0.41787,5,800,True,150.0,31.07,0.57
46.6,-0.31787,5,800,True,150.0,31.07,0.57
46.6,-0.21787,5,800,True,150.0,31.07,0.57
46.7,-0.11787,0,800,True,150.0,31.07,0.57
46.7,-0.01787,0,800,True,150.0,31.07,0.57
46.7,0.08213,0,800,True,150.0,31.07,0.57
46.7,0.18213,0,800,True,150.0,31.07,0.57
46.7,0.28213,0,800,True,150.0,31.07,0.57
46.7,0.38213,0,800,True,150.0,31.07,0.57
46.7,0.48213,0,800,True,150.0,31.07,0.57
46.7,0.58213,0,800,True,150.0,31.07,0.57
46.7,0.68213,0,800,True,150.0,31.07,0.57
46.7,0.78213,0,800,True,150.0,31.07,0.57
46.7,0.88213,0,800,True,150.0,31.07,0.57
46.7,0.98213,0,800,True,150.0,31.07,0.57
46.7,1.08213,0,800,True,150.0,31.07,0.57
46.7,1.18213,0,800,True,150.0,31.07,0.57
46.7,1.28213,0,800,True,150.0,31.07,0.57
46.7,1.38213,0,800,True,150.0,31.07,0.57
46.7,1.48213,0,800,True,150.0,31.07,0.57
46.7,1.58213,0,800,True,150.0,31.07,0.57
46.7,1.68213,0,800,True,150.0,31.07,0.57
46.7,1.78213,0,800,True,150.0,31.07,0.57
46.7,1.88213,0,800,True,150.0,31.07,0.57
46.7,1.98213,0,800,True,150.0,31.07,0.57
46.7,2.08213,0,800,True,150.0,31.07,0.57
46.7,2.18213,0,800,True,150.0,31.07,0.57
46.7,2.28213,0,800,True,150.0,31.07,0.57
46.7,2.38213,0,800,True,150.0,31.07,0.57
46.7,2.48213,0,800,True,150.0,31.07,0.57
46.7,2.58213,0,800,True,150.0,31.07,0.57
46.7,2.68213,0,800,True,150.0,31.07,0.57
46.7,2.78213,0,800,True,150.0,31.07,0.57
46.7,2.88213,0,800,True,150.0,31.07,0.57
46.7,2.98213,0,800,True,150.0,31.07,0.57
46.7,3.08213,0,800,True,150.0,31.07,0.57
46.7,3.18213,0,800,True,150.0,31.07,0.57
46.7,3.28213,0,800,True,150.0,31.07,0.57
46.7,3.38213,0,800,True,150.0,31.07,0.57
46.7,3.48213,0,800,True,150.0,31.07,0.57
46.7,3.58213,0,800,True,150.0,31.07,0.57
46.7,3.68213,0,800,True,150.0,31.07,0.57
46.7,3.78213,0,800,True,150.0,31.07,0.57
46.7,3.88213,0,800,True,150.0,31.07,0.57
46.7,3.98213,0,800,True,150.0,31.07,0.57
46.7,4.08213,0,800,True,150.0,31.07,0.57
46.7,4.18213,0,800,True,150.0,31.07,0.57
46.7,4.28213,0,800,True,150.0,31.07,0.57
46.7,4.38213,0,800,True,150.0,31.07,0.57
46.7,4.48213,0,800,True,150.0,31.07,0.57
46.7,4.58213,0,800,True,150.0,31.07,0.57
46.7,4.68213,0,800,True,150.0,31.07,0.57
46.7,4.78213,0,800,True,150.0,31.07,0.57
46.7,4.88213,0,800,True,150.0,31.07,0.57
46.7,4.98213,0,800,True,150.0,31.07,0.57
46.7,5.08213,0,800,True,150.0,31.07,0.57
46.7,5.18213,0,800,True,150.0,31.07,0.57
46.7,5.28213,0,800,True,150.0,31.07,0.57
46.7,5.38213,1,800,True,150.0,31.07,0.57
46.7,5.48213,1,800,True,150.0,31.07,0.57
46.7,5.58213,1,800,True,150.0,31.07,0.57
46.7,5.68213,1,800,True,150.0,31.07,0.57
46.7,5.78213,1,800,True,150.0,31.07,0.57
46.7,5.88213,1,800,True,150.0,31.07,0.57
46.7,5.98213,1,800,True,150.0,31.07,0.57
46.7,6.08213,1,800,True,150.0,31.07,0.57
46.7,6.18213,1,800,True,150.0,31.07,0.57
46.7,6.28213,1,800,True,150.0,31.07,0.57
46.7,-2.31787,5,800,True,150.0,31.07,0.57
46.7,-1.91787,5,800,True,150.0,31.07,0.57
46.7,-1.81787,5,800,True,150.0,31.07,0.57
46.7,-1.71787,5,800,True,150.0,31.07,0.57
46.7,-1.61787,5,800,True,150.0,31.07,0.57
46.7,-1.51787,5,800,True,150.0,31.07,0.57
46.7,-1.41787,5,800,True,150.0,31.07,0.57
46.7,-1.31787,5,800,True,150.0,31.07,0.57
46.7,-1.21787,5,800,True,150.0,31.07,0.57
46.7,-1.11787,5,800,True,150.0,31.07,0.57
46.7,-1.01787,5,800,True,150.0,31.07,0.57
46.7,-0.91787,5,800,True,150.0,31.07,0.57
46.7,-0.81787,5,800,True,150.0,31.07,0.57
46.7,-0.71787,5,800,True,150.0,31.07,0.57
46.7,-0.61787,5,800,True,150.0,31.07,0.57
46.7,-0.51787,5,800,True,150.0,31.07,0.57
46.7,-0.41787,5,800,True,150.0,31.07,0.57
46.7,-0.31787,5,800,True,150.0,31.07,0.57
46.7,-0.21787,5,800,True,150.0,31.07,0.57
46.8,-0.11787,0,800,True,150.0,31.07,0.57
46.8,-0.01787,0,800,True,150.0,31.07,0.57
46.8,0.08213,0,800,True,150.0,31.07,0.57
46.8,0.18213,0,800,True,150.0,31.07,0.57
46.8,0.28213,0,800,True,150.0,31.07,0.57
46.8,0.38213,0,800,True,150.0,31.07,0.57
46.8,0.48213,0,800,True,150.0,31.07,0.57
46.8,0.58213,0,800,True,150.0,31.07,0.57
46.8,0.68213,0,800,True,150.0,31.07,0.57
46.8,0.78213,0,800,True,150.0,31.07,0.57
46.8,0.88213,0,800,True,150.0,31.07,0.57
46.8,0.98213,0,800,True,150.0,31.07,0.57
46.8,1.08213,0,800,True,150.0,31.07,0.57
46.8,1.18213,0,800,True,150.0,31.07,0.57
46.8,1.28213,0,800,True,150.0,31.07,0.57
46.8,1.38213,0,800,True,150.0,31.07,0.57
46.8,1.48213,0,800,True,150.0,31.07,0.57
46.8,1.58213,0,800,True,150.0,31.07,0.57
46.8,1.68213,0,800,True,150.0,31.07,0.57
46.8,1.78213,0,800,True,150.0,31.07,0.57
46.8,1.88213,0,800,True,150.0,31.07,0.57
46.8,1.98213,0,800,True,150.0,31.07,0.57
46.8,2.08213,0,800,True,150.0,31.07,0.57
46.8,2.18213,0,800,True,150.0,31.07,0.57
46.8,2.28213,0,800,True,150.0,31.07,0.57
46.8,2.38213,0,800,True,150.0,31.07,0.57
46.8,2.48213,0,800,True,150.0,31.07,0.57
46.8,2.58213,0,800,True,150.0,31.07,0.57
46.8,2.68213,0,800,True,150.0,31.07,0.57
46.8,2.78213,0,800,True,150.0,31.07,0.57
46.8,2.88213,0,800,True,150.0,31.07,0.57
46.8,2.98213,0,800,True,150.0,31.07,0.57
46.8,3.08213,0,800,True,150.0,31.07,0.57
46.8,3.18213,0,800,True,150.0,31.07,0.57
46.8,3.28213,0,800,True,150.0,31.07,0.57
46.8,3.38213,0,800,True,150.0,31.07,0.57
46.8,3.48213,0,800,True,150.0,31.07,0.57
46.8,3.58213,0,800,True,150.0,31.07,0.57
46.8,3.68213,0,800,True,150.0,31.07,0.57
46.8,3.78213,0,800,True,150.0,31.07,0.57
46.8,3.88213,0,800,True,150.0,31.07,0.57
46.8,3.98213,0,800,True,150.0,31.07,0.57
46.8,4.08213,0,800,True,150.0,31.07,0.57
46.8,4.18213,0,800,True,150.0,31.07,0.57
46.8,4.28213,0,800,True,150.0,31.07,0.57
46.8,4.38213,0,800,True,150.0,31.07,0.57
46.8,4.48213,0,800,True,150.0,31.07,0.57
46.8,4.58213,0,800,True,150.0,31.07,0.57
46.8,4.68213,0,800,True,150.0,31.07,0.57
46.8,4.78213,0,800,True,150.0,31.07,0.57
46.8,4.88213,0,800,True,150.0,31.07,0.57
46.8,4.98213,0,800,True,150.0,31.07,0.57
46.8,5.08213,0,800,True,150.0,31.07,0.57
46.8,5.18213,0,800,True,150.0,31.07,0.57
46.8,5.28213,0,800,True,150.0,31.07,0.57
46.8,5.38213,0,800,True,150.0,31.07,0.57
46.8,5.48213,1,800,True,150.0,31.07,0.57
46.8,5.58213,1,800,True,150.0,31.07,0.57
46.8,5.68213,1,800,True,150.0,31.07,0.57
46.8,5.78213,1,800,True,150.0,31.07,0.57
46.8,5.88213,1,800,True,150.0,31.07,0.57
46.8,5.98213,1,800,True,150.0,31.07,0.57
46.8,6.08213,1,800,True,150.0,31.07,0.57
46.8,6.18213,1,800,True,150.0,31.07,0.57
46.8,6.28213,1,800,True,150.0,31.07,0.57
46.8,6.38213,1,800,True,150.0,31.07,0.57
46.8,-2.01787,5,800,True,150.0,31.07,0.57
46.8,-1.91787,5,800,True,150.0,31.07,0.57
46.8,-1.81787,5,800,True,150.0,31.07,0.57
46.8,-1.71787,5,800,True,150.0,31.07,0.57
46.8,-1.61787,5,800,True,150.0,31.07,0.57
46.8,-1.51787,5,800,True,150.0,31.07,0.57
46.8,-1.41787,5,800,True,150.0,31.07,0.57
46.8,-1.31787,5,800,True,150.0,31.07,0.57
46.8,-1.21787,5,800,True,150.0,31.07,0.57
46.8,-1.11787,5,800,True,150.0,31.07,0.57
46.8,-1.01787,5,800,True,150.0,31.07,0.57
46.8,-0.91787,5,800,True,150.0,31.07,0.57
46.8,-0.81787,5,800,True,150.0,31.07,0.57
46.8,-0.71787,5,800,True,150.0,31.07,0.57
46.8,-0.61787,5,800,True,150.0,31.07,0.57
46.8,-0.51787,5,800,True,150.0,31.07,0.57
46.8,-0.41787,5,800,True,150.0,31.07,0.57
46.8,-0.31787,5,800,True,150.0,31.07,0.57
46.8,-0.21787,5,800,True,150.0,31.07,0.57
46.9,-0.21787,0,800,True,150.0,31.07,0.57
46.9,-0.11787,0,800,True,150.0,31.07,0.57
46.9,-0.01787,0,800,True,150.0,31.07,0.57
46.9,0.08213,0,800,True,150.0,31.07,0.57
46.9,0.18213,0,800,True,150.0,31.07,0.57
46.9,0.28213,0,800,True,150.0,31.07,0.57
46.9,0.38213,0,800,True,150.0,31.07,0.57
46.9,0.48213,0,800,True,150.0,31.07,0.57
46.9,0.58213,0,800,True,150.0,31.07,0.57
46.9,0.68213,0,800,True,150.0,31.07,0.57
46.9,0.78213,0,800,True,150.0,31.07,0.57
46.9,0.88213,0,800,True,150.0,31.07,0.57
46.9,0.98213,0,800,True,150.0,31.07,0.57
46.9,1.08213,0,800,True,150.0,31.07,0.57
46.9,1.18213,0,800,True,150.0,31.07,0.57
46.9,1.28213,0,800,True,150.0,31.07,0.57
46.9,1.38213,0,800,True,150.0,31.07,0.57
46.9,1.48213,0,800,True,150.0,31.07,0.57
46.9,1.58213,0,800,True,150.0,31.07,0.57
46.9,1.68213,0,800,True,150.0,31.07,0.57
46.9,1.78213,0,800,True,150.0,31.07,0.57
46.9,1.88213,0,800,True,150.0,31.07,0.57
46.9,1.98213,0,800,True,150.0,31.07,0.57
46.9,2.08213,0,800,True,150.0,31.07,0.57
46.9,2.18213,0,800,True,150.0,31.07,0.57
46.9,2.28213,0,800,True,150.0,31.07,0.57
46.9,2.38213,0,800,True,150.0,31.07,0.57
46.9,2.48213,0,800,True,150.0,31.07,0.57
46.9,2.58213,0,800,True,150.0,31.07,0.57
46.9,2.68213,0,800,True,150.0,31.07,0.57
46.9,2.78213,0,800,True,150.0,31.07,0.57
46.9,2.88213,0,800,True,150.0,31.07,0.57
46.9,2.98213,0,800,True,150.0,31.07,0.57
46.9,3.08213,0,800,True,150.0,31.07,0.57
46.9,3.18213,0,800,True,150.0,31.07,0.57
46.9,3.28213,0,800,True,150.0,31.07,0.57
46.9,3.38213,0,800,True,150.0,31.07,0.57
46.9,3.48213,0,800,True,150.0,31.07,0.57
46.9,3.58213,0,800,True,150.0,31.07,0.57
46.9,3.68213,0,800,True,150.0,31.07,0.57
46.9,3.78213,0,800,True,150.0,31.07,0.57
46.9,3.88213,0,800,True,150.0,31.07,0.57
46.9,3.98213,0,800,True,150.0,31.07,0.57
46.9,4.08213,0,800,True,150.0,31.07,0.57
46.9,4.18213,0,800,True,150.0,31.07,0.57
46.9,4.28213,0,800,True,150.0,31.07,0.57
46.9,4.38213,0,800,True,150.0,31.07,0.57
46.9,4.48213,0,800,True,150.0,31.07,0.57
46.9,4.58213,0,800,True,150.0,31.07,0.57
46.9,4.68213,0,800,True,150.0,31.07,0.57
46.9,4.78213,0,800,True,150.0,31.07,0.57
46.9,4.88213,0,800,True,150.0,31.07,0.57
46.9,4.98213,0,800,True,150.0,31.07,0.57
46.9,5.08213,0,800,True,150.0,31.07,0.57
46.9,5.18213,0,800,True,150.0,31.07,0.57
46.9,5.28213,0,800,True,150.0,31.07,0.57
46.9,5.38213,0,800,True,150.0,31.07,0.57
46.9,5.48213,0,800,True,150.0,31.07,0.57
46.9,5.58213,1,800,True,150.0,31.07,0.57
46.9,5.68213,1,800,True,150.0,31.07,0.57
46.9,5.78213,1,800,True,150.0,31.07,0.57
46.9,5.88213,1,800,True,150.0,31.07,0.57
46.9,5.98213,1,800,True,150.0,31.07,0.57
46.9,6.08213,1,800,True,150.0,31.07,0.57
46.9,6.18213,1,800,True,150.0,31.07,0.57
46.9,6.28213,1,800,True,150.0,31.07,0.57
46.9,6.38213,1,800,True,150.0,31.07,0.57
46.9,-2.11787,5,800,True,150.0,31.07,0.57
46.9,-2.01787,5,800,True,150.0,31.07,0.57
46.9,-1.91787,5,800,True,150.0,31.07,0.57
46.9,-1.81787,5,800,True,150.0,31.07,0.57
46.9,-1.71787,5,800,True,150.0,31.07,0.57
46.9,-1.61787,5,800,True,150.0,31.07,0.57
46.9,-1.51787,5,800,True,150.0,31.07,0.57
46.9,-1.41787,5,800,True,150.0,31.07,0.57
46.9,-1.31787,5,800,True,150.0,31.07,0.57
46.9,-1.21787,5,800,True,150.0,31.07,0.57
46.9,-1.11787,5,800,True,150.0,31.07,0.57
46.9,-1.01787,5,800,True,150.0,31.07,0.57
46.9,-0.91787,5,800,True,150.0,31.07,0.57
46.9,-0.81787,5,800,True,150.0,31.07,0.57
46.9,-0.71787,5,800,True,150.0,31.07,0.57
46.9,-0.61787,5,800,True,150.0,31.07,0.57
46.9,-0.51787,5,800,True,150.0,31.07,0.57
46.9,-0.41787,5,800,True,150.0,31.07,0.57
46.9,-0.31787,5,800,True,150.0,31.07,0.57
47.0,-0.21787,0,800,True,150.0,31.07,0.57
47.0,-0.11787,0,800,True,150.0,31.07,0.57
47.0,-0.01787,0,800,True,150.0,31.07,0.57
47.0,0.08213,0,800,True,150.0,31.07,0.57
47.0,0.18213,0,800,True,150.0,31.07,0.57
47.0,0.28213,0,800,True,150.0,31.07,0.57
47.0,0.38213,0,800,True,150.0,31.07,0.57
47.0,0.48213,0,800,True,150.0,31.07,0.57
47.0,0.58213,0,800,True,150.0,31.07,0.57
47.0,0.68213,0,800,True,150.0,31.07,0.57
47.0,0.78213,0,800,True,150.0,31.07,0.57
47.0,0.88213,0,800,True,150.0,31.07,0.57
47.0,0.98213,0,800,True,150.0,31.07,0.57
47.0,1.08213,0,800,True,150.0,31.07,0.57
47.0,1.18213,0,800,True,150.0,31.07,0.57
47.0,1.28213,0,800,True,150.0,31.07,0.57
47.0,1.38213,0,800,True,150.0,31.07,0.57
47.0,1.48213,0,800,True,150.0,31.07,0.57
47.0,1.58213,0,800,True,150.0,31.07,0.57
47.0,1.68213,0,800,True,150.0,31.07,0.57
47.0,1.78213,0,800,True,150.0,31.07,0.57
47.0,1.88213,0,800,True,150.0,31.07,0.57
47.0,1.98213,0,800,True,150.0,31.07,0.57
47.0,2.08213,0,800,True,150.0,31.07,0.57
47.0,2.18213,0,800,True,150.0,31.07,0.57
47.0,2.28213,0,800,True,150.0,31.07,0.57
47.0,2.38213,0,800,True,150.0,31.07,0.57
47.0,2.48213,0,800,True,150.0,31.07,0.57
47.0,2.58213,0,800,True,150.0,31.07,0.57
47.0,2.68213,0,800,True,150.0,31.07,0.57
47.0,2.78213,0,800,True,150.0,31.07,0.57
47.0,2.88213,0,800,True,150.0,31.07,0.57
47.0,2.98213,0,800,True,150.0,31.07,0.57
47.0,3.08213,0,800,True,150.0,31.07,0.57
47.0,3.18213,0,800,True,150.0,31.07,0.57
47.0,3.28213,0,800,True,150.0,31.07,0.57
47.0,3.38213,0,800,True,150.0,31.07,0.57
47.0,3.48213,0,800,True,150.0,31.07,0.57
47.0,3.58213,0,800,True,150.0,31.07,0.57
47.0,3.68213,0,800,True,150.0,31.07,0.57
47.0,3.78213,0,800,True,150.0,31.07,0.57
47.0,3.88213,0,800,True,150.0,31.07,0.57
47.0,3.98213,0,800,True,150.0,31.07,0.57
47.0,4.08213,0,800,True,150.0,31.07,0.57
47.0,4.18213,0,800,True,150.0,31.07,0.57
47.0,4.28213,0,800,True,150.0,31.07,0.57
47.0,4.38213,0,800,True,150.0,31.07,0.57
47.0,4.48213,0,800,True,150.0,31.07,0.57
47.0,4.58213,0,800,True,150.0,31.07,0.57
47.0,4.68213,0,800,True,150.0,31.07,0.57
47.0,4.78213,0,800,True,150.0,31.07,0.57
47.0,4.88213,0,800,True,150.0,31.07,0.57
47.0,4.98213,0,800,True,150.0,31.07,0.57
47.0,5.08213,0,800,True,150.0,31.07,0.57
47.0,5.18213,0,800,True,150.0,31.07,0.57
47.0,5.28213,0,800,True,150.0,31.07,0.57
47.0,5.38213,0,800,True,150.0,31.07,0.57
47.0,5.48213,0,800,True,150.0,31.07,0.57
47.0,5.58213,0,800,True,150.0,31.07,0.57
47.0,5.68213,1,800,True,150.0,31.07,0.57
47.0,5.78213,1,800,True,150.0,31.07,0.57
47.0,5.88213,1,800,True,150.0,31.07,0.57
47.0,5.98213,1,800,True,150.0,31.07,0.57
47.0,6.08213,1,800,True,150.0,31.07,0.57
47.0,6.18213,1,800,True,150.0,31.07,0.57
47.0,6.28213,1,800,True,150.0,31.07,0.57
47.0,6.38213,1,800,True,150.0,31.07,0.57
47.0,6.48213,1,800,True,150.0,31.07,0.57
47.0,6.58213,1,800,True,150.0,31.07,0.57
47.0,-2.01787,5,800,True,150.0,31.07,0.57
47.0,-1.91787,5,800,True,150.0,31.07,0.57
47.0,-1.81787,5,800,True,150.0,31.07,0.57
47.0,-1.71787,5,800,True,150.0,31.07,0.57
47.0,-1.61787,5,800,True,150.0,31.07,0.57
47.0,-1.51787,5,800,True,150.0,31.07,0.57
47.0,-1.41787,5,800,True,150.0,31.07,0.57
47.0,-1.31787,5,800,True,150.0,31.07,0.57
47.0,-1.21787,5,800,True,150.0,31.07,0.57
47.0,-1.11787,5,800,True,150.0,31.07,0.57
47.0,-1.01787,5,800,True,150.0,31.07,0.57
47.0,-0.91787,5,800,True,150.0,31.07,0.57
47.0,-0.81787,5,800,True,150.0,31.07,0.57
47.0,-0.71787,5,800,True,150.0,31.07,0.57
47.0,-0.61787,5,800,True,150.0,31.07,0.57
47.0,-0.51787,5,800,True,150.0,31.07,0.57
47.0,-0.41787,5,800,True,150.0,31.07,0.57
47.0,-0.31787,5,800,True,150.0,31.07,0.57
47.1,-0.21787,0,800,True,150.0,31.07,0.57
47.1,-0.11787,0,800,True,150.0,31.07,0.57
47.1,-0.01787,0,800,True,150.0,31.07,0.57
47.1,0.08213,0,800,True,150.0,31.07,0.57
47.1,0.18213,0,800,True,150.0,31.07,0.57
47.1,0.28213,0,800,True,150.0,31.07,0.57
47.1,0.38213,0,800,True,150.0,31.07,0.57
47.1,0.48213,0,800,True,150.0,31.07,0.57
47.1,0.58213,0,800,True,150.0,31.07,0.57
47.1,0.68213,0,800,True,150.0,31.07,0.57
47.1,0.78213,0,800,True,150.0,31.07,0.57
47.1,0.88213,0,800,True,150.0,31.07,0.57
47.1,0.98213,0,800,True,150.0,31.07,0.57
47.1,1.08213,0,800,True,150.0,31.07,0.57
47.1,1.18213,0,800,True,150.0,31.07,0.57
47.1,1.28213,0,800,True,150.0,31.07,0.57
47.1,1.38213,0,800,True,150.0,31.07,0.57
47.1,1.48213,0,800,True,150.0,31.07,0.57
47.1,1.58213,0,800,True,150.0,31.07,0.57
47.1,1.68213,0,800,True,150.0,31.07,0.57
47.1,1.78213,0,800,True,150.0,31.07,0.57
47.1,1.88213,0,800,True,150.0,31.07,0.57
47.1,1.98213,0,800,True,150.0,31.07,0.57
47.1,2.08213,0,800,True,150.0,31.07,0.57
47.1,2.18213,0,800,True,150.0,31.07,0.57
47.1,2.28213,0,800,True,150.0,31.07,0.57
47.1,2.38213,0,800,True,150.0,31.07,0.57
47.1,2.48213,0,800,True,150.0,31.07,0.57
47.1,2.58213,0,800,True,150.0,31.07,0.57
47.1,2.68213,0,800,True,150.0,31.07,0.57
47.1,2.78213,0,800,True,150.0,31.07,0.57
47.1,2.88213,0,800,True,150.0,31.07,0.57
47.1,2.98213,0,800,True,150.0,31.07,0.57
47.1,3.08213,0,800,True,150.0,31.07,0.57
47.1,3.18213,0,800,True,150.0,31.07,0.57
47.1,3.28213,0,800,True,150.0,31.07,0.57
47.1,3.38213,0,800,True,150.0,31.07,0.57
47.1,3.48213,0,800,True,150.0,31.07,0.57
47.1,3.58213,0,800,True,150.0,31.07,0.57
47.1,3.68213,0,800,True,150.0,31.07,0.57
47.1,3.78213,0,800,True,150.0,31.07,0.57
47.1,3.88213,0,800,True,150.0,31.07,0.57
47.1,3.98213,0,800,True,150.0,31.07,0.57
47.1,4.08213,0,800,True,150.0,31.07,0.57
47.1,4.18213,0,800,True,150.0,31.07,0.57
47.1,4.28213,0,800,True,150.0,31.07,0.57
47.1,4.38213,0,800,True,150.0,31.07,0.57
47.1,4.48213,0,800,True,150.0,31.07,0.57
47.1,4.58213,0,800,True,150.0,31.07,0.57
47.1,4.68213,0,800,True,150.0,31.07,0.57
47.1,4.78213,0,800,True,150.0,31.07,0.57
47.1,4.88213,0,800,True,150.0,31.07,0.57
47.1,4.98213,0,800,True,150.0,31.07,0.57
47.1,5.08213,0,800,True,150.0,31.07,0.57
47.1,5.18213,0,800,True,150.0,31.07,0.57
47.1,5.28213,0,800,True,150.0,31.07,0.57
47.1,5.38213,0,800,True,150.0,31.07,0.57
47.1,5.48213,0,800,True,150.0,31.07,0.57
47.1,5.58213,0,800,True,150.0,31.07,0.57
47.1,5.68213,0,800,True,150.0,31.07,0.57
47.1,5.78213,1,800,True,150.0,31.07,0.57
47.1,5.88213,1,800,True,150.0,31.07,0.57
47.1,5.98213,1,800,True,150.0,31.07,0.57
47.1,6.08213,1,800,True,150.0,31.07,0.57
47.1,6.18213,1,800,True,150.0,31.07,0.57
47.1,6.28213,1,800,True,150.0,31.07,0.57
47.1,6.38213,1,800,True,150.0,31.07,0.57
47.1,6.48213,1,800,True,150.0,31.07,0.57
47.1,6.58213,1,800,True,150.0,31.07,0.57
47.1,6.68213,1,800,True,150.0,31.07,0.57
47.1,-2.01787,5,800,True,150.0,31.07,0.57
47.1,-1.91787,5,800,True,150.0,31.07,0.57
47.1,-1.81787,5,800,True,150.0,31.07,0.57
47.1,-1.71787,5,800,True,150.0,31.07,0.57
47.1,-1.61787,5,800,True,150.0,31.07,0.57
47.1,-1.51787,5,800,True,150.0,31.07,0.57
47.1,-1.41787,5,800,True,150.0,31.07,0.57
47.1,-1.31787,5,800,True,150.0,31.07,0.57
47.1,-1.21787,5,800,True,150.0,31.07,0.57
47.1,-1.11787,5,800,True,150.0,31.07,0.57
47.1,-1.01787,5,800,True,150.0,31.07,0.57
47.1,-0.91787,5,800,True,150.0,31.07,0.57
47.1,-0.81787,5,800,True,150.0,31.07,0.57
47.1,-0.71787,5,800,True,150.0,31.07,0.57
47.1,-0.61787,5,800,True,150.0,31.07,0.57
47.1,-0.51787,5,800,True,150.0,31.07,0.57
47.1,-0.41787,5,800,True,150.0,31.07,0.57
47.1,-0.31787,5,800,True,150.0,31.07,0.57
47.2,-0.31787,0,800,True,150.0,31.07,0.57
47.2,-0.21787,0,800,True,150.0,31.07,0.57
47.2,-0.11787,0,800,True,150.0,31.07,0.57
47.2,-0.01787,0,800,True,150.0,31.07,0.57
47.2,0.08213,0,800,True,150.0,31.07,0.57
47.2,0.18213,0,800,True,150.0,31.07,0.57
47.2,0.28213,0,800,True,150.0,31.07,0.57
47.2,0.38213,0,800,True,150.0,31.07,0.57
47.2,0.48213,0,800,True,150.0,31.07,0.57
47.2,0.58213,0,800,True,150.0,31.07,0.57
47.2,0.68213,0,800,True,150.0,31.07,0.57
47.2,0.78213,0,800,True,150.0,31.07,0.57
47.2,0.88213,0,800,True,150.0,31.07,0.57
47.2,0.98213,0,800,True,150.0,31.07,0.57
47.2,1.08213,0,800,True,150.0,31.07,0.57
47.2,1.18213,0,800,True,150.0,31.07,0.57
47.2,1.28213,0,800,True,150.0,31.07,0.57
47.2,1.38213,0,800,True,150.0,31.07,0.57
47.2,1.48213,0,800,True,150.0,31.07,0.57
47.2,1.58213,0,800,True,150.0,31.07,0.57
47.2,1.68213,0,800,True,150.0,31.07,0.57
47.2,1.78213,0,800,True,150.0,31.07,0.57
47.2,1.88213,0,800,True,150.0,31.07,0.57
47.2,1.98213,0,800,True,150.0,31.07,0.57
47.2,2.08213,0,800,True,150.0,31.07,0.57
47.2,2.18213,0,800,True,150.0,31.07,0.57
47.2,2.28213,0,800,True,150.0,31.07,0.57
47.2,2.38213,0,800,True,150.0,31.07,0.57
47.2,2.48213,0,800,True,150.0,31.07,0.57
47.2,2.58213,0,800,True,150.0,31.07,0.57
47.2,2.68213,0,800,True,150.0,31.07,0.57
47.2,2.78213,0,800,True,150.0,31.07,0.57
47.2,2.88213,0,800,True,150.0,31.07,0.57
47.2,2.98213,0,800,True,150.0,31.07,0.57
47.2,3.08213,0,800,True,150.0,31.07,0.57
47.2,3.18213,0,800,True,150.0,31.07,0.57
47.2,3.28213,0,800,True,150.0,31.07,0.57
47.2,3.38213,0,800,True,150.0,31.07,0.57
47.2,3.48213,0,800,True,150.0,31.07,0.57
47.2,3.58213,0,800,True,150.0,31.07,0.57
47.2,3.68213,0,800,True,150.0,31.07,0.57
47.2,3.78213,0,800,True,150.0,31.07,0.57
47.2,3.88213,0,800,True,150.0,31.07,0.57
47.2,3.98213,0,800,True,150.0,31.07,0.57
47.2,4.08213,0,800,True,150.0,31.07,0.57
47.2,4.18213,0,800,True,150.0,31.07,0.57
47.2,4.28213,0,800,True,150.0,31.07,0.57
47.2,4.38213,0,800,True,150.0,31.07,0.57
47.2,4.48213,0,800,True,150.0,31.07,0.57
47.2,4.58213,0,800,True,150.0,31.07,0.57
47.2,4.68213,0,800,True,150.0,31.07,0.57
47.2,4.78213,0,800,True,150.0,31.07,0.57
47.2,4.88213,0,800,True,150.0,31.07,0.57
47.2,4.98213,0,800,True,150.0,31.07,0.57
47.2,5.08213,0,800,True,150.0,31.07,0.57
47.2,5.18213,0,800,True,150.0,31.07,0.57
47.2,5.28213,0,800,True,150.0,31.07,0.57
47.2,5.38213,0,800,True,150.0,31.07,0.57
47.2,5.48213,0,800,True,150.0,31.07,0.57
47.2,5.58213,0,800,True,150.0,31.07,0.57
47.2,5.68213,0,800,True,150.0,31.07,0.57
47.2,5.78213,0,800,True,150.0,31.07,0.57
47.2,5.88213,0,800,True,150.0,31.07,0.57
47.2,5.98213,1,800,True,150.0,31.07,0.57
47.2,6.08213,1,800,True,150.0,31.07,0.57
47.2,6.18213,1,800,True,150.0,31.07,0.57
47.2,6.28213,1,800,True,150.0,31.07,0.57
47.2,6.38213,1,800,True,150.0,31.07,0.57
47.2,6.48213,1,800,True,150.0,31.07,0.57
47.2,6.58213,1,800,True,150.0,31.07,0.57
47.2,6.68213,1,800,True,150.0,31.07,0.57
47.2,6.78213,1,800,True,150.0,31.07,0.57
47.2,6.88213,1,800,True,150.0,31.07,0.57
47.2,-2.11787,5,800,True,150.0,31.07,0.57
47.2,-2.01787,5,800,True,150.0,31.07,0.57
47.2,-1.91787,5,800,True,150.0,31.07,0.57
47.2,-1.81787,5,800,True,150.0,31.07,0.57
47.2,-1.71787,5,800,True,150.0,31.07,0.57
47.2,-1.61787,5,800,True,150.0,31.07,0.57
47.2,-1.51787,5,800,True,150.0,31.07,0.57
47.2,-1.41787,5,800,True,150.0,31.07,0.57
47.2,-1.31787,5,800,True,150.0,31.07,0.57
47.2,-1.21787,5,800,True,150.0,31.07,0.57
47.2,-1.11787,5,800,True,150.0,31.07,0.57
47.2,-1.01787,5,800,True,150.0,31.07,0.57
47.2,-0.91787,5,800,True,150.0,31.07,0.57
47.2,-0.81787,5,800,True,150.0,31.07,0.57
47.2,-0.71787,5,800,True,150.0,31.07,0.57
47.2,-0.61787,5,800,True,150.0,31.07,0.57
47.2,-0.51787,5,800,True,150.0,31.07,0.57
47.2,-0.41787,5,800,True,150.0,31.07,0.57
47.3,-0.31787,0,800,True,150.0,31.07,0.57
47.3,-0.21787,0,800,True,150.0,31.07,0.57
47.3,-0.11787,0,800,True,150.0,31.07,0.57
47.3,-0.01787,0,800,True,150.0,31.07,0.57
47.3,0.08213,0,800,True,150.0,31.07,0.57
47.3,0.18213,0,800,True,150.0,31.07,0.57
47.3,0.28213,0,800,True,150.0,31.07,0.57
47.3,0.38213,0,800,True,150.0,31.07,0.57
47.3,0.48213,0,800,True,150.0,31.07,0.57
47.3,0.58213,0,800,True,150.0,31.07,0.57
47.3,0.68213,0,800,True,150.0,31.07,0.57
47.3,0.78213,0,800,True,150.0,31.07,0.57
47.3,0.88213,0,800,True,150.0,31.07,0.57
47.3,0.98213,0,800,True,150.0,31.07,0.57
47.3,1.08213,0,800,True,150.0,31.07,0.57
47.3,1.18213,0,800,True,150.0,31.07,0.57
47.3,1.28213,0,800,True,150.0,31.07,0.57
47.3,1.38213,0,800,True,150.0,31.07,0.57
47.3,1.48213,0,800,True,150.0,31.07,0.57
47.3,1.58213,0,800,True,150.0,31.07,0.57
47.3,1.68213,0,800,True,150.0,31.07,0.57
47.3,1.78213,0,800,True,150.0,31.07,0.57
47.3,1.88213,0,800,True,150.0,31.07,0.57
47.3,1.98213,0,800,True,150.0,31.07,0.57
47.3,2.08213,0,800,True,150.0,31.07,0.57
47.3,2.18213,0,800,True,150.0,31.07,0.57
47.3,2.28213,0,800,True,150.0,31.07,0.57
47.3,2.38213,0,800,True,150.0,31.07,0.57
47.3,2.48213,0,800,True,150.0,31.07,0.57
47.3,2.58213,0,800,True,150.0,31.07,0.57
47.3,2.68213,0,800,True,150.0,31.07,0.57
47.3,2.78213,0,800,True,150.0,31.07,0.57
47.3,2.88213,0,800,True,150.0,31.07,0.57
47.3,2.98213,0,800,True,150.0,31.07,0.57
47.3,3.08213,0,800,True,150.0,31.07,0.57
47.3,3.18213,0,800,True,150.0,31.07,0.57
47.3,3.28213,0,800,True,150.0,31.07,0.57
47.3,3.38213,0,800,True,150.0,31.07,0.57
47.3,3.48213,0,800,True,150.0,31.07,0.57
47.3,3.58213,0,800,True,150.0,31.07,0.57
47.3,3.68213,0,800,True,150.0,31.07,0.57
47.3,3.78213,0,800,True,150.0,31.07,0.57
47.3,3.88213,0,800,True,150.0,31.07,0.57
47.3,3.98213,0,800,True,150.0,31.07,0.57
47.3,4.08213,0,800,True,150.0,31.07,0.57
47.3,4.18213,0,800,True,150.0,31.07,0.57
47.3,4.28213,0,800,True,150.0,31.07,0.57
47.3,4.38213,0,800,True,150.0,31.07,0.57
47.3,4.48213,0,800,True,150.0,31.07,0.57
47.3,4.58213,0,800,True,150.0,31.07,0.57
47.3,4.68213,0,800,True,150.0,31.07,0.57
47.3,4.78213,0,800,True,150.0,31.07,0.57
47.3,4.88213,0,800,True,150.0,31.07,0.57
47.3,4.98213,0,800,True,150.0,31.07,0.57
47.3,5.08213,0,800,True,150.0,31.07,0.57
47.3,5.18213,0,800,True,150.0,31.07,0.57
47.3,5.28213,0,800,True,150.0,31.07,0.57
47.3,5.38213,0,800,True,150.0,31.07,0.57
47.3,5.48213,0,800,True,150.0,31.07,0.57
47.3,5.58213,0,800,True,150.0,31.07,0.57
47.3,5.68213,0,800,True,150.0,31.07,0.57
47.3,5.78213,0,800,True,150.0,31.07,0.57
47.3,5.88213,0,800,True,150.0,31.07,0.57
47.3,5.98213,0,800,True,150.0,31.07,0.57
47.3,6.08213,1,800,True,150.0,31.07,0.57
47.3,6.18213,1,800,True,150.0,31.07,0.57
47.3,6.28213,1,800,True,150.0,31.07,0.57
47.3,6.38213,1,800,True,150.0,31.07,0.57
47.3,6.48213,1,800,True,150.0,31.07,0.57
47.3,6.58213,1,800,True,150.0,31.07,0.57
47.3,6.68213,1,800,True,150.0,31.07,0.57
47.3,6.78213,1,800,True,150.0,31.07,0.57
47.3,6.88213,1,800,True,150.0,31.07,0.57
47.3,6.98213,1,800,True,150.0,31.07,0.57
47.3,-3.21787,5,800,True,150.0,31.07,0.57
47.3,-3.11787,5,800,True,150.0,31.07,0.57
47.3,-2.41787,5,800,True,150.0,31.07,0.57
47.3,-2.31787,5,800,True,150.0,31.07,0.57
47.3,-2.21787,5,800,True,150.0,31.07,0.57
47.3,-2.01787,5,800,True,150.0,31.07,0.57
47.3,-1.91787,5,800,True,150.0,31.07,0.57
47.3,-1.81787,5,800,True,150.0,31.07,0.57
47.3,-1.71787,5,800,True,150.0,31.07,0.57
47.3,-1.61787,5,800,True,150.0,31.07,0.57
47.3,-1.51787,5,800,True,150.0,31.07,0.57
47.3,-1.41787,5,800,True,150.0,31.07,0.57
47.3,-1.31787,5,800,True,150.0,31.07,0.57
47.3,-1.21787,5,800,True,150.0,31.07,0.57
47.3,-1.11787,5,800,True,150.0,31.07,0.57
47.3,-1.01787,5,800,True,150.0,31.07,0.57
47.3,-0.91787,5,800,True,150.0,31.07,0.57
47.3,-0.81787,5,800,True,150.0,31.07,0.57
47.3,-0.71787,5,800,True,150.0,31.07,0.57
47.3,-0.61787,5,800,True,150.0,31.07,0.57
47.3,-0.51787,5,800,True,150.0,31.07,0.57
47.3,-0.41787,5,800,True,150.0,31.07,0.57
47.4,-0.31787,0,800,True,150.0,31.07,0.57
47.4,-0.21787,0,800,True,150.0,31.07,0.57
47.4,-0.11787,0,800,True,150.0,31.07,0.57
47.4,-0.01787,0,800,True,150.0,31.07,0.57
47.4,0.08213,0,800,True,150.0,31.07,0.57
47.4,0.18213,0,800,True,150.0,31.07,0.57
47.4,0.28213,0,800,True,150.0,31.07,0.57
47.4,0.38213,0,800,True,150.0,31.07,0.57
47.4,0.48213,0,800,True,150.0,31.07,0.57
47.4,0.58213,0,800,True,150.0,31.07,0.57
47.4,0.68213,0,800,True,150.0,31.07,0.57
47.4,0.78213,0,800,True,150.0,31.07,0.57
47.4,0.88213,0,800,True,150.0,31.07,0.57
47.4,0.98213,0,800,True,150.0,31.07,0.57
47.4,1.08213,0,800,True,150.0,31.07,0.57
47.4,1.18213,0,800,True,150.0,31.07,0.57
47.4,1.28213,0,800,True,150.0,31.07,0.57
47.4,1.38213,0,800,True,150.0,31.07,0.57
47.4,1.48213,0,800,True,150.0,31.07,0.57
47.4,1.58213,0,800,True,150.0,31.07,0.57
47.4,1.68213,0,800,True,150.0,31.07,0.57
47.4,1.78213,0,800,True,150.0,31.07,0.57
47.4,1.88213,0,800,True,150.0,31.07,0.57
47.4,1.98213,0,800,True,150.0,31.07,0.57
47.4,2.08213,0,800,True,150.0,31.07,0.57
47.4,2.18213,0,800,True,150.0,31.07,0.57
47.4,2.28213,0,800,True,150.0,31.07,0.57
47.4,2.38213,0,800,True,150.0,31.07,0.57
47.4,2.48213,0,800,True,150.0,31.07,0.57
47.4,2.58213,0,800,True,150.0,31.07,0.57
47.4,2.68213,0,800,True,150.0,31.07,0.57
47.4,2.78213,0,800,True,150.0,31.07,0.57
47.4,2.88213,0,800,True,150.0,31.07,0.57
47.4,2.98213,0,800,True,150.0,31.07,0.57
47.4,3.08213,0,800,True,150.0,31.07,0.57
47.4,3.18213,0,800,True,150.0,31.07,0.57
47.4,3.28213,0,800,True,150.0,31.07,0.57
47.4,3.38213,0,800,True,150.0,31.07,0.57
47.4,3.48213,0,800,True,150.0,31.07,0.57
47.4,3.58213,0,800,True,150.0,31.07,0.57
47.4,3.68213,0,800,True,150.0,31.07,0.57
47.4,3.78213,0,800,True,150.0,31.07,0.57
47.4,3.88213,0,800,True,150.0,31.07,0.57
47.4,3.98213,0,800,True,150.0,31.07,0.57
47.4,4.08213,0,800,True,150.0,31.07,0.57
47.4,4.18213,0,800,True,150.0,31.07,0.57
47.4,4.28213,0,800,True,150.0,31.07,0.57
47.4,4.38213,0,800,True,150.0,31.07,0.57
47.4,4.48213,0,800,True,150.0,31.07,0.57
47.4,4.58213,0,800,True,150.0,31.07,0.57
47.4,4.68213,0,800,True,150.0,31.07,0.57
47.4,4.78213,0,800,True,150.0,31.07,0.57
47.4,4.88213,0,800,True,150.0,31.07,0.57
47.4,4.98213,0,800,True,150.0,31.07,0.57
47.4,5.08213,0,800,True,150.0,31.07,0.57
47.4,5.18213,0,800,True,150.0,31.07,0.57
47.4,5.28213,0,800,True,150.0,31.07,0.57
47.4,5.38213,0,800,True,150.0,31.07,0.57
47.4,5.48213,0,800,True,150.0,31.07,0.57
47.4,5.58213,0,800,True,150.0,31.07,0.57
47.4,5.68213,0,800,True,150.0,31.07,0.57
47.4,5.78213,0,800,True,150.0,31.07,0.57
47.4,5.88213,0,800,True,150.0,31.07,0.57
47.4,5.98213,0,800,True,150.0,31.07,0.57
47.4,6.08213,0,800,True,150.0,31.07,0.57
47.4,6.18213,0,800,True,150.0,31.07,0.57
47.4,6.28213,1,800,True,150.0,31.07,0.57
47.4,6.38213,1,800,True,150.0,31.07,0.57
47.4,6.48213,1,800,True,150.0,31.07,0.57
47.4,6.58213,1,800,True,150.0,31.07,0.57
47.4,6.68213,1,800,True,150.0,31.07,0.57
47.4,6.78213,1,800,True,150.0,31.07,0.57
47.4,6.88213,1,800,True,150.0,31.07,0.57
47.4,-2.41787,5,800,True,150.0,31.07,0.57
47.4,-2.31787,5,800,True,150.0,31.07,0.57
47.4,-2.21787,5,800,True,150.0,31.07,0.57
47.4,-2.11787,5,800,True,150.0,31.07,0.57
47.4,-2.01787,5,800,True,150.0,31.07,0.57
47.4,-1.91787,5,800,True,150.0,31.07,0.57
47.4,-1.81787,5,800,True,150.0,31.07,0.57
47.4,-1.71787,5,800,True,150.0,31.07,0.57
47.4,-1.61787,5,800,True,150.0,31.07,0.57
47.4,-1.51787,5,800,True,150.0,31.07,0.57
47.4,-1.41787,5,800,True,150.0,31.07,0.57
47.4,-1.31787,5,800,True,150.0,31.07,0.57
47.4,-1.21787,5,800,True,150.0,31.07,0.57
47.4,-1.11787,5,800,True,150.0,31.07,0.57
47.4,-1.01787,5,800,True,150.0,31.07,0.57
47.4,-0.91787,5,800,True,150.0,31.07,0.57
47.4,-0.81787,5,800,True,150.0,31.07,0.57
47.4,-0.71787,5,800,True,150.0,31.07,0.57
47.4,-0.61787,5,800,True,150.0,31.07,0.57
47.4,-0.51787,5,800,True,150.0,31.07,0.57
47.4,-0.41787,5,800,True,150.0,31.07,0.57
47.5,-0.31787,0,800,True,150.0,31.07,0.57
47.5,-0.21787,0,800,True,150.0,31.07,0.57
47.5,-0.11787,0,800,True,150.0,31.07,0.57
47.5,-0.01787,0,800,True,150.0,31.07,0.57
47.5,0.08213,0,800,True,150.0,31.07,0.57
47.5,0.18213,0,800,True,150.0,31.07,0.57
47.5,0.28213,0,800,True,150.0,31.07,0.57
47.5,0.38213,0,800,True,150.0,31.07,0.57
47.5,0.48213,0,800,True,150.0,31.07,0.57
47.5,0.58213,0,800,True,150.0,31.07,0.57
47.5,0.68213,0,800,True,150.0,31.07,0.57
47.5,0.78213,0,800,True,150.0,31.07,0.57
47.5,0.88213,0,800,True,150.0,31.07,0.57
47.5,0.98213,0,800,True,150.0,31.07,0.57
47.5,1.08213,0,800,True,150.0,31.07,0.57
47.5,1.18213,0,800,True,150.0,31.07,0.57
47.5,1.28213,0,800,True,150.0,31.07,0.57
47.5,1.38213,0,800,True,150.0,31.07,0.57
47.5,1.48213,0,800,True,150.0,31.07,0.57
47.5,1.58213,0,800,True,150.0,31.07,0.57
47.5,1.68213,0,800,True,150.0,31.07,0.57
47.5,1.78213,0,800,True,150.0,31.07,0.57
47.5,1.88213,0,800,True,150.0,31.07,0.57
47.5,1.98213,0,800,True,150.0,31.07,0.57
47.5,2.08213,0,800,True,150.0,31.07,0.57
47.5,2.18213,0,800,True,150.0,31.07,0.57
47.5,2.28213,0,800,True,150.0,31.07,0.57
47.5,2.38213,0,800,True,150.0,31.07,0.57
47.5,2.48213,0,800,True,150.0,31.07,0.57
47.5,2.58213,0,800,True,150.0,31.07,0.57
47.5,2.68213,0,800,True,150.0,31.07,0.57
47.5,2.78213,0,800,True,150.0,31.07,0.57
47.5,2.88213,0,800,True,150.0,31.07,0.57
47.5,2.98213,0,800,True,150.0,31.07,0.57
47.5,3.08213,0,800,True,150.0,31.07,0.57
47.5,3.18213,0,800,True,150.0,31.07,0.57
47.5,3.28213,0,800,True,150.0,31.07,0.57
47.5,3.38213,0,800,True,150.0,31.07,0.57
47.5,3.48213,0,800,True,150.0,31.07,0.57
47.5,3.58213,0,800,True,150.0,31.07,0.57
47.5,3.68213,0,800,True,150.0,31.07,0.57
47.5,3.78213,0,800,True,150.0,31.07,0.57
47.5,3.88213,0,800,True,150.0,31.07,0.57
47.5,3.98213,0,800,True,150.0,31.07,0.57
47.5,4.08213,0,800,True,150.0,31.07,0.57
47.5,4.18213,0,800,True,150.0,31.07,0.57
47.5,4.28213,0,800,True,150.0,31.07,0.57
47.5,4.38213,0,800,True,150.0,31.07,0.57
47.5,4.48213,0,800,True,150.0,31.07,0.57
47.5,4.58213,0,800,True,150.0,31.07,0.57
47.5,4.68213,0,800,True,150.0,31.07,0.57
47.5,4.78213,0,800,True,150.0,31.07,0.57
47.5,4.88213,0,800,True,150.0,31.07,0.57
47.5,4.98213,0,800,True,150.0,31.07,0.57
47.5,5.08213,0,800,True,150.0,31.07,0.57
47.5,5.18213,0,800,True,150.0,31.07,0.57
47.5,5.28213,0,800,True,150.0,31.07,0.57
47.5,5.38213,0,800,True,150.0,31.07,0.57
47.5,5.48213,0,800,True,150.0,31.07,0.57
47.5,5.58213,0,800,True,150.0,31.07,0.57
47.5,5.68213,0,800,True,150.0,31.07,0.57
47.5,5.78213,0,800,True,150.0,31.07,0.57
47.5,5.88213,0,800,True,150.0,31.07,0.57
47.5,5.98213,0,800,True,150.0,31.07,0.57
47.5,6.08213,0,800,True,150.0,31.07,0.57
47.5,6.18213,0,800,True,150.0,31.07,0.57
47.5,6.28213,0,800,True,150.0,31.07,0.57
47.5,6.38213,0,800,True,150.0,31.07,0.57
47.5,6.48213,0,800,True,150.0,31.07,0.57
47.5,6.58213,1,800,True,150.0,31.07,0.57
47.5,6.68213,1,800,True,150.0,31.07,0.57
47.5,6.78213,1,800,True,150.0,31.07,0.57
47.5,6.88213,1,800,True,150.0,31.07,0.57
47.5,6.98213,1,800,True,150.0,31.07,0.57
47.5,7.08213,1,800,True,150.0,31.07,0.57
47.5,7.18213,1,800,True,150.0,31.07,0.57
47.5,7.28213,1,800,True,150.0,31.07,0.57
47.5,7.38213,1,800,True,150.0,31.07,0.57
47.5,7.48213,1,800,True,150.0,31.07,0.57
47.5,-3.11787,5,800,True,150.0,31.07,0.57
47.5,-2.81787,5,800,True,150.0,31.07,0.57
47.5,-2.41787,5,800,True,150.0,31.07,0.57
47.5,-2.31787,5,800,True,150.0,31.07,0.57
47.5,-2.21787,5,800,True,150.0,31.07,0.57
47.5,-2.11787,5,800,True,150.0,31.07,0.57
47.5,-2.01787,5,800,True,150.0,31.07,0.57
47.5,-1.91787,5,800,True,150.0,31.07,0.57
47.5,-1.81787,5,800,True,150.0,31.07,0.57
47.5,-1.71787,5,800,True,150.0,31.07,0.57
47.5,-1.61787,5,800,True,150.0,31.07,0.57
47.5,-1.51787,5,800,True,150.0,31.07,0.57
47.5,-1.41787,5,800,True,150.0,31.07,0.57
47.5,-1.31787,5,800,True,150.0,31.07,0.57
47.5,-1.21787,5,800,True,150.0,31.07,0.57
47.5,-1.11787,5,800,True,150.0,31.07,0.57
47.5,-1.01787,5,800,True,150.0,31.07,0.57
47.5,-0.91787,5,800,True,150.0,31.07,0.57
47.5,-0.81787,5,800,True,150.0,31.07,0.57
47.5,-0.71787,5,800,True,150.0,31.07,0.57
47.5,-0.61787,5,800,True,150.0,31.07,0.57
47.5,-0.51787,5,800,True,150.0,31.07,0.57
47.5,-0.41787,5,800,True,150.0,31.07,0.57
47.6,-0.31787,0,800,True,150.0,31.07,0.57
47.6,-0.21787,0,800,True,150.0,31.07,0.57
47.6,-0.11787,0,800,True,150.0,31.07,0.57
47.6,-0.01787,0,800,True,150.0,31.07,0.57
47.6,0.08213,0,800,True,150.0,31.07,0.57
47.6,0.18213,0,800,True,150.0,31.07,0.57
47.6,0.28213,0,800,True,150.0,31.07,0.57
47.6,0.38213,0,800,True,150.0,31.07,0.57
47.6,0.48213,0,800,True,150.0,31.07,0.57
47.6,0.58213,0,800,True,150.0,31.07,0.57
47.6,0.68213,0,800,True,150.0,31.07,0.57
47.6,0.78213,0,800,True,150.0,31.07,0.57
47.6,0.88213,0,800,True,150.0,31.07,0.57
47.6,0.98213,0,800,True,150.0,31.07,0.57
47.6,1.08213,0,800,True,150.0,31.07,0.57
47.6,1.18213,0,800,True,150.0,31.07,0.57
47.6,1.28213,0,800,True,150.0,31.07,0.57
47.6,1.38213,0,800,True,150.0,31.07,0.57
47.6,1.48213,0,800,True,150.0,31.07,0.57
47.6,1.58213,0,800,True,150.0,31.07,0.57
47.6,1.68213,0,800,True,150.0,31.07,0.57
47.6,1.78213,0,800,True,150.0,31.07,0.57
47.6,1.88213,0,800,True,150.0,31.07,0.57
47.6,1.98213,0,800,True,150.0,31.07,0.57
47.6,2.08213,0,800,True,150.0,31.07,0.57
47.6,2.18213,0,800,True,150.0,31.07,0.57
47.6,2.28213,0,800,True,150.0,31.07,0.57
47.6,2.38213,0,800,True,150.0,31.07,0.57
47.6,2.48213,0,800,True,150.0,31.07,0.57
47.6,2.58213,0,800,True,150.0,31.07,0.57
47.6,2.68213,0,800,True,150.0,31.07,0.57
47.6,2.78213,0,800,True,150.0,31.07,0.57
47.6,2.88213,0,800,True,150.0,31.07,0.57
47.6,2.98213,0,800,True,150.0,31.07,0.57
47.6,3.08213,0,800,True,150.0,31.07,0.57
47.6,3.18213,0,800,True,150.0,31.07,0.57
47.6,3.28213,0,800,True,150.0,31.07,0.57
47.6,3.38213,0,800,True,150.0,31.07,0.57
47.6,3.48213,0,800,True,150.0,31.07,0.57
47.6,3.58213,0,800,True,150.0,31.07,0.57
47.6,3.68213,0,800,True,150.0,31.07,0.57
47.6,3.78213,0,800,True,150.0,31.07,0.57
47.6,3.88213,0,800,True,150.0,31.07,0.57
47.6,3.98213,0,800,True,150.0,31.07,0.57
47.6,4.08213,0,800,True,150.0,31.07,0.57
47.6,4.18213,0,800,True,150.0,31.07,0.57
47.6,4.28213,0,800,True,150.0,31.07,0.57
47.6,4.38213,0,800,True,150.0,31.07,0.57
47.6,4.48213,0,800,True,150.0,31.07,0.57
47.6,4.58213,0,800,True,150.0,31.07,0.57
47.6,4.68213,0,800,True,150.0,31.07,0.57
47.6,4.78213,0,800,True,150.0,31.07,0.57
47.6,4.88213,0,800,True,150.0,31.07,0.57
47.6,4.98213,0,800,True,150.0,31.07,0.57
47.6,5.08213,0,800,True,150.0,31.07,0.57
47.6,5.18213,0,800,True,150.0,31.07,0.57
47.6,5.28213,0,800,True,150.0,31.07,0.57
47.6,5.38213,0,800,True,150.0,31.07,0.57
47.6,5.48213,0,800,True,150.0,31.07,0.57
47.6,5.58213,0,800,True,150.0,31.07,0.57
47.6,5.68213,0,800,True,150.0,31.07,0.57
47.6,5.78213,0,800,True,150.0,31.07,0.57
47.6,5.88213,0,800,True,150.0,31.07,0.57
47.6,5.98213,0,800,True,150.0,31.07,0.57
47.6,6.08213,0,800,True,150.0,31.07,0.57
47.6,6.18213,0,800,True,150.0,31.07,0.57
47.6,6.28213,0,800,True,150.0,31.07,0.57
47.6,6.38213,0,800,True,150.0,31.07,0.57
47.6,6.48213,0,800,True,150.0,31.07,0.57
47.6,6.58213,0,800,True,150.0,31.07,0.57
47.6,6.68213,0,800,True,150.0,31.07,0.57
47.6,6.78213,1,800,True,150.0,31.07,0.57
47.6,6.88213,1,800,True,150.0,31.07,0.57
47.6,6.98213,1,800,True,150.0,31.07,0.57
47.6,7.08213,1,800,True,150.0,31.07,0.57
47.6,7.18213,1,800,True,150.0,31.07,0.57
47.6,7.28213,1,800,True,150.0,31.07,0.57
47.6,7.38213,1,800,True,150.0,31.07,0.57
47.6,7.48213,1,800,True,150.0,31.07,0.57
47.6,7.58213,1,800,True,150.0,31.07,0.57
47.6,-3.11787,5,800,True,150.0,31.07,0.57
47.6,-3.01787,5,800,True,150.0,31.07,0.57
47.6,-2.91787,5,800,True,150.0,31.07,0.57
47.6,-2.71787,5,800,True,150.0,31.07,0.57
47.6,-2.61787,5,800,True,150.0,31.07,0.57
47.6,-2.51787,5,800,True,150.0,31.07,0.57
47.6,-2.41787,5,800,True,150.0,31.07,0.57
47.6,-2.31787,5,800,True,150.0,31.07,0.57
47.6,-2.21787,5,800,True,150.0,31.07,0.57
47.6,-2.11787,5,800,True,150.0,31.07,0.57
47.6,-2.01787,5,800,True,150.0,31.07,0.57
47.6,-1.91787,5,800,True,150.0,31.07,0.57
47.6,-1.81787,5,800,True,150.0,31.07,0.57
47.6,-1.71787,5,800,True,150.0,31.07,0.57
47.6,-1.61787,5,800,True,150.0,31.07,0.57
47.6,-1.51787,5,800,True,150.0,31.07,0.57
47.6,-1.41787,5,800,True,150.0,31.07,0.57
47.6,-1.31787,5,800,True,150.0,31.07,0.57
47.6,-1.21787,5,800,True,150.0,31.07,0.57
47.6,-1.11787,5,800,True,150.0,31.07,0.57
47.6,-1.01787,5,800,True,150.0,31.07,0.57
47.6,-0.91787,5,800,True,150.0,31.07,0.57
47.6,-0.81787,5,800,True,150.0,31.07,0.57
47.6,-0.71787,5,800,True,150.0,31.07,0.57
47.6,-0.61787,5,800,True,150.0,31.07,0.57
47.6,-0.51787,5,800,True,150.0,31.07,0.57
47.6,-0.41787,5,800,True,150.0,31.07,0.57
47.7,-0.21787,0,800,True,150.0,31.07,0.57
47.7,-0.11787,0,800,True,150.0,31.07,0.57
47.7,-0.01787,0,800,True,150.0,31.07,0.57
47.7,0.08213,0,800,True,150.0,31.07,0.57
47.7,0.18213,0,800,True,150.0,31.07,0.57
47.7,0.28213,0,800,True,150.0,31.07,0.57
47.7,0.38213,0,800,True,150.0,31.07,0.57
47.7,0.48213,0,800,True,150.0,31.07,0.57
47.7,0.58213,0,800,True,150.0,31.07,0.57
47.7,0.68213,0,800,True,150.0,31.07,0.57
47.7,0.78213,0,800,True,150.0,31.07,0.57
47.7,0.88213,0,800,True,150.0,31.07,0.57
47.7,0.98213,0,800,True,150.0,31.07,0.57
47.7,1.08213,0,800,True,150.0,31.07,0.57
47.7,1.18213,0,800,True,150.0,31.07,0.57
47.7,1.28213,0,800,True,150.0,31.07,0.57
47.7,1.38213,0,800,True,150.0,31.07,0.57
47.7,1.48213,0,800,True,150.0,31.07,0.57
47.7,1.58213,0,800,True,150.0,31.07,0.57
47.7,1.68213,0,800,True,150.0,31.07,0.57
47.7,1.78213,0,800,True,150.0,31.07,0.57
47.7,1.88213,0,800,True,150.0,31.07,0.57
47.7,1.98213,0,800,True,150.0,31.07,0.57
47.7,2.08213,0,800,True,150.0,31.07,0.57
47.7,2.18213,0,800,True,150.0,31.07,0.57
47.7,2.28213,0,800,True,150.0,31.07,0.57
47.7,2.38213,0,800,True,150.0,31.07,0.57
47.7,2.48213,0,800,True,150.0,31.07,0.57
47.7,2.58213,0,800,True,150.0,31.07,0.57
47.7,2.68213,0,800,True,150.0,31.07,0.57
47.7,2.78213,0,800,True,150.0,31.07,0.57
47.7,2.88213,0,800,True,150.0,31.07,0.57
47.7,2.98213,0,800,True,150.0,31.07,0.57
47.7,3.08213,0,800,True,150.0,31.07,0.57
47.7,3.18213,0,800,True,150.0,31.07,0.57
47.7,3.28213,0,800,True,150.0,31.07,0.57
47.7,3.38213,0,800,True,150.0,31.07,0.57
47.7,3.48213,0,800,True,150.0,31.07,0.57
47.7,3.58213,0,800,True,150.0,31.07,0.57
47.7,3.68213,0,800,True,150.0,31.07,0.57
47.7,3.78213,0,800,True,150.0,31.07,0.57
47.7,3.88213,0,800,True,150.0,31.07,0.57
47.7,3.98213,0,800,True,150.0,31.07,0.57
47.7,4.08213,0,800,True,150.0,31.07,0.57
47.7,4.18213,0,800,True,150.0,31.07,0.57
47.7,4.28213,0,800,True,150.0,31.07,0.57
47.7,4.38213,0,800,True,150.0,31.07,0.57
47.7,4.48213,0,800,True,150.0,31.07,0.57
47.7,4.58213,0,800,True,150.0,31.07,0.57
47.7,4.68213,0,800,True,150.0,31.07,0.57
47.7,4.78213,0,800,True,150.0,31.07,0.57
47.7,4.88213,0,800,True,150.0,31.07,0.57
47.7,4.98213,0,800,True,150.0,31.07,0.57
47.7,5.08213,0,800,True,150.0,31.07,0.57
47.7,5.18213,0,800,True,150.0,31.07,0.57
47.7,5.28213,0,800,True,150.0,31.07,0.57
47.7,5.38213,0,800,True,150.0,31.07,0.57
47.7,5.48213,0,800,True,150.0,31.07,0.57
47.7,5.58213,0,800,True,150.0,31.07,0.57
47.7,5.68213,0,800,True,150.0,31.07,0.57
47.7,5.78213,0,800,True,150.0,31.07,0.57
47.7,5.88213,0,800,True,150.0,31.07,0.57
47.7,5.98213,0,800,True,150.0,31.07,0.57
47.7,6.08213,0,800,True,150.0,31.07,0.57
47.7,6.18213,0,800,True,150.0,31.07,0.57
47.7,6.28213,0,800,True,150.0,31.07,0.57
47.7,6.38213,0,800,True,150.0,31.07,0.57
47.7,6.48213,0,800,True,150.0,31.07,0.57
47.7,6.58213,0,800,True,150.0,31.07,0.57
47.7,6.68213,0,800,True,150.0,31.07,0.57
47.7,6.78213,1,800,True,150.0,31.07,0.57
47.7,6.88213,1,800,True,150.0,31.07,0.57
47.7,6.98213,1,800,True,150.0,31.07,0.57
47.7,7.08213,1,800,True,150.0,31.07,0.57
47.7,7.18213,1,800,True,150.0,31.07,0.57
47.7,7.28213,1,800,True,150.0,31.07,0.57
47.7,7.38213,1,800,True,150.0,31.07,0.57
47.7,7.48213,1,800,True,150.0,31.07,0.57
47.7,-3.41787,5,800,True,150.0,31.07,0.57
47.7,-3.21787,5,800,True,150.0,31.07,0.57
47.7,-3.11787,5,800,True,150.0,31.07,0.57
47.7,-3.01787,5,800,True,150.0,31.07,0.57
47.7,-2.91787,5,800,True,150.0,31.07,0.57
47.7,-2.81787,5,800,True,150.0,31.07,0.57
47.7,-2.71787,5,800,True,150.0,31.07,0.57
47.7,-2.61787,5,800,True,150.0,31.07,0.57
47.7,-2.51787,5,800,True,150.0,31.07,0.57
47.7,-2.41787,5,800,True,150.0,31.07,0.57
47.7,-2.31787,5,800,True,150.0,31.07,0.57
47.7,-2.21787,5,800,True,150.0,31.07,0.57
47.7,-2.11787,5,800,True,150.0,31.07,0.57
47.7,-2.01787,5,800,True,150.0,31.07,0.57
47.7,-1.91787,5,800,True,150.0,31.07,0.57
47.7,-1.81787,5,800,True,150.0,31.07,0.57
47.7,-1.71787,5,800,True,150.0,31.07,0.57
47.7,-1.61787,5,800,True,150.0,31.07,0.57
47.7,-1.51787,5,800,True,150.0,31.07,0.57
47.7,-1.41787,5,800,True,150.0,31.07,0.57
47.7,-1.31787,5,800,True,150.0,31.07,0.57
47.7,-1.21787,5,800,True,150.0,31.07,0.57
47.7,-1.11787,5,800,True,150.0,31.07,0.57
47.7,-1.01787,5,800,True,150.0,31.07,0.57
47.7,-0.91787,5,800,True,150.0,31.07,0.57
47.7,-0.81787,5,800,True,150.0,31.07,0.57
47.7,-0.71787,5,800,True,150.0,31.07,0.57
47.7,-0.61787,5,800,True,150.0,31.07,0.57
47.7,-0.51787,5,800,True,150.0,31.07,0.57
47.7,-0.41787,5,800,True,150.0,31.07,0.57
47.7,-0.31787,5,800,True,150.0,31.07,0.57
47.8,7.48213,1,800,True,150.0,31.07,0.57
47.8,-0.21787,0,800,True,150.0,31.07,0.57
47.8,-0.11787,0,800,True,150.0,31.07,0.57
47.8,-0.01787,0,800,True,150.0,31.07,0.57
47.8,0.08213,0,800,True,150.0,31.07,0.57
47.8,0.18213,0,800,True,150.0,31.07,0.57
47.8,0.28213,0,800,True,150.0,31.07,0.57
47.8,0.38213,0,800,True,150.0,31.07,0.57
47.8,0.48213,0,800,True,150.0,31.07,0.57
47.8,0.58213,0,800,True,150.0,31.07,0.57
47.8,0.68213,0,800,True,150.0,31.07,0.57
47.8,0.78213,0,800,True,150.0,31.07,0.57
47.8,0.88213,0,800,True,150.0,31.07,0.57
47.8,0.98213,0,800,True,150.0,31.07,0.57
47.8,1.08213,0,800,True,150.0,31.07,0.57
47.8,1.18213,0,800,True,150.0,31.07,0.57
47.8,1.28213,0,800,True,150.0,31.07,0.57
47.8,1.38213,0,800,True,150.0,31.07,0.57
47.8,1.48213,0,800,True,150.0,31.07,0.57
47.8,1.58213,0,800,True,150.0,31.07,0.57
47.8,1.68213,0,800,True,150.0,31.07,0.57
47.8,1.78213,0,800,True,150.0,31.07,0.57
47.8,1.88213,0,800,True,150.0,31.07,0.57
47.8,1.98213,0,800,True,150.0,31.07,0.57
47.8,2.08213,0,800,True,150.0,31.07,0.57
47.8,2.18213,0,800,True,150.0,31.07,0.57
47.8,2.28213,0,800,True,150.0,31.07,0.57
47.8,2.38213,0,800,True,150.0,31.07,0.57
47.8,2.48213,0,800,True,150.0,31.07,0.57
47.8,2.58213,0,800,True,150.0,31.07,0.57
47.8,2.68213,0,800,True,150.0,31.07,0.57
47.8,2.78213,0,800,True,150.0,31.07,0.57
47.8,2.88213,0,800,True,150.0,31.07,0.57
47.8,2.98213,0,800,True,150.0,31.07,0.57
47.8,3.08213,0,800,True,150.0,31.07,0.57
47.8,3.18213,0,800,True,150.0,31.07,0.57
47.8,3.28213,0,800,True,150.0,31.07,0.57
47.8,3.38213,0,800,True,150.0,31.07,0.57
47.8,3.48213,0,800,True,150.0,31.07,0.57
47.8,3.58213,0,800,True,150.0,31.07,0.57
47.8,3.68213,0,800,True,150.0,31.07,0.57
47.8,3.78213,0,800,True,150.0,31.07,0.57
47.8,3.88213,0,800,True,150.0,31.07,0.57
47.8,3.98213,0,800,True,150.0,31.07,0.57
47.8,4.08213,0,800,True,150.0,31.07,0.57
47.8,4.18213,0,800,True,150.0,31.07,0.57
47.8,4.28213,0,800,True,150.0,31.07,0.57
47.8,4.38213,0,800,True,150.0,31.07,0.57
47.8,4.48213,0,800,True,150.0,31.07,0.57
47.8,4.58213,0,800,True,150.0,31.07,0.57
47.8,4.68213,0,800,True,150.0,31.07,0.57
47.8,4.78213,0,800,True,150.0,31.07,0.57
47.8,4.88213,0,800,True,150.0,31.07,0.57
47.8,4.98213,0,800,True,150.0,31.07,0.57
47.8,5.08213,0,800,True,150.0,31.07,0.57
47.8,5.18213,0,800,True,150.0,31.07,0.57
47.8,5.28213,0,800,True,150.0,31.07,0.57
47.8,5.38213,0,800,True,150.0,31.07,0.57
47.8,5.48213,0,800,True,150.0,31.07,0.57
47.8,5.58213,0,800,True,150.0,31.07,0.57
47.8,5.68213,0,800,True,150.0,31.07,0.57
47.8,5.78213,0,800,True,150.0,31.07,0.57
47.8,5.88213,0,800,True,150.0,31.07,0.57
47.8,5.98213,0,800,True,150.0,31.07,0.57
47.8,6.08213,0,800,True,150.0,31.07,0.57
47.8,6.18213,0,800,True,150.0,31.07,0.57
47.8,6.28213,0,800,True,150.0,31.07,0.57
47.8,6.38213,0,800,True,150.0,31.07,0.57
47.8,6.48213,0,800,True,150.0,31.07,0.57
47.8,6.58213,0,800,True,150.0,31.07,0.57
47.8,6.68213,0,800,True,150.0,31.07,0.57
47.8,6.78213,0,800,True,150.0,31.07,0.57
47.8,6.88213,1,800,True,150.0,31.07,0.57
47.8,6.98213,1,800,True,150.0,31.07,0.57
47.8,7.08213,1,800,True,150.0,31.07,0.57
47.8,7.18213,1,800,True,150.0,31.07,0.57
47.8,7.28213,1,800,True,150.0,31.07,0.57
47.8,7.38213,1,800,True,150.0,31.07,0.57
47.8,-4.31787,5,800,True,150.0,31.07,0.57
47.8,-4.21787,5,800,True,150.0,31.07,0.57
47.8,-3.81787,5,800,True,150.0,31.07,0.57
47.8,-3.71787,5,800,True,150.0,31.07,0.57
47.8,-3.61787,5,800,True,150.0,31.07,0.57
47.8,-3.51787,5,800,True,150.0,31.07,0.57
47.8,-3.41787,5,800,True,150.0,31.07,0.57
47.8,-3.31787,5,800,True,150.0,31.07,0.57
47.8,-3.21787,5,800,True,150.0,31.07,0.57
47.8,-3.11787,5,800,True,150.0,31.07,0.57
47.8,-3.01787,5,800,True,150.0,31.07,0.57
47.8,-2.91787,5,800,True,150.0,31.07,0.57
47.8,-2.81787,5,800,True,150.0,31.07,0.57
47.8,-2.71787,5,800,True,150.0,31.07,0.57
47.8,-2.61787,5,800,True,150.0,31.07,0.57
47.8,-2.51787,5,800,True,150.0,31.07,0.57
47.8,-2.41787,5,800,True,150.0,31.07,0.57
47.8,-2.31787,5,800,True,150.0,31.07,0.57
47.8,-2.21787,5,800,True,150.0,31.07,0.57
47.8,-2.11787,5,800,True,150.0,31.07,0.57
47.8,-2.01787,5,800,True,150.0,31.07,0.57
47.8,-1.91787,5,800,True,150.0,31.07,0.57
47.8,-1.81787,5,800,True,150.0,31.07,0.57
47.8,-1.71787,5,800,True,150.0,31.07,0.57
47.8,-1.61787,5,800,True,150.0,31.07,0.57
47.8,-1.51787,5,800,True,150.0,31.07,0.57
47.8,-1.41787,5,800,True,150.0,31.07,0.57
47.8,-1.31787,5,800,True,150.0,31.07,0.57
47.8,-1.21787,5,800,True,150.0,31.07,0.57
47.8,-1.11787,5,800,True,150.0,31.07,0.57
47.8,-1.01787,5,800,True,150.0,31.07,0.57
47.8,-0.91787,5,800,True,150.0,31.07,0.57
47.8,-0.81787,5,800,True,150.0,31.07,0.57
47.8,-0.71787,5,800,True,150.0,31.07,0.57
47.8,-0.61787,5,800,True,150.0,31.07,0.57
47.8,-0.51787,5,800,True,150.0,31.07,0.57
47.8,-0.41787,5,800,True,150.0,31.07,0.57
47.8,-0.31787,5,800,True,150.0,31.07,0.57
47.9,7.38213,1,800,True,150.0,31.07,0.57
47.9,7.48213,1,800,True,150.0,31.07,0.57
47.9,-0.11787,0,800,True,150.0,31.07,0.57
47.9,-0.01787,0,800,True,150.0,31.07,0.57
47.9,0.08213,0,800,True,150.0,31.07,0.57
47.9,0.18213,0,800,True,150.0,31.07,0.57
47.9,0.28213,0,800,True,150.0,31.07,0.57
47.9,0.38213,0,800,True,150.0,31.07,0.57
47.9,0.48213,0,800,True,150.0,31.07,0.57
47.9,0.58213,0,800,True,150.0,31.07,0.57
47.9,0.68213,0,800,True,150.0,31.07,0.57
47.9,0.78213,0,800,True,150.0,31.07,0.57
47.9,0.88213,0,800,True,150.0,31.07,0.57
47.9,0.98213,0,800,True,150.0,31.07,0.57
47.9,1.08213,0,800,True,150.0,31.07,0.57
47.9,1.18213,0,800,True,150.0,31.07,0.57
47.9,1.28213,0,800,True,150.0,31.07,0.57
47.9,1.38213,0,800,True,150.0,31.07,0.57
47.9,1.48213,0,800,True,150.0,31.07,0.57
47.9,1.58213,0,800,True,150.0,31.07,0.57
47.9,1.68213,0,800,True,150.0,31.07,0.57
47.9,1.78213,0,800,True,150.0,31.07,0.57
47.9,1.88213,0,800,True,150.0,31.07,0.57
47.9,1.98213,0,800,True,150.0,31.07,0.57
47.9,2.08213,0,800,True,150.0,31.07,0.57
47.9,2.18213,0,800,True,150.0,31.07,0.57
47.9,2.28213,0,800,True,150.0,31.07,0.57
47.9,2.38213,0,800,True,150.0,31.07,0.57
47.9,2.48213,0,800,True,150.0,31.07,0.57
47.9,2.58213,0,800,True,150.0,31.07,0.57
47.9,2.68213,0,800,True,150.0,31.07,0.57
47.9,2.78213,0,800,True,150.0,31.07,0.57
47.9,2.88213,0,800,True,150.0,31.07,0.57
47.9,2.98213,0,800,True,150.0,31.07,0.57
47.9,3.08213,0,800,True,150.0,31.07,0.57
47.9,3.18213,0,800,True,150.0,31.07,0.57
47.9,3.28213,0,800,True,150.0,31.07,0.57
47.9,3.38213,0,800,True,150.0,31.07,0.57
47.9,3.48213,0,800,True,150.0,31.07,0.57
47.9,3.58213,0,800,True,150.0,31.07,0.57
47.9,3.68213,0,800,True,150.0,31.07,0.57
47.9,3.78213,0,800,True,150.0,31.07,0.57
47.9,3.88213,0,800,True,150.0,31.07,0.57
47.9,3.98213,0,800,True,150.0,31.07,0.57
47.9,4.08213,0,800,True,150.0,31.07,0.57
47.9,4.18213,0,800,True,150.0,31.07,0.57
47.9,4.28213,0,800,True,150.0,31.07,0.57
47.9,4.38213,0,800,True,150.0,31.07,0.57
47.9,4.48213,0,800,True,150.0,31.07,0.57
47.9,4.58213,0,800,True,150.0,31.07,0.57
47.9,4.68213,0,800,True,150.0,31.07,0.57
47.9,4.78213,0,800,True,150.0,31.07,0.57
47.9,4.88213,0,800,True,150.0,31.07,0.57
47.9,4.98213,0,800,True,150.0,31.07,0.57
47.9,5.08213,0,800,True,150.0,31.07,0.57
47.9,5.18213,0,800,True,150.0,31.07,0.57
47.9,5.28213,0,800,True,150.0,31.07,0.57
47.9,5.38213,0,800,True,150.0,31.07,0.57
47.9,5.48213,0,800,True,150.0,31.07,0.57
47.9,5.58213,0,800,True,150.0,31.07,0.57
47.9,5.68213,0,800,True,150.0,31.07,0.57
47.9,5.78213,0,800,True,150.0,31.07,0.57
47.9,5.88213,0,800,True,150.0,31.07,0.57
47.9,5.98213,0,800,True,150.0,31.07,0.57
47.9,6.08213,0,800,True,150.0,31.07,0.57
47.9,6.18213,0,800,True,150.0,31.07,0.57
47.9,6.28213,0,800,True,150.0,31.07,0.57
47.9,6.38213,0,800,True,150.0,31.07,0.57
47.9,6.48213,0,800,True,150.0,31.07,0.57
47.9,6.58213,0,800,True,150.0,31.07,0.57
47.9,6.68213,0,800,True,150.0,31.07,0.57
47.9,6.78213,0,800,True,150.0,31.07,0.57
47.9,6.88213,1,800,True,150.0,31.07,0.57
47.9,6.98213,1,800,True,150.0,31.07,0.57
47.9,7.08213,1,800,True,150.0,31.07,0.57
47.9,7.18213,1,800,True,150.0,31.07,0.57
47.9,7.28213,1,800,True,150.0,31.07,0.57
47.9,-4.31787,5,800,True,150.0,31.07,0.57
47.9,-4.21787,5,800,True,150.0,31.07,0.57
47.9,-4.11787,5,800,True,150.0,31.07,0.57
47.9,-4.01787,5,800,True,150.0,31.07,0.57
47.9,-3.91787,5,800,True,150.0,31.07,0.57
47.9,-3.81787,5,800,True,150.0,31.07,0.57
47.9,-3.71787,5,800,True,150.0,31.07,0.57
47.9,-3.61787,5,800,True,150.0,31.07,0.57
47.9,-3.51787,5,800,True,150.0,31.07,0.57
47.9,-3.41787,5,800,True,150.0,31.07,0.57
47.9,-3.31787,5,800,True,150.0,31.07,0.57
47.9,-3.21787,5,800,True,150.0,31.07,0.57
47.9,-3.11787,5,800,True,150.0,31.07,0.57
47.9,-3.01787,5,800,True,150.0,31.07,0.57
47.9,-2.91787,5,800,True,150.0,31.07,0.57
47.9,-2.81787,5,800,True,150.0,31.07,0.57
47.9,-2.71787,5,800,True,150.0,31.07,0.57
47.9,-2.61787,5,800,True,150.0,31.07,0.57
47.9,-2.51787,5,800,True,150.0,31.07,0.57
47.9,-2.41787,5,800,True,150.0,31.07,0.57
47.9,-2.31787,5,800,True,150.0,31.07,0.57
47.9,-2.21787,5,800,True,150.0,31.07,0.57
47.9,-2.11787,5,800,True,150.0,31.07,0.57
47.9,-2.01787,5,800,True,150.0,31.07,0.57
47.9,-1.91787,5,800,True,150.0,31.07,0.57
47.9,-1.81787,5,800,True,150.0,31.07,0.57
47.9,-1.71787,5,800,True,150.0,31.07,0.57
47.9,-1.61787,5,800,True,150.0,31.07,0.57
47.9,-1.51787,5,800,True,150.0,31.07,0.57
47.9,-1.41787,5,800,True,150.0,31.07,0.57
47.9,-1.31787,5,800,True,150.0,31.07,0.57
47.9,-1.21787,5,800,True,150.0,31.07,0.57
47.9,-1.11787,5,800,True,150.0,31.07,0.57
47.9,-1.01787,5,800,True,150.0,31.07,0.57
47.9,-0.91787,5,800,True,150.0,31.07,0.57
47.9,-0.81787,5,800,True,150.0,31.07,0.57
47.9,-0.71787,5,800,True,150.0,31.07,0.57
47.9,-0.61787,5,800,True,150.0,31.07,0.57
47.9,-0.51787,5,800,True,150.0,31.07,0.57
47.9,-0.41787,5,800,True,150.0,31.07,0.57
47.9,-0.31787,5,800,True,150.0,31.07,0.57
47.9,-0.21787,5,800,True,150.0,31.07,0.57
48.0,7.28213,1,800,True,150.0,31.07,0.57
48.0,7.38213,1,800,True,150.0,31.07,0.57
48.0,7.48213,1,800,True,150.0,31.07,0.57
48.0,7.58213,1,800,True,150.0,31.07,0.57
48.0,-0.01787,0,800,True,150.0,31.07,0.57
48.0,0.08213,0,800,True,150.0,31.07,0.57
48.0,0.18213,0,800,True,150.0,31.07,0.57
48.0,0.28213,0,800,True,150.0,31.07,0.57
48.0,0.38213,0,800,True,150.0,31.07,0.57
48.0,0.48213,0,800,True,150.0,31.07,0.57
48.0,0.58213,0,800,True,150.0,31.07,0.57
48.0,0.68213,0,800,True,150.0,31.07,0.57
48.0,0.78213,0,800,True,150.0,31.07,0.57
48.0,0.88213,0,800,True,150.0,31.07,0.57
48.0,0.98213,0,800,True,150.0,31.07,0.57
48.0,1.08213,0,800,True,150.0,31.07,0.57
48.0,1.18213,0,800,True,150.0,31.07,0.57
48.0,1.28213,0,800,True,150.0,31.07,0.57
48.0,1.38213,0,800,True,150.0,31.07,0.57
48.0,1.48213,0,800,True,150.0,31.07,0.57
48.0,1.58213,0,800,True,150.0,31.07,0.57
48.0,1.68213,0,800,True,150.0,31.07,0.57
48.0,1.78213,0,800,True,150.0,31.07,0.57
48.0,1.88213,0,800,True,150.0,31.07,0.57
48.0,1.98213,0,800,True,150.0,31.07,0.57
48.0,2.08213,0,800,True,150.0,31.07,0.57
48.0,2.18213,0,800,True,150.0,31.07,0.57
48.0,2.28213,0,800,True,150.0,31.07,0.57
48.0,2.38213,0,800,True,150.0,31.07,0.57
48.0,2.48213,0,800,True,150.0,31.07,0.57
48.0,2.58213,0,800,True,150.0,31.07,0.57
48.0,2.68213,0,800,True,150.0,31.07,0.57
48.0,2.78213,0,800,True,150.0,31.07,0.57
48.0,2.88213,0,800,True,150.0,31.07,0.57
48.0,2.98213,0,800,True,150.0,31.07,0.57
48.0,3.08213,0,800,True,150.0,31.07,0.57
48.0,3.18213,0,800,True,150.0,31.07,0.57
48.0,3.28213,0,800,True,150.0,31.07,0.57
48.0,3.38213,0,800,True,150.0,31.07,0.57
48.0,3.48213,0,800,True,150.0,31.07,0.57
48.0,3.58213,0,800,True,150.0,31.07,0.57
48.0,3.68213,0,800,True,150.0,31.07,0.57
48.0,3.78213,0,800,True,150.0,31.07,0.57
48.0,3.88213,0,800,True,150.0,31.07,0.57
48.0,3.98213,0,800,True,150.0,31.07,0.57
48.0,4.08213,0,800,True,150.0,31.07,0.57
48.0,4.18213,0,800,True,150.0,31.07,0.57
48.0,4.28213,0,800,True,150.0,31.07,0.57
48.0,4.38213,0,800,True,150.0,31.07,0.57
48.0,4.48213,0,800,True,150.0,31.07,0.57
48.0,4.58213,0,800,True,150.0,31.07,0.57
48.0,4.68213,0,800,True,150.0,31.07,0.57
48.0,4.78213,0,800,True,150.0,31.07,0.57
48.0,4.88213,0,800,True,150.0,31.07,0.57
48.0,4.98213,0,800,True,150.0,31.07,0.57
48.0,5.08213,0,800,True,150.0,31.07,0.57
48.0,5.18213,0,800,True,150.0,31.07,0.57
48.0,5.28213,0,800,True,150.0,31.07,0.57
48.0,5.38213,0,800,True,150.0,31.07,0.57
48.0,5.48213,0,800,True,150.0,31.07,0.57
48.0,5.58213,0,800,True,150.0,31.07,0.57
48.0,5.68213,0,800,True,150.0,31.07,0.57
48.0,5.78213,0,800,True,150.0,31.07,0.57
48.0,5.88213,0,800,True,150.0,31.07,0.57
48.0,5.98213,0,800,True,150.0,31.07,0.57
48.0,6.08213,0,800,True,150.0,31.07,0.57
48.0,6.18213,0,800,True,150.0,31.07,0.57
48.0,6.28213,0,800,True,150.0,31.07,0.57
48.0,6.38213,0,800,True,150.0,31.07,0.57
48.0,6.48213,0,800,True,150.0,31.07,0.57
48.0,6.58213,0,800,True,150.0,31.07,0.57
48.0,6.68213,0,800,True,150.0,31.07,0.57
48.0,6.78213,0,800,True,150.0,31.07,0.57
48.0,6.88213,1,800,True,150.0,31.07,0.57
48.0,6.98213,1,800,True,150.0,31.07,0.57
48.0,7.08213,1,800,True,150.0,31.07,0.57
48.0,7.18213,1,800,True,150.0,31.07,0.57
48.0,-4.41787,5,800,True,150.0,31.07,0.57
48.0,-4.31787,5,800,True,150.0,31.07,0.57
48.0,-4.21787,5,800,True,150.0,31.07,0.57
48.0,-4.11787,5,800,True,150.0,31.07,0.57
48.0,-4.01787,5,800,True,150.0,31.07,0.57
48.0,-3.91787,5,800,True,150.0,31.07,0.57
48.0,-3.81787,5,800,True,150.0,31.07,0.57
48.0,-3.71787,5,800,True,150.0,31.07,0.57
48.0,-3.61787,5,800,True,150.0,31.07,0.57
48.0,-3.51787,5,800,True,150.0,31.07,0.57
48.0,-3.41787,5,800,True,150.0,31.07,0.57
48.0,-3.31787,5,800,True,150.0,31.07,0.57
48.0,-3.21787,5,800,True,150.0,31.07,0.57
48.0,-3.11787,5,800,True,150.0,31.07,0.57
48.0,-3.01787,5,800,True,150.0,31.07,0.57
48.0,-2.91787,5,800,True,150.0,31.07,0.57
48.0,-2.81787,5,800,True,150.0,31.07,0.57
48.0,-2.71787,5,800,True,150.0,31.07,0.57
48.0,-2.61787,5,800,True,150.0,31.07,0.57
48.0,-2.51787,5,800,True,150.0,31.07,0.57
48.0,-2.41787,5,800,True,150.0,31.07,0.57
48.0,-2.31787,5,800,True,150.0,31.07,0.57
48.0,-2.21787,5,800,True,150.0,31.07,0.57
48.0,-2.11787,5,800,True,150.0,31.07,0.57
48.0,-2.01787,5,800,True,150.0,31.07,0.57
48.0,-1.91787,5,800,True,150.0,31.07,0.57
48.0,-1.81787,5,800,True,150.0,31.07,0.57
48.0,-1.71787,5,800,True,150.0,31.07,0.57
48.0,-1.61787,5,800,True,150.0,31.07,0.57
48.0,-1.51787,5,800,True,150.0,31.07,0.57
48.0,-1.41787,5,800,True,150.0,31.07,0.57
48.0,-1.31787,5,800,True,150.0,31.07,0.57
48.0,-1.21787,5,800,True,150.0,31.07,0.57
48.0,-1.11787,5,800,True,150.0,31.07,0.57
48.0,-1.01787,5,800,True,150.0,31.07,0.57
48.0,-0.91787,5,800,True,150.0,31.07,0.57
48.0,-0.81787,5,800,True,150.0,31.07,0.57
48.0,-0.71787,5,800,True,150.0,31.07,0.57
48.0,-0.61787,5,800,True,150.0,31.07,0.57
48.0,-0.51787,5,800,True,150.0,31.07,0.57
48.0,-0.41787,5,800,True,150.0,31.07,0.57
48.0,-0.31787,5,800,True,150.0,31.07,0.57
48.0,-0.21787,5,800,True,150.0,31.07,0.57
48.0,-0.11787,5,800,True,150.0,31.07,0.57
48.1,7.08213,1,800,True,150.0,31.07,0.57
48.1,7.18213,1,800,True,150.0,31.07,0.57
48.1,7.28213,1,800,True,150.0,31.07,0.57
48.1,7.38213,1,800,True,150.0,31.07,0.57
48.1,7.48213,1,800,True,150.0,31.07,0.57
48.1,0.08213,0,800,True,150.0,31.07,0.57
48.1,0.18213,0,800,True,150.0,31.07,0.57
48.1,0.28213,0,800,True,150.0,31.07,0.57
48.1,0.38213,0,800,True,150.0,31.07,0.57
48.1,0.48213,0,800,True,150.0,31.07,0.57
48.1,0.58213,0,800,True,150.0,31.07,0.57
48.1,0.68213,0,800,True,150.0,31.07,0.57
48.1,0.78213,0,800,True,150.0,31.07,0.57
48.1,0.88213,0,800,True,150.0,31.07,0.57
48.1,0.98213,0,800,True,150.0,31.07,0.57
48.1,1.08213,0,800,True,150.0,31.07,0.57
48.1,1.18213,0,800,True,150.0,31.07,0.57
48.1,1.28213,0,800,True,150.0,31.07,0.57
48.1,1.38213,0,800,True,150.0,31.07,0.57
48.1,1.48213,0,800,True,150.0,31.07,0.57
48.1,1.58213,0,800,True,150.0,31.07,0.57
48.1,1.68213,0,800,True,150.0,31.07,0.57
48.1,1.78213,0,800,True,150.0,31.07,0.57
48.1,1.88213,0,800,True,150.0,31.07,0.57
48.1,1.98213,0,800,True,150.0,31.07,0.57
48.1,2.08213,0,800,True,150.0,31.07,0.57
48.1,2.18213,0,800,True,150.0,31.07,0.57
48.1,2.28213,0,800,True,150.0,31.07,0.57
48.1,2.38213,0,800,True,150.0,31.07,0.57
48.1,2.48213,0,800,True,150.0,31.07,0.57
48.1,2.58213,0,800,True,150.0,31.07,0.57
48.1,2.68213,0,800,True,150.0,31.07,0.57
48.1,2.78213,0,800,True,150.0,31.07,0.57
48.1,2.88213,0,800,True,150.0,31.07,0.57
48.1,2.98213,0,800,True,150.0,31.07,0.57
48.1,3.08213,0,800,True,150.0,31.07,0.57
48.1,3.18213,0,800,True,150.0,31.07,0.57
48.1,3.28213,0,800,True,150.0,31.07,0.57
48.1,3.38213,0,800,True,150.0,31.07,0.57
48.1,3.48213,0,800,True,150.0,31.07,0.57
48.1,3.58213,0,800,True,150.0,31.07,0.57
48.1,3.68213,0,800,True,150.0,31.07,0.57
48.1,3.78213,0,800,True,150.0,31.07,0.57
48.1,3.88213,0,800,True,150.0,31.07,0.57
48.1,3.98213,0,800,True,150.0,31.07,0.57
48.1,4.08213,0,800,True,150.0,31.07,0.57
48.1,4.18213,0,800,True,150.0,31.07,0.57
48.1,4.28213,0,800,True,150.0,31.07,0.57
48.1,4.38213,0,800,True,150.0,31.07,0.57
48.1,4.48213,0,800,True,150.0,31.07,0.57
48.1,4.58213,0,800,True,150.0,31.07,0.57
48.1,4.68213,0,800,True,150.0,31.07,0.57
48.1,4.78213,0,800,True,150.0,31.07,0.57
48.1,4.88213,0,800,True,150.0,31.07,0.57
48.1,4.98213,0,800,True,150.0,31.07,0.57
48.1,5.08213,0,800,True,150.0,31.07,0.57
48.1,5.18213,0,800,True,150.0,31.07,0.57
48.1,5.28213,0,800,True,150.0,31.07,0.57
48.1,5.38213,0,800,True,150.0,31.07,0.57
48.1,5.48213,0,800,True,150.0,31.07,0.57
48.1,5.58213,0,800,True,150.0,31.07,0.57
48.1,5.68213,0,800,True,150.0,31.07,0.57
48.1,5.78213,0,800,True,150.0,31.07,0.57
48.1,5.88213,0,800,True,150.0,31.07,0.57
48.1,5.98213,0,800,True,150.0,31.07,0.57
48.1,6.08213,0,800,True,150.0,31.07,0.57
48.1,6.18213,0,800,True,150.0,31.07,0.57
48.1,6.28213,0,800,True,150.0,31.07,0.57
48.1,6.38213,0,800,True,150.0,31.07,0.57
48.1,6.48213,0,800,True,150.0,31.07,0.57
48.1,6.58213,0,800,True,150.0,31.07,0.57
48.1,6.68213,0,800,True,150.0,31.07,0.57
48.1,6.78213,0,800,True,150.0,31.07,0.57
48.1,6.88213,0,800,True,150.0,31.07,0.57
48.1,6.98213,1,800,True,150.0,31.07,0.57
48.1,-4.41787,5,800,True,150.0,31.07,0.57
48.1,-4.21787,5,800,True,150.0,31.07,0.57
48.1,-4.11787,5,800,True,150.0,31.07,0.57
48.1,-4.01787,5,800,True,150.0,31.07,0.57
48.1,-3.91787,5,800,True,150.0,31.07,0.57
48.1,-3.81787,5,800,True,150.0,31.07,0.57
48.1,-3.71787,5,800,True,150.0,31.07,0.57
48.1,-3.61787,5,800,True,150.0,31.07,0.57
48.1,-3.51787,5,800,True,150.0,31.07,0.57
48.1,-3.41787,5,800,True,150.0,31.07,0.57
48.1,-3.31787,5,800,True,150.0,31.07,0.57
48.1,-3.21787,5,800,True,150.0,31.07,0.57
48.1,-3.11787,5,800,True,150.0,31.07,0.57
48.1,-3.01787,5,800,True,150.0,31.07,0.57
48.1,-2.91787,5,800,True,150.0,31.07,0.57
48.1,-2.81787,5,800,True,150.0,31.07,0.57
48.1,-2.71787,5,800,True,150.0,31.07,0.57
48.1,-2.61787,5,800,True,150.0,31.07,0.57
48.1,-2.51787,5,800,True,150.0,31.07,0.57
48.1,-2.41787,5,800,True,150.0,31.07,0.57
48.1,-2.31787,5,800,True,150.0,31.07,0.57
48.1,-2.21787,5,800,True,150.0,31.07,0.57
48.1,-2.11787,5,800,True,150.0,31.07,0.57
48.1,-2.01787,5,800,True,150.0,31.07,0.57
48.1,-1.91787,5,800,True,150.0,31.07,0.57
48.1,-1.81787,5,800,True,150.0,31.07,0.57
48.1,-1.71787,5,800,True,150.0,31.07,0.57
48.1,-1.61787,5,800,True,150.0,31.07,0.57
48.1,-1.51787,5,800,True,150.0,31.07,0.57
48.1,-1.41787,5,800,True,150.0,31.07,0.57
48.1,-1.31787,5,800,True,150.0,31.07,0.57
48.1,-1.21787,5,800,True,150.0,31.07,0.57
48.1,-1.11787,5,800,True,150.0,31.07,0.57
48.1,-1.01787,5,800,True,150.0,31.07,0.57
48.1,-0.91787,5,800,True,150.0,31.07,0.57
48.1,-0.81787,5,800,True,150.0,31.07,0.57
48.1,-0.71787,5,800,True,150.0,31.07,0.57
48.1,-0.61787,5,800,True,150.0,31.07,0.57
48.1,-0.51787,5,800,True,150.0,31.07,0.57
48.1,-0.41787,5,800,True,150.0,31.07,0.57
48.1,-0.31787,5,800,True,150.0,31.07,0.57
48.1,-0.21787,5,800,True,150.0,31.07,0.57
48.1,-0.11787,5,800,True,150.0,31.07,0.57
48.1,-0.01787,5,800,True,150.0,31.07,0.57
48.2,6.98213,0,800,True,150.0,31.07,0.57
48.2,7.08213,1,800,True,150.0,31.07,0.57
48.2,7.18213,1,800,True,150.0,31.07,0.57
48.2,7.28213,1,800,True,150.0,31.07,0.57
48.2,7.38213,1,800,True,150.0,31.07,0.57
48.2,7.48213,1,800,True,150.0,31.07,0.57
48.2,7.58213,1,800,True,150.0,31.07,0.57
48.2,0.18213,0,800,True,150.0,31.07,0.57
48.2,0.28213,0,800,True,150.0,31.07,0.57
48.2,0.38213,0,800,True,150.0,31.07,0.57
48.2,0.48213,0,800,True,150.0,31.07,0.57
48.2,0.58213,0,800,True,150.0,31.07,0.57
48.2,0.68213,0,800,True,150.0,31.07,0.57
48.2,0.78213,0,800,True,150.0,31.07,0.57
48.2,0.88213,0,800,True,150.0,31.07,0.57
48.2,0.98213,0,800,True,150.0,31.07,0.57
48.2,1.08213,0,800,True,150.0,31.07,0.57
48.2,1.18213,0,800,True,150.0,31.07,0.57
48.2,1.28213,0,800,True,150.0,31.07,0.57
48.2,1.38213,0,800,True,150.0,31.07,0.57
48.2,1.48213,0,800,True,150.0,31.07,0.57
48.2,1.58213,0,800,True,150.0,31.07,0.57
48.2,1.68213,0,800,True,150.0,31.07,0.57
48.2,1.78213,0,800,True,150.0,31.07,0.57
48.2,1.88213,0,800,True,150.0,31.07,0.57
48.2,1.98213,0,800,True,150.0,31.07,0.57
48.2,2.08213,0,800,True,150.0,31.07,0.57
48.2,2.18213,0,800,True,150.0,31.07,0.57
48.2,2.28213,0,800,True,150.0,31.07,0.57
48.2,2.38213,0,800,True,150.0,31.07,0.57
48.2,2.48213,0,800,True,150.0,31.07,0.57
48.2,2.58213,0,800,True,150.0,31.07,0.57
48.2,2.68213,0,800,True,150.0,31.07,0.57
48.2,2.78213,0,800,True,150.0,31.07,0.57
48.2,2.88213,0,800,True,150.0,31.07,0.57
48.2,2.98213,0,800,True,150.0,31.07,0.57
48.2,3.08213,0,800,True,150.0,31.07,0.57
48.2,3.18213,0,800,True,150.0,31.07,0.57
48.2,3.28213,0,800,True,150.0,31.07,0.57
48.2,3.38213,0,800,True,150.0,31.07,0.57
48.2,3.48213,0,800,True,150.0,31.07,0.57
48.2,3.58213,0,800,True,150.0,31.07,0.57
48.2,3.68213,0,800,True,150.0,31.07,0.57
48.2,3.78213,0,800,True,150.0,31.07,0.57
48.2,3.88213,0,800,True,150.0,31.07,0.57
48.2,3.98213,0,800,True,150.0,31.07,0.57
48.2,4.08213,0,800,True,150.0,31.07,0.57
48.2,4.18213,0,800,True,150.0,31.07,0.57
48.2,4.28213,0,800,True,150.0,31.07,0.57
48.2,4.38213,0,800,True,150.0,31.07,0.57
48.2,4.48213,0,800,True,150.0,31.07,0.57
48.2,4.58213,0,800,True,150.0,31.07,0.57
48.2,4.68213,0,800,True,150.0,31.07,0.57
48.2,4.78213,0,800,True,150.0,31.07,0.57
48.2,4.88213,0,800,True,150.0,31.07,0.57
48.2,4.98213,0,800,True,150.0,31.07,0.57
48.2,5.08213,0,800,True,150.0,31.07,0.57
48.2,5.18213,0,800,True,150.0,31.07,0.57
48.2,5.28213,0,800,True,150.0,31.07,0.57
48.2,5.38213,0,800,True,150.0,31.07,0.57
48.2,5.48213,0,800,True,150.0,31.07,0.57
48.2,5.58213,0,800,True,150.0,31.07,0.57
48.2,5.68213,0,800,True,150.0,31.07,0.57
48.2,5.78213,0,800,True,150.0,31.07,0.57
48.2,5.88213,0,800,True,150.0,31.07,0.57
48.2,5.98213,0,800,True,150.0,31.07,0.57
48.2,6.08213,0,800,True,150.0,31.07,0.57
48.2,6.18213,0,800,True,150.0,31.07,0.57
48.2,6.28213,0,800,True,150.0,31.07,0.57
48.2,6.38213,0,800,True,150.0,31.07,0.57
48.2,6.48213,0,800,True,150.0,31.07,0.57
48.2,6.58213,0,800,True,150.0,31.07,0.57
48.2,6.68213,0,800,True,150.0,31.07,0.57
48.2,6.78213,0,800,True,150.0,31.07,0.57
48.2,6.88213,0,800,True,150.0,31.07,0.57
48.2,-4.51787,5,800,True,150.0,31.07,0.57
48.2,-4.21787,5,800,True,150.0,31.07,0.57
48.2,-4.11787,5,800,True,150.0,31.07,0.57
48.2,-4.01787,5,800,True,150.0,31.07,0.57
48.2,-3.91787,5,800,True,150.0,31.07,0.57
48.2,-3.81787,5,800,True,150.0,31.07,0.57
48.2,-3.71787,5,800,True,150.0,31.07,0.57
48.2,-3.61787,5,800,True,150.0,31.07,0.57
48.2,-3.51787,5,800,True,150.0,31.07,0.57
48.2,-3.41787,5,800,True,150.0,31.07,0.57
48.2,-3.31787,5,800,True,150.0,31.07,0.57
48.2,-3.21787,5,800,True,150.0,31.07,0.57
48.2,-3.11787,5,800,True,150.0,31.07,0.57
48.2,-3.01787,5,800,True,150.0,31.07,0.57
48.2,-2.91787,5,800,True,150.0,31.07,0.57
48.2,-2.81787,5,800,True,150.0,31.07,0.57
48.2,-2.71787,5,800,True,150.0,31.07,0.57
48.2,-2.61787,5,800,True,150.0,31.07,0.57
48.2,-2.51787,5,800,True,150.0,31.07,0.57
48.2,-2.41787,5,800,True,150.0,31.07,0.57
48.2,-2.31787,5,800,True,150.0,31.07,0.57
48.2,-2.21787,5,800,True,150.0,31.07,0.57
48.2,-2.11787,5,800,True,150.0,31.07,0.57
48.2,-2.01787,5,800,True,150.0,31.07,0.57
48.2,-1.91787,5,800,True,150.0,31.07,0.57
48.2,-1.81787,5,800,True,150.0,31.07,0.57
48.2,-1.71787,5,800,True,150.0,31.07,0.57
48.2,-1.61787,5,800,True,150.0,31.07,0.57
48.2,-1.51787,5,800,True,150.0,31.07,0.57
48.2,-1.41787,5,800,True,150.0,31.07,0.57
48.2,-1.31787,5,800,True,150.0,31.07,0.57
48.2,-1.21787,5,800,True,150.0,31.07,0.57
48.2,-1.11787,5,800,True,150.0,31.07,0.57
48.2,-1.01787,5,800,True,150.0,31.07,0.57
48.2,-0.91787,5,800,True,150.0,31.07,0.57
48.2,-0.81787,5,800,True,150.0,31.07,0.57
48.2,-0.71787,5,800,True,150.0,31.07,0.57
48.2,-0.61787,5,800,True,150.0,31.07,0.57
48.2,-0.51787,5,800,True,150.0,31.07,0.57
48.2,-0.41787,5,800,True,150.0,31.07,0.57
48.2,-0.31787,5,800,True,150.0,31.07,0.57
48.2,-0.21787,5,800,True,150.0,31.07,0.57
48.2,-0.11787,5,800,True,150.0,31.07,0.57
48.2,-0.01787,5,800,True,150.0,31.07,0.57
48.2,0.08213,5,800,True,150.0,31.07,0.57
48.3,6.78213,0,800,True,150.0,31.07,0.57
48.3,6.88213,0,800,True,150.0,31.07,0.57
48.3,6.98213,0,800,True,150.0,31.07,0.57
48.3,7.08213,1,800,True,150.0,31.07,0.57
48.3,7.18213,1,800,True,150.0,31.07,0.57
48.3,7.28213,1,800,True,150.0,31.07,0.57
48.3,7.38213,1,800,True,150.0,31.07,0.57
48.3,7.48213,1,800,True,150.0,31.07,0.57
48.3,7.58213,1,800,True,150.0,31.07,0.57
48.3,7.68213,1,800,True,150.0,31.07,0.57
48.3,0.28213,0,800,True,150.0,31.07,0.57
48.3,0.38213,0,800,True,150.0,31.07,0.57
48.3,0.48213,0,800,True,150.0,31.07,0.57
48.3,0.58213,0,800,True,150.0,31.07,0.57
48.3,0.68213,0,800,True,150.0,31.07,0.57
48.3,0.78213,0,800,True,150.0,31.07,0.57
48.3,0.88213,0,800,True,150.0,31.07,0.57
48.3,0.98213,0,800,True,150.0,31.07,0.57
48.3,1.08213,0,800,True,150.0,31.07,0.57
48.3,1.18213,0,800,True,150.0,31.07,0.57
48.3,1.28213,0,800,True,150.0,31.07,0.57
48.3,1.38213,0,800,True,150.0,31.07,0.57
48.3,1.48213,0,800,True,150.0,31.07,0.57
48.3,1.58213,0,800,True,150.0,31.07,0.57
48.3,1.68213,0,800,True,150.0,31.07,0.57
48.3,1.78213,0,800,True,150.0,31.07,0.57
48.3,1.88213,0,800,True,150.0,31.07,0.57
48.3,1.98213,0,800,True,150.0,31.07,0.57
48.3,2.08213,0,800,True,150.0,31.07,0.57
48.3,2.18213,0,800,True,150.0,31.07,0.57
48.3,2.28213,0,800,True,150.0,31.07,0.57
48.3,2.38213,0,800,True,150.0,31.07,0.57
48.3,2.48213,0,800,True,150.0,31.07,0.57
48.3,2.58213,0,800,True,150.0,31.07,0.57
48.3,2.68213,0,800,True,150.0,31.07,0.57
48.3,2.78213,0,800,True,150.0,31.07,0.57
48.3,2.88213,0,800,True,150.0,31.07,0.57
48.3,2.98213,0,800,True,150.0,31.07,0.57
48.3,3.08213,0,800,True,150.0,31.07,0.57
48.3,3.18213,0,800,True,150.0,31.07,0.57
48.3,3.28213,0,800,True,150.0,31.07,0.57
48.3,3.38213,0,800,True,150.0,31.07,0.57
48.3,3.48213,0,800,True,150.0,31.07,0.57
48.3,3.58213,0,800,True,150.0,31.07,0.57
48.3,3.68213,0,800,True,150.0,31.07,0.57
48.3,3.78213,0,800,True,150.0,31.07,0.57
48.3,3.88213,0,800,True,150.0,31.07,0.57
48.3,3.98213,0,800,True,150.0,31.07,0.57
48.3,4.08213,0,800,True,150.0,31.07,0.57
48.3,4.18213,0,800,True,150.0,31.07,0.57
48.3,4.28213,0,800,True,150.0,31.07,0.57
48.3,4.38213,0,800,True,150.0,31.07,0.57
48.3,4.48213,0,800,True,150.0,31.07,0.57
48.3,4.58213,0,800,True,150.0,31.07,0.57
48.3,4.68213,0,800,True,150.0,31.07,0.57
48.3,4.78213,0,800,True,150.0,31.07,0.57
48.3,4.88213,0,800,True,150.0,31.07,0.57
48.3,4.98213,0,800,True,150.0,31.07,0.57
48.3,5.08213,0,800,True,150.0,31.07,0.57
48.3,5.18213,0,800,True,150.0,31.07,0.57
48.3,5.28213,0,800,True,150.0,31.07,0.57
48.3,5.38213,0,800,True,150.0,31.07,0.57
48.3,5.48213,0,800,True,150.0,31.07,0.57
48.3,5.58213,0,800,True,150.0,31.07,0.57
48.3,5.68213,0,800,True,150.0,31.07,0.57
48.3,5.78213,0,800,True,150.0,31.07,0.57
48.3,5.88213,0,800,True,150.0,31.07,0.57
48.3,5.98213,0,800,True,150.0,31.07,0.57
48.3,6.08213,0,800,True,150.0,31.07,0.57
48.3,6.18213,0,800,True,150.0,31.07,0.57
48.3,6.28213,0,800,True,150.0,31.07,0.57
48.3,6.38213,0,800,True,150.0,31.07,0.57
48.3,6.48213,0,800,True,150.0,31.07,0.57
48.3,6.58213,0,800,True,150.0,31.07,0.57
48.3,6.68213,0,800,True,150.0,31.07,0.57
48.3,-4.51787,5,800,True,150.0,31.07,0.57
48.3,-4.11787,5,800,True,150.0,31.07,0.57
48.3,-4.01787,5,800,True,150.0,31.07,0.57
48.3,-3.91787,5,800,True,150.0,31.07,0.57
48.3,-3.81787,5,800,True,150.0,31.07,0.57
48.3,-3.71787,5,800,True,150.0,31.07,0.57
48.3,-3.61787,5,800,True,150.0,31.07,0.57
48.3,-3.51787,5,800,True,150.0,31.07,0.57
48.3,-3.41787,5,800,True,150.0,31.07,0.57
48.3,-3.31787,5,800,True,150.0,31.07,0.57
48.3,-3.21787,5,800,True,150.0,31.07,0.57
48.3,-3.11787,5,800,True,150.0,31.07,0.57
48.3,-3.01787,5,800,True,150.0,31.07,0.57
48.3,-2.91787,5,800,True,150.0,31.07,0.57
48.3,-2.81787,5,800,True,150.0,31.07,0.57
48.3,-2.71787,5,800,True,150.0,31.07,0.57
48.3,-2.61787,5,800,True,150.0,31.07,0.57
48.3,-2.51787,5,800,True,150.0,31.07,0.57
48.3,-2.41787,5,800,True,150.0,31.07,0.57
48.3,-2.31787,5,800,True,150.0,31.07,0.57
48.3,-2.21787,5,800,True,150.0,31.07,0.57
48.3,-2.11787,5,800,True,150.0,31.07,0.57
48.3,-2.01787,5,800,True,150.0,31.07,0.57
48.3,-1.91787,5,800,True,150.0,31.07,0.57
48.3,-1.81787,5,800,True,150.0,31.07,0.57
48.3,-1.71787,5,800,True,150.0,31.07,0.57
48.3,-1.61787,5,800,True,150.0,31.07,0.57
48.3,-1.51787,5,800,True,150.0,31.07,0.57
48.3,-1.41787,5,800,True,150.0,31.07,0.57
48.3,-1.31787,5,800,True,150.0,31.07,0.57
48.3,-1.21787,5,800,True,150.0,31.07,0.57
48.3,-1.11787,5,800,True,150.0,31.07,0.57
48.3,-1.01787,5,800,True,150.0,31.07,0.57
48.3,-0.91787,5,800,True,150.0,31.07,0.57
48.3,-0.81787,5,800,True,150.0,31.07,0.57
48.3,-0.71787,5,800,True,150.0,31.07,0.57
48.3,-0.61787,5,800,True,150.0,31.07,0.57
48.3,-0.51787,5,800,True,150.0,31.07,0.57
48.3,-0.41787,5,800,True,150.0,31.07,0.57
48.3,-0.31787,5,800,True,150.0,31.07,0.57
48.3,-0.21787,5,800,True,150.0,31.07,0.57
48.3,-0.11787,5,800,True,150.0,31.07,0.57
48.3,-0.01787,5,800,True,150.0,31.07,0.57
48.3,0.08213,5,800,True,150.0,31.07,0.57
48.3,0.18213,5,800,True,150.0,31.07,0.57
48.4,6.68213,0,800,True,150.0,31.07,0.57
48.4,6.78213,0,800,True,150.0,31.07,0.57
48.4,6.88213,0,800,True,150.0,31.07,0.57
48.4,6.98213,0,800,True,150.0,31.07,0.57
48.4,7.08213,0,800,True,150.0,31.07,0.57
48.4,7.18213,1,800,True,150.0,31.07,0.57
48.4,7.28213,1,800,True,150.0,31.07,0.57
48.4,7.38213,1,800,True,150.0,31.07,0.57
48.4,7.48213,1,800,True,150.0,31.07,0.57
48.4,7.58213,1,800,True,150.0,31.07,0.57
48.4,7.68213,1,800,True,150.0,31.07,0.57
48.4,0.48213,0,800,True,150.0,31.07,0.57
48.4,0.58213,0,800,True,150.0,31.07,0.57
48.4,0.68213,0,800,True,150.0,31.07,0.57
48.4,0.78213,0,800,True,150.0,31.07,0.57
48.4,0.88213,0,800,True,150.0,31.07,0.57
48.4,0.98213,0,800,True,150.0,31.07,0.57
48.4,1.08213,0,800,True,150.0,31.07,0.57
48.4,1.18213,0,800,True,150.0,31.07,0.57
48.4,1.28213,0,800,True,150.0,31.07,0.57
48.4,1.38213,0,800,True,150.0,31.07,0.57
48.4,1.48213,0,800,True,150.0,31.07,0.57
48.4,1.58213,0,800,True,150.0,31.07,0.57
48.4,1.68213,0,800,True,150.0,31.07,0.57
48.4,1.78213,0,800,True,150.0,31.07,0.57
48.4,1.88213,0,800,True,150.0,31.07,0.57
48.4,1.98213,0,800,True,150.0,31.07,0.57
48.4,2.08213,0,800,True,150.0,31.07,0.57
48.4,2.18213,0,800,True,150.0,31.07,0.57
48.4,2.28213,0,800,True,150.0,31.07,0.57
48.4,2.38213,0,800,True,150.0,31.07,0.57
48.4,2.48213,0,800,True,150.0,31.07,0.57
48.4,2.58213,0,800,True,150.0,31.07,0.57
48.4,2.68213,0,800,True,150.0,31.07,0.57
48.4,2.78213,0,800,True,150.0,31.07,0.57
48.4,2.88213,0,800,True,150.0,31.07,0.57
48.4,2.98213,0,800,True,150.0,31.07,0.57
48.4,3.08213,0,800,True,150.0,31.07,0.57
48.4,3.18213,0,800,True,150.0,31.07,0.57
48.4,3.28213,0,800,True,150.0,31.07,0.57
48.4,3.38213,0,800,True,150.0,31.07,0.57
48.4,3.48213,0,800,True,150.0,31.07,0.57
48.4,3.58213,0,800,True,150.0,31.07,0.57
48.4,3.68213,0,800,True,150.0,31.07,0.57
48.4,3.78213,0,800,True,150.0,31.07,0.57
48.4,3.88213,0,800,True,150.0,31.07,0.57
48.4,3.98213,0,800,True,150.0,31.07,0.57
48.4,4.08213,0,800,True,150.0,31.07,0.57
48.4,4.18213,0,800,True,150.0,31.07,0.57
48.4,4.28213,0,800,True,150.0,31.07,0.57
48.4,4.38213,0,800,True,150.0,31.07,0.57
48.4,4.48213,0,800,True,150.0,31.07,0.57
48.4,4.58213,0,800,True,150.0,31.07,0.57
48.4,4.68213,0,800,True,150.0,31.07,0.57
48.4,4.78213,0,800,True,150.0,31.07,0.57
48.4,4.88213,0,800,True,150.0,31.07,0.57
48.4,4.98213,0,800,True,150.0,31.07,0.57
48.4,5.08213,0,800,True,150.0,31.07,0.57
48.4,5.18213,0,800,True,150.0,31.07,0.57
48.4,5.28213,0,800,True,150.0,31.07,0.57
48.4,5.38213,0,800,True,150.0,31.07,0.57
48.4,5.48213,0,800,True,150.0,31.07,0.57
48.4,5.58213,0,800,True,150.0,31.07,0.57
48.4,5.68213,0,800,True,150.0,31.07,0.57
48.4,5.78213,0,800,True,150.0,31.07,0.57
48.4,5.88213,0,800,True,150.0,31.07,0.57
48.4,5.98213,0,800,True,150.0,31.07,0.57
48.4,6.08213,0,800,True,150.0,31.07,0.57
48.4,6.18213,0,800,True,150.0,31.07,0.57
48.4,6.28213,0,800,True,150.0,31.07,0.57
48.4,6.38213,0,800,True,150.0,31.07,0.57
48.4,6.48213,0,800,True,150.0,31.07,0.57
48.4,6.58213,0,800,True,150.0,31.07,0.57
48.4,-4.71787,5,800,True,150.0,31.07,0.57
48.4,-4.61787,5,800,True,150.0,31.07,0.57
48.4,-4.51787,5,800,True,150.0,31.07,0.57
48.4,-4.41787,5,800,True,150.0,31.07,0.57
48.4,-4.31787,5,800,True,150.0,31.07,0.57
48.4,-4.21787,5,800,True,150.0,31.07,0.57
48.4,-4.11787,5,800,True,150.0,31.07,0.57
48.4,-4.01787,5,800,True,150.0,31.07,0.57
48.4,-3.91787,5,800,True,150.0,31.07,0.57
48.4,-3.81787,5,800,True,150.0,31.07,0.57
48.4,-3.71787,5,800,True,150.0,31.07,0.57
48.4,-3.61787,5,800,True,150.0,31.07,0.57
48.4,-3.51787,5,800,True,150.0,31.07,0.57
48.4,-3.41787,5,800,True,150.0,31.07,0.57
48.4,-3.31787,5,800,True,150.0,31.07,0.57
48.4,-3.21787,5,800,True,150.0,31.07,0.57
48.4,-3.11787,5,800,True,150.0,31.07,0.57
48.4,-3.01787,5,800,True,150.0,31.07,0.57
48.4,-2.91787,5,800,True,150.0,31.07,0.57
48.4,-2.81787,5,800,True,150.0,31.07,0.57
48.4,-2.71787,5,800,True,150.0,31.07,0.57
48.4,-2.61787,5,800,True,150.0,31.07,0.57
48.4,-2.51787,5,800,True,150.0,31.07,0.57
48.4,-2.41787,5,800,True,150.0,31.07,0.57
48.4,-2.31787,5,800,True,150.0,31.07,0.57
48.4,-2.21787,5,800,True,150.0,31.07,0.57
48.4,-2.11787,5,800,True,150.0,31.07,0.57
48.4,-2.01787,5,800,True,150.0,31.07,0.57
48.4,-1.91787,5,800,True,150.0,31.07,0.57
48.4,-1.81787,5,800,True,150.0,31.07,0.57
48.4,-1.71787,5,800,True,150.0,31.07,0.57
48.4,-1.61787,5,800,True,150.0,31.07,0.57
48.4,-1.51787,5,800,True,150.0,31.07,0.57
48.4,-1.41787,5,800,True,150.0,31.07,0.57
48.4,-1.31787,5,800,True,150.0,31.07,0.57
48.4,-1.21787,5,800,True,150.0,31.07,0.57
48.4,-1.11787,5,800,True,150.0,31.07,0.57
48.4,-1.01787,5,800,True,150.0,31.07,0.57
48.4,-0.91787,5,800,True,150.0,31.07,0.57
48.4,-0.81787,5,800,True,150.0,31.07,0.57
48.4,-0.71787,5,800,True,150.0,31.07,0.57
48.4,-0.61787,5,800,True,150.0,31.07,0.57
48.4,-0.51787,5,800,True,150.0,31.07,0.57
48.4,-0.41787,5,800,True,150.0,31.07,0.57
48.4,-0.31787,5,800,True,150.0,31.07,0.57
48.4,-0.21787,5,800,True,150.0,31.07,0.57
48.4,-0.11787,5,800,True,150.0,31.07,0.57
48.4,-0.01787,5,800,True,150.0,31.07,0.57
48.4,0.08213,5,800,True,150.0,31.07,0.57
48.4,0.18213,5,800,True,150.0,31.07,0.57
48.4,0.28213,5,800,True,150.0,31.07,0.57
48.4,0.38213,5,800,True,150.0,31.07,0.57
48.5,6.58213,0,800,True,150.0,31.07,0.57
48.5,6.68213,0,800,True,150.0,31.07,0.57
48.5,6.78213,0,800,True,150.0,31.07,0.57
48.5,6.88213,0,800,True,150.0,31.07,0.57
48.5,6.98213,0,800,True,150.0,31.07,0.57
48.5,7.08213,0,800,True,150.0,31.07,0.57
48.5,7.18213,0,800,True,150.0,31.07,0.57
48.5,7.28213,1,800,True,150.0,31.07,0.57
48.5,7.38213,1,800,True,150.0,31.07,0.57
48.5,7.48213,1,800,True,150.0,31.07,0.57
48.5,7.58213,1,800,True,150.0,31.07,0.57
48.5,7.68213,1,800,True,150.0,31.07,0.57
48.5,7.78213,1,800,True,150.0,31.07,0.57
48.5,0.38213,0,800,True,150.0,31.07,0.57
48.5,0.48213,0,800,True,150.0,31.07,0.57
48.5,0.58213,0,800,True,150.0,31.07,0.57
48.5,0.68213,0,800,True,150.0,31.07,0.57
48.5,0.78213,0,800,True,150.0,31.07,0.57
48.5,0.88213,0,800,True,150.0,31.07,0.57
48.5,0.98213,0,800,True,150.0,31.07,0.57
48.5,1.08213,0,800,True,150.0,31.07,0.57
48.5,1.18213,0,800,True,150.0,31.07,0.57
48.5,1.28213,0,800,True,150.0,31.07,0.57
48.5,1.38213,0,800,True,150.0,31.07,0.57
48.5,1.48213,0,800,True,150.0,31.07,0.57
48.5,1.58213,0,800,True,150.0,31.07,0.57
48.5,1.68213,0,800,True,150.0,31.07,0.57
48.5,1.78213,0,800,True,150.0,31.07,0.57
48.5,1.88213,0,800,True,150.0,31.07,0.57
48.5,1.98213,0,800,True,150.0,31.07,0.57
48.5,2.08213,0,800,True,150.0,31.07,0.57
48.5,2.18213,0,800,True,150.0,31.07,0.57
48.5,2.28213,0,800,True,150.0,31.07,0.57
48.5,2.38213,0,800,True,150.0,31.07,0.57
48.5,2.48213,0,800,True,150.0,31.07,0.57
48.5,2.58213,0,800,True,150.0,31.07,0.57
48.5,2.68213,0,800,True,150.0,31.07,0.57
48.5,2.78213,0,800,True,150.0,31.07,0.57
48.5,2.88213,0,800,True,150.0,31.07,0.57
48.5,2.98213,0,800,True,150.0,31.07,0.57
48.5,3.08213,0,800,True,150.0,31.07,0.57
48.5,3.18213,0,800,True,150.0,31.07,0.57
48.5,3.28213,0,800,True,150.0,31.07,0.57
48.5,3.38213,0,800,True,150.0,31.07,0.57
48.5,3.48213,0,800,True,150.0,31.07,0.57
48.5,3.58213,0,800,True,150.0,31.07,0.57
48.5,3.68213,0,800,True,150.0,31.07,0.57
48.5,3.78213,0,800,True,150.0,31.07,0.57
48.5,3.88213,0,800,True,150.0,31.07,0.57
48.5,3.98213,0,800,True,150.0,31.07,0.57
48.5,4.08213,0,800,True,150.0,31.07,0.57
48.5,4.18213,0,800,True,150.0,31.07,0.57
48.5,4.28213,0,800,True,150.0,31.07,0.57
48.5,4.38213,0,800,True,150.0,31.07,0.57
48.5,4.48213,0,800,True,150.0,31.07,0.57
48.5,4.58213,0,800,True,150.0,31.07,0.57
48.5,4.68213,0,800,True,150.0,31.07,0.57
48.5,4.78213,0,800,True,150.0,31.07,0.57
48.5,4.88213,0,800,True,150.0,31.07,0.57
48.5,4.98213,0,800,True,150.0,31.07,0.57
48.5,5.08213,0,800,True,150.0,31.07,0.57
48.5,5.18213,0,800,True,150.0,31.07,0.57
48.5,5.28213,0,800,True,150.0,31.07,0.57
48.5,5.38213,0,800,True,150.0,31.07,0.57
48.5,5.48213,0,800,True,150.0,31.07,0.57
48.5,5.58213,0,800,True,150.0,31.07,0.57
48.5,5.68213,0,800,True,150.0,31.07,0.57
48.5,5.78213,0,800,True,150.0,31.07,0.57
48.5,5.88213,0,800,True,150.0,31.07,0.57
48.5,5.98213,0,800,True,150.0,31.07,0.57
48.5,6.08213,0,800,True,150.0,31.07,0.57
48.5,6.18213,0,800,True,150.0,31.07,0.57
48.5,6.28213,0,800,True,150.0,31.07,0.57
48.5,6.38213,0,800,True,150.0,31.07,0.57
48.5,6.48213,0,800,True,150.0,31.07,0.57
48.5,-4.71787,5,800,True,150.0,31.07,0.57
48.5,-4.61787,5,800,True,150.0,31.07,0.57
48.5,-4.51787,5,800,True,150.0,31.07,0.57
48.5,-4.41787,5,800,True,150.0,31.07,0.57
48.5,-4.31787,5,800,True,150.0,31.07,0.57
48.5,-4.21787,5,800,True,150.0,31.07,0.57
48.5,-4.11787,5,800,True,150.0,31.07,0.57
48.5,-4.01787,5,800,True,150.0,31.07,0.57
48.5,-3.91787,5,800,True,150.0,31.07,0.57
48.5,-3.81787,5,800,True,150.0,31.07,0.57
48.5,-3.71787,5,800,True,150.0,31.07,0.57
48.5,-3.61787,5,800,True,150.0,31.07,0.57
48.5,-3.51787,5,800,True,150.0,31.07,0.57
48.5,-3.41787,5,800,True,150.0,31.07,0.57
48.5,-3.31787,5,800,True,150.0,31.07,0.57
48.5,-3.21787,5,800,True,150.0,31.07,0.57
48.5,-3.11787,5,800,True,150.0,31.07,0.57
48.5,-3.01787,5,800,True,150.0,31.07,0.57
48.5,-2.91787,5,800,True,150.0,31.07,0.57
48.5,-2.81787,5,800,True,150.0,31.07,0.57
48.5,-2.71787,5,800,True,150.0,31.07,0.57
48.5,-2.61787,5,800,True,150.0,31.07,0.57
48.5,-2.51787,5,800,True,150.0,31.07,0.57
48.5,-2.41787,5,800,True,150.0,31.07,0.57
48.5,-2.31787,5,800,True,150.0,31.07,0.57
48.5,-2.21787,5,800,True,150.0,31.07,0.57
48.5,-2.11787,5,800,True,150.0,31.07,0.57
48.5,-2.01787,5,800,True,150.0,31.07,0.57
48.5,-1.91787,5,800,True,150.0,31.07,0.57
48.5,-1.81787,5,800,True,150.0,31.07,0.57
48.5,-1.71787,5,800,True,150.0,31.07,0.57
48.5,-1.61787,5,800,True,150.0,31.07,0.57
48.5,-1.51787,5,800,True,150.0,31.07,0.57
48.5,-1.41787,5,800,True,150.0,31.07,0.57
48.5,-1.31787,5,800,True,150.0,31.07,0.57
48.5,-1.21787,5,800,True,150.0,31.07,0.57
48.5,-1.11787,5,800,True,150.0,31.07,0.57
48.5,-1.01787,5,800,True,150.0,31.07,0.57
48.5,-0.91787,5,800,True,150.0,31.07,0.57
48.5,-0.81787,5,800,True,150.0,31.07,0.57
48.5,-0.71787,5,800,True,150.0,31.07,0.57
48.5,-0.61787,5,800,True,150.0,31.07,0.57
48.5,-0.51787,5,800,True,150.0,31.07,0.57
48.5,-0.41787,5,800,True,150.0,31.07,0.57
48.5,-0.31787,5,800,True,150.0,31.07,0.57
48.5,-0.21787,5,800,True,150.0,31.07,0.57
48.5,-0.11787,5,800,True,150.0,31.07,0.57
48.5,-0.01787,5,800,True,150.0,31.07,0.57
48.5,0.08213,5,800,True,150.0,31.07,0.57
48.5,0.18213,5,800,True,150.0,31.07,0.57
48.5,0.28213,5,800,True,150.0,31.07,0.57
48.6,6.38213,0,800,True,150.0,31.07,0.57
48.6,6.48213,0,800,True,150.0,31.07,0.57
48.6,6.58213,0,800,True,150.0,31.07,0.57
48.6,6.68213,0,800,True,150.0,31.07,0.57
48.6,6.78213,0,800,True,150.0,31.07,0.57
48.6,6.88213,0,800,True,150.0,31.07,0.57
48.6,6.98213,0,800,True,150.0,31.07,0.57
48.6,7.08213,0,800,True,150.0,31.07,0.57
48.6,7.18213,0,800,True,150.0,31.07,0.57
48.6,7.28213,1,800,True,150.0,31.07,0.57
48.6,7.38213,1,800,True,150.0,31.07,0.57
48.6,7.48213,1,800,True,150.0,31.07,0.57
48.6,7.58213,1,800,True,150.0,31.07,0.57
48.6,7.68213,1,800,True,150.0,31.07,0.57
48.6,7.78213,1,800,True,150.0,31.07,0.57
48.6,0.38213,0,800,True,150.0,31.07,0.57
48.6,0.48213,0,800,True,150.0,31.07,0.57
48.6,0.58213,0,800,True,150.0,31.07,0.57
48.6,0.68213,0,800,True,150.0,31.07,0.57
48.6,0.78213,0,800,True,150.0,31.07,0.57
48.6,0.88213,0,800,True,150.0,31.07,0.57
48.6,0.98213,0,800,True,150.0,31.07,0.57
48.6,1.08213,0,800,True,150.0,31.07,0.57
48.6,1.18213,0,800,True,150.0,31.07,0.57
48.6,1.28213,0,800,True,150.0,31.07,0.57
48.6,1.38213,0,800,True,150.0,31.07,0.57
48.6,1.48213,0,800,True,150.0,31.07,0.57
48.6,1.58213,0,800,True,150.0,31.07,0.57
48.6,1.68213,0,800,True,150.0,31.07,0.57
48.6,1.78213,0,800,True,150.0,31.07,0.57
48.6,1.88213,0,800,True,150.0,31.07,0.57
48.6,1.98213,0,800,True,150.0,31.07,0.57
48.6,2.08213,0,800,True,150.0,31.07,0.57
48.6,2.18213,0,800,True,150.0,31.07,0.57
48.6,2.28213,0,800,True,150.0,31.07,0.57
48.6,2.38213,0,800,True,150.0,31.07,0.57
48.6,2.48213,0,800,True,150.0,31.07,0.57
48.6,2.58213,0,800,True,150.0,31.07,0.57
48.6,2.68213,0,800,True,150.0,31.07,0.57
48.6,2.78213,0,800,True,150.0,31.07,0.57
48.6,2.88213,0,800,True,150.0,31.07,0.57
48.6,2.98213,0,800,True,150.0,31.07,0.57
48.6,3.08213,0,800,True,150.0,31.07,0.57
48.6,3.18213,0,800,True,150.0,31.07,0.57
48.6,3.28213,0,800,True,150.0,31.07,0.57
48.6,3.38213,0,800,True,150.0,31.07,0.57
48.6,3.48213,0,800,True,150.0,31.07,0.57
48.6,3.58213,0,800,True,150.0,31.07,0.57
48.6,3.68213,0,800,True,150.0,31.07,0.57
48.6,3.78213,0,800,True,150.0,31.07,0.57
48.6,3.88213,0,800,True,150.0,31.07,0.57
48.6,3.98213,0,800,True,150.0,31.07,0.57
48.6,4.08213,0,800,True,150.0,31.07,0.57
48.6,4.18213,0,800,True,150.0,31.07,0.57
48.6,4.28213,0,800,True,150.0,31.07,0.57
48.6,4.38213,0,800,True,150.0,31.07,0.57
48.6,4.48213,0,800,True,150.0,31.07,0.57
48.6,4.58213,0,800,True,150.0,31.07,0.57
48.6,4.68213,0,800,True,150.0,31.07,0.57
48.6,4.78213,0,800,True,150.0,31.07,0.57
48.6,4.88213,0,800,True,150.0,31.07,0.57
48.6,4.98213,0,800,True,150.0,31.07,0.57
48.6,5.08213,0,800,True,150.0,31.07,0.57
48.6,5.18213,0,800,True,150.0,31.07,0.57
48.6,5.28213,0,800,True,150.0,31.07,0.57
48.6,5.38213,0,800,True,150.0,31.07,0.57
48.6,5.48213,0,800,True,150.0,31.07,0.57
48.6,5.58213,0,800,True,150.0,31.07,0.57
48.6,5.68213,0,800,True,150.0,31.07,0.57
48.6,5.78213,0,800,True,150.0,31.07,0.57
48.6,5.88213,0,800,True,150.0,31.07,0.57
48.6,5.98213,0,800,True,150.0,31.07,0.57
48.6,6.08213,0,800,True,150.0,31.07,0.57
48.6,6.18213,0,800,True,150.0,31.07,0.57
48.6,6.28213,0,800,True,150.0,31.07,0.57
48.6,-4.51787,5,800,True,150.0,31.07,0.57
48.6,-4.41787,5,800,True,150.0,31.07,0.57
48.6,-4.31787,5,800,True,150.0,31.07,0.57
48.6,-4.21787,5,800,True,150.0,31.07,0.57
48.6,-4.11787,5,800,True,150.0,31.07,0.57
48.6,-4.01787,5,800,True,150.0,31.07,0.57
48.6,-3.91787,5,800,True,150.0,31.07,0.57
48.6,-3.81787,5,800,True,150.0,31.07,0.57
48.6,-3.71787,5,800,True,150.0,31.07,0.57
48.6,-3.61787,5,800,True,150.0,31.07,0.57
48.6,-3.51787,5,800,True,150.0,31.07,0.57
48.6,-3.41787,5,800,True,150.0,31.07,0.57
48.6,-3.31787,5,800,True,150.0,31.07,0.57
48.6,-3.21787,5,800,True,150.0,31.07,0.57
48.6,-3.11787,5,800,True,150.0,31.07,0.57
48.6,-3.01787,5,800,True,150.0,31.07,0.57
48.6,-2.91787,5,800,True,150.0,31.07,0.57
48.6,-2.51787,5,800,True,150.0,31.07,0.57
48.6,-2.41787,5,800,True,150.0,31.07,0.57
48.6,-2.31787,5,800,True,150.0,31.07,0.57
48.6,-2.11787,5,800,True,150.0,31.07,0.57
48.6,-1.91787,5,800,True,150.0,31.07,0.57
48.6,-1.81787,5,800,True,150.0,31.07,0.57
48.6,-1.71787,5,800,True,150.0,31.07,0.57
48.6,-1.61787,5,800,True,150.0,31.07,0.57
48.6,-1.51787,5,800,True,150.0,31.07,0.57
48.6,-1.41787,5,800,True,150.0,31.07,0.57
48.6,-1.31787,5,800,True,150.0,31.07,0.57
48.6,-1.21787,5,800,True,150.0,31.07,0.57
48.6,-1.11787,5,800,True,150.0,31.07,0.57
48.6,-1.01787,5,800,True,150.0,31.07,0.57
48.6,-0.91787,5,800,True,150.0,31.07,0.57
48.6,-0.81787,5,800,True,150.0,31.07,0.57
48.6,-0.71787,5,800,True,150.0,31.07,0.57
48.6,-0.61787,5,800,True,150.0,31.07,0.57
48.6,-0.51787,5,800,True,150.0,31.07,0.57
48.6,-0.41787,5,800,True,150.0,31.07,0.57
48.6,-0.31787,5,800,True,150.0,31.07,0.57
48.6,-0.21787,5,800,True,150.0,31.07,0.57
48.6,-0.11787,5,800,True,150.0,31.07,0.57
48.6,-0.01787,5,800,True,150.0,31.07,0.57
48.6,0.08213,5,800,True,150.0,31.07,0.57
48.6,0.18213,5,800,True,150.0,31.07,0.57
48.6,0.28213,5,800,True,150.0,31.07,0.57
48.7,6.28213,0,800,True,150.0,31.07,0.57
48.7,6.38213,0,800,True,150.0,31.07,0.57
48.7,6.48213,0,800,True,150.0,31.07,0.57
48.7,6.58213,0,800,True,150.0,31.07,0.57
48.7,6.68213,0,800,True,150.0,31.07,0.57
48.7,6.78213,0,800,True,150.0,31.07,0.57
48.7,6.88213,0,800,True,150.0,31.07,0.57
48.7,6.98213,0,800,True,150.0,31.07,0.57
48.7,7.08213,0,800,True,150.0,31.07,0.57
48.7,7.18213,0,800,True,150.0,31.07,0.57
48.7,7.28213,0,800,True,150.0,31.07,0.57
48.7,7.38213,1,800,True,150.0,31.07,0.57
48.7,7.48213,1,800,True,150.0,31.07,0.57
48.7,7.58213,1,800,True,150.0,31.07,0.57
48.7,7.68213,1,800,True,150.0,31.07,0.57
48.7,7.78213,1,800,True,150.0,31.07,0.57
48.7,7.88213,1,800,True,150.0,31.07,0.57
48.7,0.28213,0,800,True,150.0,31.07,0.57
48.7,0.38213,0,800,True,150.0,31.07,0.57
48.7,0.48213,0,800,True,150.0,31.07,0.57
48.7,0.58213,0,800,True,150.0,31.07,0.57
48.7,0.68213,0,800,True,150.0,31.07,0.57
48.7,0.78213,0,800,True,150.0,31.07,0.57
48.7,0.88213,0,800,True,150.0,31.07,0.57
48.7,0.98213,0,800,True,150.0,31.07,0.57
48.7,1.08213,0,800,True,150.0,31.07,0.57
48.7,1.18213,0,800,True,150.0,31.07,0.57
48.7,1.28213,0,800,True,150.0,31.07,0.57
48.7,1.38213,0,800,True,150.0,31.07,0.57
48.7,1.48213,0,800,True,150.0,31.07,0.57
48.7,1.58213,0,800,True,150.0,31.07,0.57
48.7,1.68213,0,800,True,150.0,31.07,0.57
48.7,1.78213,0,800,True,150.0,31.07,0.57
48.7,1.88213,0,800,True,150.0,31.07,0.57
48.7,1.98213,0,800,True,150.0,31.07,0.57
48.7,2.08213,0,800,True,150.0,31.07,0.57
48.7,2.18213,0,800,True,150.0,31.07,0.57
48.7,2.28213,0,800,True,150.0,31.07,0.57
48.7,2.38213,0,800,True,150.0,31.07,0.57
48.7,2.48213,0,800,True,150.0,31.07,0.57
48.7,2.58213,0,800,True,150.0,31.07,0.57
48.7,2.68213,0,800,True,150.0,31.07,0.57
48.7,2.78213,0,800,True,150.0,31.07,0.57
48.7,2.88213,0,800,True,150.0,31.07,0.57
48.7,2.98213,0,800,True,150.0,31.07,0.57
48.7,3.08213,0,800,True,150.0,31.07,0.57
48.7,3.18213,0,800,True,150.0,31.07,0.57
48.7,3.28213,0,800,True,150.0,31.07,0.57
48.7,3.38213,0,800,True,150.0,31.07,0.57
48.7,3.48213,0,800,True,150.0,31.07,0.57
48.7,3.58213,0,800,True,150.0,31.07,0.57
48.7,3.68213,0,800,True,150.0,31.07,0.57
48.7,3.78213,0,800,True,150.0,31.07,0.57
48.7,3.88213,0,800,True,150.0,31.07,0.57
48.7,3.98213,0,800,True,150.0,31.07,0.57
48.7,4.08213,0,800,True,150.0,31.07,0.57
48.7,4.18213,0,800,True,150.0,31.07,0.57
48.7,4.28213,0,800,True,150.0,31.07,0.57
48.7,4.38213,0,800,True,150.0,31.07,0.57
48.7,4.48213,0,800,True,150.0,31.07,0.57
48.7,4.58213,0,800,True,150.0,31.07,0.57
48.7,4.68213,0,800,True,150.0,31.07,0.57
48.7,4.78213,0,800,True,150.0,31.07,0.57
48.7,4.88213,0,800,True,150.0,31.07,0.57
48.7,4.98213,0,800,True,150.0,31.07,0.57
48.7,5.08213,0,800,True,150.0,31.07,0.57
48.7,5.18213,0,800,True,150.0,31.07,0.57
48.7,5.28213,0,800,True,150.0,31.07,0.57
48.7,5.38213,0,800,True,150.0,31.07,0.57
48.7,5.48213,0,800,True,150.0,31.07,0.57
48.7,5.58213,0,800,True,150.0,31.07,0.57
48.7,5.68213,0,800,True,150.0,31.07,0.57
48.7,5.78213,0,800,True,150.0,31.07,0.57
48.7,5.88213,0,800,True,150.0,31.07,0.57
48.7,5.98213,0,800,True,150.0,31.07,0.57
48.7,6.08213,0,800,True,150.0,31.07,0.57
48.7,6.18213,0,800,True,150.0,31.07,0.57
48.7,-4.01787,5,800,True,150.0,31.07,0.57
48.7,-3.81787,5,800,True,150.0,31.07,0.57
48.7,-3.51787,5,800,True,150.0,31.07,0.57
48.7,-3.41787,5,800,True,150.0,31.07,0.57
48.7,-3.31787,5,800,True,150.0,31.07,0.57
48.7,-3.21787,5,800,True,150.0,31.07,0.57
48.7,-3.11787,5,800,True,150.0,31.07,0.57
48.7,-3.01787,5,800,True,150.0,31.07,0.57
48.7,-2.91787,5,800,True,150.0,31.07,0.57
48.7,-1.41787,5,800,True,150.0,31.07,0.57
48.7,-1.31787,5,800,True,150.0,31.07,0.57
48.7,-1.21787,5,800,True,150.0,31.07,0.57
48.7,-1.11787,5,800,True,150.0,31.07,0.57
48.7,-1.01787,5,800,True,150.0,31.07,0.57
48.7,-0.91787,5,800,True,150.0,31.07,0.57
48.7,-0.81787,5,800,True,150.0,31.07,0.57
48.7,-0.71787,5,800,True,150.0,31.07,0.57
48.7,-0.61787,5,800,True,150.0,31.07,0.57
48.7,-0.51787,5,800,True,150.0,31.07,0.57
48.7,-0.41787,5,800,True,150.0,31.07,0.57
48.7,-0.31787,5,800,True,150.0,31.07,0.57
48.7,-0.21787,5,800,True,150.0,31.07,0.57
48.7,-0.11787,5,800,True,150.0,31.07,0.57
48.7,-0.01787,5,800,True,150.0,31.07,0.57
48.7,0.08213,5,800,True,150.0,31.07,0.57
48.7,0.18213,5,800,True,150.0,31.07,0.57
48.8,6.08213,0,800,True,150.0,31.07,0.57
48.8,6.18213,0,800,True,150.0,31.07,0.57
48.8,6.28213,0,800,True,150.0,31.07,0.57
48.8,6.38213,0,800,True,150.0,31.07,0.57
48.8,6.48213,0,800,True,150.0,31.07,0.57
48.8,6.58213,0,800,True,150.0,31.07,0.57
48.8,6.68213,0,800,True,150.0,31.07,0.57
48.8,6.78213,0,800,True,150.0,31.07,0.57
48.8,6.88213,0,800,True,150.0,31.07,0.57
48.8,6.98213,0,800,True,150.0,31.07,0.57
48.8,7.08213,0,800,True,150.0,31.07,0.57
48.8,7.18213,0,800,True,150.0,31.07,0.57
48.8,7.28213,0,800,True,150.0,31.07,0.57
48.8,7.38213,0,800,True,150.0,31.07,0.57
48.8,7.48213,1,800,True,150.0,31.07,0.57
48.8,7.58213,1,800,True,150.0,31.07,0.57
48.8,7.68213,1,800,True,150.0,31.07,0.57
48.8,7.78213,1,800,True,150.0,31.07,0.57
48.8,7.88213,1,800,True,150.0,31.07,0.57
48.8,7.98213,1,800,True,150.0,31.07,0.57
48.8,0.18213,0,800,True,150.0,31.07,0.57
48.8,0.28213,0,800,True,150.0,31.07,0.57
48.8,0.38213,0,800,True,150.0,31.07,0.57
48.8,0.48213,0,800,True,150.0,31.07,0.57
48.8,0.58213,0,800,True,150.0,31.07,0.57
48.8,0.68213,0,800,True,150.0,31.07,0.57
48.8,0.78213,0,800,True,150.0,31.07,0.57
48.8,0.88213,0,800,True,150.0,31.07,0.57
48.8,0.98213,0,800,True,150.0,31.07,0.57
48.8,1.08213,0,800,True,150.0,31.07,0.57
48.8,1.18213,0,800,True,150.0,31.07,0.57
48.8,1.28213,0,800,True,150.0,31.07,0.57
48.8,1.38213,0,800,True,150.0,31.07,0.57
48.8,1.48213,0,800,True,150.0,31.07,0.57
48.8,1.58213,0,800,True,150.0,31.07,0.57
48.8,1.68213,0,800,True,150.0,31.07,0.57
48.8,1.78213,0,800,True,150.0,31.07,0.57
48.8,1.88213,0,800,True,150.0,31.07,0.57
48.8,1.98213,0,800,True,150.0,31.07,0.57
48.8,2.08213,0,800,True,150.0,31.07,0.57
48.8,2.18213,0,800,True,150.0,31.07,0.57
48.8,2.28213,0,800,True,150.0,31.07,0.57
48.8,2.38213,0,800,True,150.0,31.07,0.57
48.8,2.48213,0,800,True,150.0,31.07,0.57
48.8,2.58213,0,800,True,150.0,31.07,0.57
48.8,2.68213,0,800,True,150.0,31.07,0.57
48.8,2.78213,0,800,True,150.0,31.07,0.57
48.8,2.88213,0,800,True,150.0,31.07,0.57
48.8,2.98213,0,800,True,150.0,31.07,0.57
48.8,3.08213,0,800,True,150.0,31.07,0.57
48.8,3.18213,0,800,True,150.0,31.07,0.57
48.8,3.28213,0,800,True,150.0,31.07,0.57
48.8,3.38213,0,800,True,150.0,31.07,0.57
48.8,3.48213,0,800,True,150.0,31.07,0.57
48.8,3.58213,0,800,True,150.0,31.07,0.57
48.8,3.68213,0,800,True,150.0,31.07,0.57
48.8,3.78213,0,800,True,150.0,31.07,0.57
48.8,3.88213,0,800,True,150.0,31.07,0.57
48.8,3.98213,0,800,True,150.0,31.07,0.57
48.8,4.08213,0,800,True,150.0,31.07,0.57
48.8,4.18213,0,800,True,150.0,31.07,0.57
48.8,4.28213,0,800,True,150.0,31.07,0.57
48.8,4.38213,0,800,True,150.0,31.07,0.57
48.8,4.48213,0,800,True,150.0,31.07,0.57
48.8,4.58213,0,800,True,150.0,31.07,0.57
48.8,4.68213,0,800,True,150.0,31.07,0.57
48.8,4.78213,0,800,True,150.0,31.07,0.57
48.8,4.88213,0,800,True,150.0,31.07,0.57
48.8,4.98213,0,800,True,150.0,31.07,0.57
48.8,5.08213,0,800,True,150.0,31.07,0.57
48.8,5.18213,0,800,True,150.0,31.07,0.57
48.8,5.28213,0,800,True,150.0,31.07,0.57
48.8,5.38213,0,800,True,150.0,31.07,0.57
48.8,5.48213,0,800,True,150.0,31.07,0.57
48.8,5.58213,0,800,True,150.0,31.07,0.57
48.8,5.68213,0,800,True,150.0,31.07,0.57
48.8,5.78213,0,800,True,150.0,31.07,0.57
48.8,5.88213,0,800,True,150.0,31.07,0.57
48.8,5.98213,0,800,True,150.0,31.07,0.57
48.8,-3.51787,5,800,True,150.0,31.07,0.57
48.8,-3.31787,5,800,True,150.0,31.07,0.57
48.8,-3.21787,5,800,True,150.0,31.07,0.57
48.8,-3.11787,5,800,True,150.0,31.07,0.57
48.8,-3.01787,5,800,True,150.0,31.07,0.57
48.8,-1.51787,5,800,True,150.0,31.07,0.57
48.8,-1.41787,5,800,True,150.0,31.07,0.57
48.8,-1.31787,5,800,True,150.0,31.07,0.57
48.8,-1.21787,5,800,True,150.0,31.07,0.57
48.8,-1.11787,5,800,True,150.0,31.07,0.57
48.8,-1.01787,5,800,True,150.0,31.07,0.57
48.8,-0.91787,5,800,True,150.0,31.07,0.57
48.8,-0.81787,5,800,True,150.0,31.07,0.57
48.8,-0.71787,5,800,True,150.0,31.07,0.57
48.8,-0.61787,5,800,True,150.0,31.07,0.57
48.8,-0.51787,5,800,True,150.0,31.07,0.57
48.8,-0.41787,5,800,True,150.0,31.07,0.57
48.8,-0.31787,5,800,True,150.0,31.07,0.57
48.8,-0.21787,5,800,True,150.0,31.07,0.57
48.8,-0.11787,5,800,True,150.0,31.07,0.57
48.8,-0.01787,5,800,True,150.0,31.07,0.57
48.8,0.08213,5,800,True,150.0,31.07,0.57
48.9,5.98213,0,800,True,150.0,31.07,0.57
48.9,6.08213,0,800,True,150.0,31.07,0.57
48.9,6.18213,0,800,True,150.0,31.07,0.57
48.9,6.28213,0,800,True,150.0,31.07,0.57
48.9,6.38213,0,800,True,150.0,31.07,0.57
48.9,6.48213,0,800,True,150.0,31.07,0.57
48.9,6.58213,0,800,True,150.0,31.07,0.57
48.9,6.68213,0,800,True,150.0,31.07,0.57
48.9,6.78213,0,800,True,150.0,31.07,0.57
48.9,6.88213,0,800,True,150.0,31.07,0.57
48.9,6.98213,0,800,True,150.0,31.07,0.57
48.9,7.08213,0,800,True,150.0,31.07,0.57
48.9,7.18213,0,800,True,150.0,31.07,0.57
48.9,7.28213,0,800,True,150.0,31.07,0.57
48.9,7.38213,0,800,True,150.0,31.07,0.57
48.9,7.48213,0,800,True,150.0,31.07,0.57
48.9,7.58213,1,800,True,150.0,31.07,0.57
48.9,7.68213,1,800,True,150.0,31.07,0.57
48.9,7.78213,1,800,True,150.0,31.07,0.57
48.9,7.88213,1,800,True,150.0,31.07,0.57
48.9,7.98213,1,800,True,150.0,31.07,0.57
48.9,8.08213,1,800,True,150.0,31.07,0.57
48.9,0.08213,0,800,True,150.0,31.07,0.57
48.9,0.18213,0,800,True,150.0,31.07,0.57
48.9,0.28213,0,800,True,150.0,31.07,0.57
48.9,0.38213,0,800,True,150.0,31.07,0.57
48.9,0.48213,0,800,True,150.0,31.07,0.57
48.9,0.58213,0,800,True,150.0,31.07,0.57
48.9,0.68213,0,800,True,150.0,31.07,0.57
48.9,0.78213,0,800,True,150.0,31.07,0.57
48.9,0.88213,0,800,True,150.0,31.07,0.57
48.9,0.98213,0,800,True,150.0,31.07,0.57
48.9,1.08213,0,800,True,150.0,31.07,0.57
48.9,1.18213,0,800,True,150.0,31.07,0.57
48.9,1.28213,0,800,True,150.0,31.07,0.57
48.9,1.38213,0,800,True,150.0,31.07,0.57
48.9,1.48213,0,800,True,150.0,31.07,0.57
48.9,1.58213,0,800,True,150.0,31.07,0.57
48.9,1.68213,0,800,True,150.0,31.07,0.57
48.9,1.78213,0,800,True,150.0,31.07,0.57
48.9,1.88213,0,800,True,150.0,31.07,0.57
48.9,1.98213,0,800,True,150.0,31.07,0.57
48.9,2.08213,0,800,True,150.0,31.07,0.57
48.9,2.18213,0,800,True,150.0,31.07,0.57
48.9,2.28213,0,800,True,150.0,31.07,0.57
48.9,2.38213,0,800,True,150.0,31.07,0.57
48.9,2.48213,0,800,True,150.0,31.07,0.57
48.9,2.58213,0,800,True,150.0,31.07,0.57
48.9,2.68213,0,800,True,150.0,31.07,0.57
48.9,2.78213,0,800,True,150.0,31.07,0.57
48.9,2.88213,0,800,True,150.0,31.07,0.57
48.9,2.98213,0,800,True,150.0,31.07,0.57
48.9,3.08213,0,800,True,150.0,31.07,0.57
48.9,3.18213,0,800,True,150.0,31.07,0.57
48.9,3.28213,0,800,True,150.0,31.07,0.57
48.9,3.38213,0,800,True,150.0,31.07,0.57
48.9,3.48213,0,800,True,150.0,31.07,0.57
48.9,3.58213,0,800,True,150.0,31.07,0.57
48.9,3.68213,0,800,True,150.0,31.07,0.57
48.9,3.78213,0,800,True,150.0,31.07,0.57
48.9,3.88213,0,800,True,150.0,31.07,0.57
48.9,3.98213,0,800,True,150.0,31.07,0.57
48.9,4.08213,0,800,True,150.0,31.07,0.57
48.9,4.18213,0,800,True,150.0,31.07,0.57
48.9,4.28213,0,800,True,150.0,31.07,0.57
48.9,4.38213,0,800,True,150.0,31.07,0.57
48.9,4.48213,0,800,True,150.0,31.07,0.57
48.9,4.58213,0,800,True,150.0,31.07,0.57
48.9,4.68213,0,800,True,150.0,31.07,0.57
48.9,4.78213,0,800,True,150.0,31.07,0.57
48.9,4.88213,0,800,True,150.0,31.07,0.57
48.9,4.98213,0,800,True,150.0,31.07,0.57
48.9,5.08213,0,800,True,150.0,31.07,0.57
48.9,5.18213,0,800,True,150.0,31.07,0.57
48.9,5.28213,0,800,True,150.0,31.07,0.57
48.9,5.38213,0,800,True,150.0,31.07,0.57
48.9,5.48213,0,800,True,150.0,31.07,0.57
48.9,5.58213,0,800,True,150.0,31.07,0.57
48.9,5.68213,0,800,True,150.0,31.07,0.57
48.9,5.78213,0,800,True,150.0,31.07,0.57
48.9,5.88213,0,800,True,150.0,31.07,0.57
48.9,-1.51787,5,800,True,150.0,31.07,0.57
48.9,-1.41787,5,800,True,150.0,31.07,0.57
48.9,-1.31787,5,800,True,150.0,31.07,0.57
48.9,-1.21787,5,800,True,150.0,31.07,0.57
48.9,-1.11787,5,800,True,150.0,31.07,0.57
48.9,-1.01787,5,800,True,150.0,31.07,0.57
48.9,-0.91787,5,800,True,150.0,31.07,0.57
48.9,-0.81787,5,800,True,150.0,31.07,0.57
48.9,-0.71787,5,800,True,150.0,31.07,0.57
48.9,-0.61787,5,800,True,150.0,31.07,0.57
48.9,-0.51787,5,800,True,150.0,31.07,0.57
48.9,-0.41787,5,800,True,150.0,31.07,0.57
48.9,-0.31787,5,800,True,150.0,31.07,0.57
48.9,-0.21787,5,800,True,150.0,31.07,0.57
48.9,-0.11787,5,800,True,150.0,31.07,0.57
48.9,-0.01787,5,800,True,150.0,31.07,0.57
49.0,5.88213,0,800,True,150.0,31.07,0.57
49.0,5.98213,0,800,True,150.0,31.07,0.57
49.0,6.08213,0,800,True,150.0,31.07,0.57
49.0,6.18213,0,800,True,150.0,31.07,0.57
49.0,6.28213,0,800,True,150.0,31.07,0.57
49.0,6.38213,0,800,True,150.0,31.07,0.57
49.0,6.48213,0,800,True,150.0,31.07,0.57
49.0,6.58213,0,800,True,150.0,31.07,0.57
49.0,6.68213,0,800,True,150.0,31.07,0.57
49.0,6.78213,0,800,True,150.0,31.07,0.57
49.0,6.88213,0,800,True,150.0,31.07,0.57
49.0,6.98213,0,800,True,150.0,31.07,0.57
49.0,7.08213,0,800,True,150.0,31.07,0.57
49.0,7.18213,0,800,True,150.0,31.07,0.57
49.0,7.28213,0,800,True,150.0,31.07,0.57
49.0,7.38213,0,800,True,150.0,31.07,0.57
49.0,7.48213,0,800,True,150.0,31.07,0.57
49.0,7.58213,0,800,True,150.0,31.07,0.57
49.0,7.68213,1,800,True,150.0,31.07,0.57
49.0,7.78213,1,800,True,150.0,31.07,0.57
49.0,7.88213,1,800,True,150.0,31.07,0.57
49.0,7.98213,1,800,True,150.0,31.07,0.57
49.0,-0.01787,0,800,True,150.0,31.07,0.57
49.0,0.08213,0,800,True,150.0,31.07,0.57
49.0,0.18213,0,800,True,150.0,31.07,0.57
49.0,0.28213,0,800,True,150.0,31.07,0.57
49.0,0.38213,0,800,True,150.0,31.07,0.57
49.0,0.48213,0,800,True,150.0,31.07,0.57
49.0,0.58213,0,800,True,150.0,31.07,0.57
49.0,0.68213,0,800,True,150.0,31.07,0.57
49.0,0.78213,0,800,True,150.0,31.07,0.57
49.0,0.88213,0,800,True,150.0,31.07,0.57
49.0,0.98213,0,800,True,150.0,31.07,0.57
49.0,1.08213,0,800,True,150.0,31.07,0.57
49.0,1.18213,0,800,True,150.0,31.07,0.57
49.0,1.28213,0,800,True,150.0,31.07,0.57
49.0,1.38213,0,800,True,150.0,31.07,0.57
49.0,1.48213,0,800,True,150.0,31.07,0.57
49.0,1.58213,0,800,True,150.0,31.07,0.57
49.0,1.68213,0,800,True,150.0,31.07,0.57
49.0,1.78213,0,800,True,150.0,31.07,0.57
49.0,1.88213,0,800,True,150.0,31.07,0.57
49.0,1.98213,0,800,True,150.0,31.07,0.57
49.0,2.08213,0,800,True,150.0,31.07,0.57
49.0,2.18213,0,800,True,150.0,31.07,0.57
49.0,2.28213,0,800,True,150.0,31.07,0.57
49.0,2.38213,0,800,True,150.0,31.07,0.57
49.0,2.48213,0,800,True,150.0,31.07,0.57
49.0,2.58213,0,800,True,150.0,31.07,0.57
49.0,2.68213,0,800,True,150.0,31.07,0.57
49.0,2.78213,0,800,True,150.0,31.07,0.57
49.0,2.88213,0,800,True,150.0,31.07,0.57
49.0,2.98213,0,800,True,150.0,31.07,0.57
49.0,3.08213,0,800,True,150.0,31.07,0.57
49.0,3.18213,0,800,True,150.0,31.07,0.57
49.0,3.28213,0,800,True,150.0,31.07,0.57
49.0,3.38213,0,800,True,150.0,31.07,0.57
49.0,3.48213,0,800,True,150.0,31.07,0.57
49.0,3.58213,0,800,True,150.0,31.07,0.57
49.0,3.68213,0,800,True,150.0,31.07,0.57
49.0,3.78213,0,800,True,150.0,31.07,0.57
49.0,3.88213,0,800,True,150.0,31.07,0.57
49.0,3.98213,0,800,True,150.0,31.07,0.57
49.0,4.08213,0,800,True,150.0,31.07,0.57
49.0,4.18213,0,800,True,150.0,31.07,0.57
49.0,4.28213,0,800,True,150.0,31.07,0.57
49.0,4.38213,0,800,True,150.0,31.07,0.57
49.0,4.48213,0,800,True,150.0,31.07,0.57
49.0,4.58213,0,800,True,150.0,31.07,0.57
49.0,4.68213,0,800,True,150.0,31.07,0.57
49.0,4.78213,0,800,True,150.0,31.07,0.57
49.0,4.88213,0,800,True,150.0,31.07,0.57
49.0,4.98213,0,800,True,150.0,31.07,0.57
49.0,5.08213,0,800,True,150.0,31.07,0.57
49.0,5.18213,0,800,True,150.0,31.07,0.57
49.0,5.28213,0,800,True,150.0,31.07,0.57
49.0,5.38213,0,800,True,150.0,31.07,0.57
49.0,5.48213,0,800,True,150.0,31.07,0.57
49.0,5.58213,0,800,True,150.0,31.07,0.57
49.0,5.68213,0,800,True,150.0,31.07,0.57
49.0,5.78213,0,800,True,150.0,31.07,0.57
49.0,-1.51787,5,800,True,150.0,31.07,0.57
49.0,-1.41787,5,800,True,150.0,31.07,0.57
49.0,-1.31787,5,800,True,150.0,31.07,0.57
49.0,-1.21787,5,800,True,150.0,31.07,0.57
49.0,-1.11787,5,800,True,150.0,31.07,0.57
49.0,-1.01787,5,800,True,150.0,31.07,0.57
49.0,-0.91787,5,800,True,150.0,31.07,0.57
49.0,-0.81787,5,800,True,150.0,31.07,0.57
49.0,-0.71787,5,800,True,150.0,31.07,0.57
49.0,-0.61787,5,800,True,150.0,31.07,0.57
49.0,-0.51787,5,800,True,150.0,31.07,0.57
49.0,-0.41787,5,800,True,150.0,31.07,0.57
49.0,-0.31787,5,800,True,150.0,31.07,0.57
49.0,-0.21787,5,800,True,150.0,31.07,0.57
49.0,-0.11787,5,800,True,150.0,31.07,0.57
49.1,5.68213,0,800,True,150.0,31.07,0.57
49.1,5.78213,0,800,True,150.0,31.07,0.57
49.1,5.88213,0,800,True,150.0,31.07,0.57
49.1,5.98213,0,800,True,150.0,31.07,0.57
49.1,6.08213,0,800,True,150.0,31.07,0.57
49.1,6.18213,0,800,True,150.0,31.07,0.57
49.1,6.28213,0,800,True,150.0,31.07,0.57
49.1,6.38213,0,800,True,150.0,31.07,0.57
49.1,6.48213,0,800,True,150.0,31.07,0.57
49.1,6.58213,0,800,True,150.0,31.07,0.57
49.1,6.68213,0,800,True,150.0,31.07,0.57
49.1,6.78213,0,800,True,150.0,31.07,0.57
49.1,6.88213,0,800,True,150.0,31.07,0.57
49.1,6.98213,0,800,True,150.0,31.07,0.57
49.1,7.08213,0,800,True,150.0,31.07,0.57
49.1,7.18213,0,800,True,150.0,31.07,0.57
49.1,7.28213,0,800,True,150.0,31.07,0.57
49.1,7.38213,0,800,True,150.0,31.07,0.57
49.1,7.48213,0,800,True,150.0,31.07,0.57
49.1,-0.11787,0,800,True,150.0,31.07,0.57
49.1,-0.01787,0,800,True,150.0,31.07,0.57
49.1,0.08213,0,800,True,150.0,31.07,0.57
49.1,0.18213,0,800,True,150.0,31.07,0.57
49.1,0.28213,0,800,True,150.0,31.07,0.57
49.1,0.38213,0,800,True,150.0,31.07,0.57
49.1,0.48213,0,800,True,150.0,31.07,0.57
49.1,0.58213,0,800,True,150.0,31.07,0.57
49.1,0.68213,0,800,True,150.0,31.07,0.57
49.1,0.78213,0,800,True,150.0,31.07,0.57
49.1,0.88213,0,800,True,150.0,31.07,0.57
49.1,0.98213,0,800,True,150.0,31.07,0.57
49.1,1.08213,0,800,True,150.0,31.07,0.57
49.1,1.18213,0,800,True,150.0,31.07,0.57
49.1,1.28213,0,800,True,150.0,31.07,0.57
49.1,1.38213,0,800,True,150.0,31.07,0.57
49.1,1.48213,0,800,True,150.0,31.07,0.57
49.1,1.58213,0,800,True,150.0,31.07,0.57
49.1,1.68213,0,800,True,150.0,31.07,0.57
49.1,1.78213,0,800,True,150.0,31.07,0.57
49.1,1.88213,0,800,True,150.0,31.07,0.57
49.1,1.98213,0,800,True,150.0,31.07,0.57
49.1,2.08213,0,800,True,150.0,31.07,0.57
49.1,2.18213,0,800,True,150.0,31.07,0.57
49.1,2.28213,0,800,True,150.0,31.07,0.57
49.1,2.38213,0,800,True,150.0,31.07,0.57
49.1,2.48213,0,800,True,150.0,31.07,0.57
49.1,2.58213,0,800,True,150.0,31.07,0.57
49.1,2.68213,0,800,True,150.0,31.07,0.57
49.1,2.78213,0,800,True,150.0,31.07,0.57
49.1,2.88213,0,800,True,150.0,31.07,0.57
49.1,2.98213,0,800,True,150.0,31.07,0.57
49.1,3.08213,0,800,True,150.0,31.07,0.57
49.1,3.18213,0,800,True,150.0,31.07,0.57
49.1,3.28213,0,800,True,150.0,31.07,0.57
49.1,3.38213,0,800,True,150.0,31.07,0.57
49.1,3.48213,0,800,True,150.0,31.07,0.57
49.1,3.58213,0,800,True,150.0,31.07,0.57
49.1,3.68213,0,800,True,150.0,31.07,0.57
49.1,3.78213,0,800,True,150.0,31.07,0.57
49.1,3.88213,0,800,True,150.0,31.07,0.57
49.1,3.98213,0,800,True,150.0,31.07,0.57
49.1,4.08213,0,800,True,150.0,31.07,0.57
49.1,4.18213,0,800,True,150.0,31.07,0.57
49.1,4.28213,0,800,True,150.0,31.07,0.57
49.1,4.38213,0,800,True,150.0,31.07,0.57
49.1,4.48213,0,800,True,150.0,31.07,0.57
49.1,4.58213,0,800,True,150.0,31.07,0.57
49.1,4.68213,0,800,True,150.0,31.07,0.57
49.1,4.78213,0,800,True,150.0,31.07,0.57
49.1,4.88213,0,800,True,150.0,31.07,0.57
49.1,4.98213,0,800,True,150.0,31.07,0.57
49.1,5.08213,0,800,True,150.0,31.07,0.57
49.1,5.18213,0,800,True,150.0,31.07,0.57
49.1,5.28213,0,800,True,150.0,31.07,0.57
49.1,5.38213,0,800,True,150.0,31.07,0.57
49.1,5.48213,0,800,True,150.0,31.07,0.57
49.1,5.58213,0,800,True,150.0,31.07,0.57
49.1,-1.51787,5,800,True,150.0,31.07,0.57
49.1,-1.41787,5,800,True,150.0,31.07,0.57
49.1,-1.31787,5,800,True,150.0,31.07,0.57
49.1,-1.21787,5,800,True,150.0,31.07,0.57
49.1,-1.11787,5,800,True,150.0,31.07,0.57
49.1,-1.01787,5,800,True,150.0,31.07,0.57
49.1,-0.91787,5,800,True,150.0,31.07,0.57
49.1,-0.81787,5,800,True,150.0,31.07,0.57
49.1,-0.71787,5,800,True,150.0,31.07,0.57
49.1,-0.61787,5,800,True,150.0,31.07,0.57
49.1,-0.51787,5,800,True,150.0,31.07,0.57
49.1,-0.41787,5,800,True,150.0,31.07,0.57
49.1,-0.31787,5,800,True,150.0,31.07,0.57
49.1,-0.21787,5,800,True,150.0,31.07,0.57
49.2,5.58213,0,800,True,150.0,31.07,0.57
49.2,5.68213,0,800,True,150.0,31.07,0.57
49.2,5.78213,0,800,True,150.0,31.07,0.57
49.2,5.88213,0,800,True,150.0,31.07,0.57
49.2,5.98213,0,800,True,150.0,31.07,0.57
49.2,6.08213,0,800,True,150.0,31.07,0.57
49.2,6.18213,0,800,True,150.0,31.07,0.57
49.2,6.28213,0,800,True,150.0,31.07,0.57
49.2,6.38213,0,800,True,150.0,31.07,0.57
49.2,6.48213,0,800,True,150.0,31.07,0.57
49.2,6.58213,0,800,True,150.0,31.07,0.57
49.2,6.68213,0,800,True,150.0,31.07,0.57
49.2,6.88213,0,800,True,150.0,31.07,0.57
49.2,-0.21787,0,800,True,150.0,31.07,0.57
49.2,-0.11787,0,800,True,150.0,31.07,0.57
49.2,-0.01787,0,800,True,150.0,31.07,0.57
49.2,0.08213,0,800,True,150.0,31.07,0.57
49.2,0.18213,0,800,True,150.0,31.07,0.57
49.2,0.28213,0,800,True,150.0,31.07,0.57
49.2,0.38213,0,800,True,150.0,31.07,0.57
49.2,0.48213,0,800,True,150.0,31.07,0.57
49.2,0.58213,0,800,True,150.0,31.07,0.57
49.2,0.68213,0,800,True,150.0,31.07,0.57
49.2,0.78213,0,800,True,150.0,31.07,0.57
49.2,0.88213,0,800,True,150.0,31.07,0.57
49.2,0.98213,0,800,True,150.0,31.07,0.57
49.2,1.08213,0,800,True,150.0,31.07,0.57
49.2,1.18213,0,800,True,150.0,31.07,0.57
49.2,1.28213,0,800,True,150.0,31.07,0.57
49.2,1.38213,0,800,True,150.0,31.07,0.57
49.2,1.48213,0,800,True,150.0,31.07,0.57
49.2,1.58213,0,800,True,150.0,31.07,0.57
49.2,1.68213,0,800,True,150.0,31.07,0.57
49.2,1.78213,0,800,True,150.0,31.07,0.57
49.2,1.88213,0,800,True,150.0,31.07,0.57
49.2,1.98213,0,800,True,150.0,31.07,0.57
49.2,2.08213,0,800,True,150.0,31.07,0.57
49.2,2.18213,0,800,True,150.0,31.07,0.57
49.2,2.28213,0,800,True,150.0,31.07,0.57
49.2,2.38213,0,800,True,150.0,31.07,0.57
49.2,2.48213,0,800,True,150.0,31.07,0.57
49.2,2.58213,0,800,True,150.0,31.07,0.57
49.2,2.68213,0,800,True,150.0,31.07,0.57
49.2,2.78213,0,800,True,150.0,31.07,0.57
49.2,2.88213,0,800,True,150.0,31.07,0.57
49.2,2.98213,0,800,True,150.0,31.07,0.57
49.2,3.08213,0,800,True,150.0,31.07,0.57
49.2,3.18213,0,800,True,150.0,31.07,0.57
49.2,3.28213,0,800,True,150.0,31.07,0.57
49.2,3.38213,0,800,True,150.0,31.07,0.57
49.2,3.48213,0,800,True,150.0,31.07,0.57
49.2,3.58213,0,800,True,150.0,31.07,0.57
49.2,3.68213,0,800,True,150.0,31.07,0.57
49.2,3.78213,0,800,True,150.0,31.07,0.57
49.2,3.88213,0,800,True,150.0,31.07,0.57
49.2,3.98213,0,800,True,150.0,31.07,0.57
49.2,4.08213,0,800,True,150.0,31.07,0.57
49.2,4.18213,0,800,True,150.0,31.07,0.57
49.2,4.28213,0,800,True,150.0,31.07,0.57
49.2,4.38213,0,800,True,150.0,31.07,0.57
49.2,4.48213,0,800,True,150.0,31.07,0.57
49.2,4.58213,0,800,True,150.0,31.07,0.57
49.2,4.68213,0,800,True,150.0,31.07,0.57
49.2,4.78213,0,800,True,150.0,31.07,0.57
49.2,4.88213,0,800,True,150.0,31.07,0.57
49.2,4.98213,0,800,True,150.0,31.07,0.57
49.2,5.08213,0,800,True,150.0,31.07,0.57
49.2,5.18213,0,800,True,150.0,31.07,0.57
49.2,5.28213,0,800,True,150.0,31.07,0.57
49.2,5.38213,0,800,True,150.0,31.07,0.57
49.2,5.48213,0,800,True,150.0,31.07,0.57
49.2,-1.51787,5,800,True,150.0,31.07,0.57
49.2,-1.41787,5,800,True,150.0,31.07,0.57
49.2,-1.31787,5,800,True,150.0,31.07,0.57
49.2,-1.21787,5,800,True,150.0,31.07,0.57
49.2,-1.11787,5,800,True,150.0,31.07,0.57
49.2,-1.01787,5,800,True,150.0,31.07,0.57
49.2,-0.91787,5,800,True,150.0,31.07,0.57
49.2,-0.81787,5,800,True,150.0,31.07,0.57
49.2,-0.71787,5,800,True,150.0,31.07,0.57
49.2,-0.61787,5,800,True,150.0,31.07,0.57
49.2,-0.51787,5,800,True,150.0,31.07,0.57
49.2,-0.41787,5,800,True,150.0,31.07,0.57
49.2,-0.31787,5,800,True,150.0,31.07,0.57
49.3,5.38213,0,800,True,150.0,31.07,0.57
49.3,5.48213,0,800,True,150.0,31.07,0.57
49.3,5.58213,0,800,True,150.0,31.07,0.57
49.3,5.68213,0,800,True,150.0,31.07,0.57
49.3,5.78213,0,800,True,150.0,31.07,0.57
49.3,5.88213,0,800,True,150.0,31.07,0.57
49.3,5.98213,0,800,True,150.0,31.07,0.57
49.3,6.08213,0,800,True,150.0,31.07,0.57
49.3,6.18213,0,800,True,150.0,31.07,0.57
49.3,6.28213,0,800,True,150.0,31.07,0.57
49.3,6.38213,0,800,True,150.0,31.07,0.57
49.3,6.48213,0,800,True,150.0,31.07,0.57
49.3,6.58213,0,800,True,150.0,31.07,0.57
49.3,-0.31787,0,800,True,150.0,31.07,0.57
49.3,-0.01787,0,800,True,150.0,31.07,0.57
49.3,0.08213,0,800,True,150.0,31.07,0.57
49.3,0.18213,0,800,True,150.0,31.07,0.57
49.3,0.28213,0,800,True,150.0,31.07,0.57
49.3,0.38213,0,800,True,150.0,31.07,0.57
49.3,0.48213,0,800,True,150.0,31.07,0.57
49.3,0.58213,0,800,True,150.0,31.07,0.57
49.3,0.68213,0,800,True,150.0,31.07,0.57
49.3,0.78213,0,800,True,150.0,31.07,0.57
49.3,0.88213,0,800,True,150.0,31.07,0.57
49.3,0.98213,0,800,True,150.0,31.07,0.57
49.3,1.08213,0,800,True,150.0,31.07,0.57
49.3,1.18213,0,800,True,150.0,31.07,0.57
49.3,1.28213,0,800,True,150.0,31.07,0.57
49.3,1.38213,0,800,True,150.0,31.07,0.57
49.3,1.48213,0,800,True,150.0,31.07,0.57
49.3,1.58213,0,800,True,150.0,31.07,0.57
49.3,1.68213,0,800,True,150.0,31.07,0.57
49.3,1.78213,0,800,True,150.0,31.07,0.57
49.3,1.88213,0,800,True,150.0,31.07,0.57
49.3,1.98213,0,800,True,150.0,31.07,0.57
49.3,2.08213,0,800,True,150.0,31.07,0.57
49.3,2.18213,0,800,True,150.0,31.07,0.57
49.3,2.28213,0,800,True,150.0,31.07,0.57
49.3,2.38213,0,800,True,150.0,31.07,0.57
49.3,2.48213,0,800,True,150.0,31.07,0.57
49.3,2.58213,0,800,True,150.0,31.07,0.57
49.3,2.68213,0,800,True,150.0,31.07,0.57
49.3,2.78213,0,800,True,150.0,31.07,0.57
49.3,2.88213,0,800,True,150.0,31.07,0.57
49.3,2.98213,0,800,True,150.0,31.07,0.57
49.3,3.08213,0,800,True,150.0,31.07,0.57
49.3,3.18213,0,800,True,150.0,31.07,0.57
49.3,3.28213,0,800,True,150.0,31.07,0.57
49.3,3.38213,0,800,True,150.0,31.07,0.57
49.3,3.48213,0,800,True,150.0,31.07,0.57
49.3,3.58213,0,800,True,150.0,31.07,0.57
49.3,3.68213,0,800,True,150.0,31.07,0.57
49.3,3.78213,0,800,True,150.0,31.07,0.57
49.3,3.88213,0,800,True,150.0,31.07,0.57
49.3,3.98213,0,800,True,150.0,31.07,0.57
49.3,4.08213,0,800,True,150.0,31.07,0.57
49.3,4.18213,0,800,True,150.0,31.07,0.57
49.3,4.28213,0,800,True,150.0,31.07,0.57
49.3,4.38213,0,800,True,150.0,31.07,0.57
49.3,4.48213,0,800,True,150.0,31.07,0.57
49.3,4.58213,0,800,True,150.0,31.07,0.57
49.3,4.68213,0,800,True,150.0,31.07,0.57
49.3,4.78213,0,800,True,150.0,31.07,0.57
49.3,4.88213,0,800,True,150.0,31.07,0.57
49.3,4.98213,0,800,True,150.0,31.07,0.57
49.3,5.08213,0,800,True,150.0,31.07,0.57
49.3,5.18213,0,800,True,150.0,31.07,0.57
49.3,5.28213,0,800,True,150.0,31.07,0.57
49.3,-1.61787,5,800,True,150.0,31.07,0.57
49.3,-1.51787,5,800,True,150.0,31.07,0.57
49.3,-1.41787,5,800,True,150.0,31.07,0.57
49.3,-1.31787,5,800,True,150.0,31.07,0.57
49.3,-1.21787,5,800,True,150.0,31.07,0.57
49.3,-1.11787,5,800,True,150.0,31.07,0.57
49.3,-1.01787,5,800,True,150.0,31.07,0.57
49.3,-0.91787,5,800,True,150.0,31.07,0.57
49.3,-0.81787,5,800,True,150.0,31.07,0.57
49.3,-0.71787,5,800,True,150.0,31.07,0.57
49.3,-0.61787,5,800,True,150.0,31.07,0.57
49.3,-0.51787,5,800,True,150.0,31.07,0.57
49.3,-0.41787,5,800,True,150.0,31.07,0.57
49.4,5.28213,0,800,True,150.0,31.07,0.57
49.4,5.38213,0,800,True,150.0,31.07,0.57
49.4,5.48213,0,800,True,150.0,31.07,0.57
49.4,5.58213,0,800,True,150.0,31.07,0.57
49.4,5.68213,0,800,True,150.0,31.07,0.57
49.4,5.78213,0,800,True,150.0,31.07,0.57
49.4,5.88213,0,800,True,150.0,31.07,0.57
49.4,5.98213,0,800,True,150.0,31.07,0.57
49.4,6.08213,0,800,True,150.0,31.07,0.57
49.4,6.18213,0,800,True,150.0,31.07,0.57
49.4,6.28213,0,800,True,150.0,31.07,0.57
49.4,6.38213,0,800,True,150.0,31.07,0.57
49.4,6.48213,0,800,True,150.0,31.07,0.57
49.4,0.18213,0,800,True,150.0,31.07,0.57
49.4,0.28213,0,800,True,150.0,31.07,0.57
49.4,0.38213,0,800,True,150.0,31.07,0.57
49.4,0.48213,0,800,True,150.0,31.07,0.57
49.4,0.58213,0,800,True,150.0,31.07,0.57
49.4,0.68213,0,800,True,150.0,31.07,0.57
49.4,0.78213,0,800,True,150.0,31.07,0.57
49.4,0.88213,0,800,True,150.0,31.07,0.57
49.4,0.98213,0,800,True,150.0,31.07,0.57
49.4,1.08213,0,800,True,150.0,31.07,0.57
49.4,1.18213,0,800,True,150.0,31.07,0.57
49.4,1.28213,0,800,True,150.0,31.07,0.57
49.4,1.38213,0,800,True,150.0,31.07,0.57
49.4,1.48213,0,800,True,150.0,31.07,0.57
49.4,1.58213,0,800,True,150.0,31.07,0.57
49.4,1.68213,0,800,True,150.0,31.07,0.57
49.4,1.78213,0,800,True,150.0,31.07,0.57
49.4,1.88213,0,800,True,150.0,31.07,0.57
49.4,1.98213,0,800,True,150.0,31.07,0.57
49.4,2.08213,0,800,True,150.0,31.07,0.57
49.4,2.18213,0,800,True,150.0,31.07,0.57
49.4,2.28213,0,800,True,150.0,31.07,0.57
49.4,2.38213,0,800,True,150.0,31.07,0.57
49.4,2.48213,0,800,True,150.0,31.07,0.57
49.4,2.58213,0,800,True,150.0,31.07,0.57
49.4,2.68213,0,800,True,150.0,31.07,0.57
49.4,2.78213,0,800,True,150.0,31.07,0.57
49.4,2.88213,0,800,True,150.0,31.07,0.57
49.4,2.98213,0,800,True,150.0,31.07,0.57
49.4,3.08213,0,800,True,150.0,31.07,0.57
49.4,3.18213,0,800,True,150.0,31.07,0.57
49.4,3.28213,0,800,True,150.0,31.07,0.57
49.4,3.38213,0,800,True,150.0,31.07,0.57
49.4,3.48213,0,800,True,150.0,31.07,0.57
49.4,3.58213,0,800,True,150.0,31.07,0.57
49.4,3.68213,0,800,True,150.0,31.07,0.57
49.4,3.78213,0,800,True,150.0,31.07,0.57
49.4,3.88213,0,800,True,150.0,31.07,0.57
49.4,3.98213,0,800,True,150.0,31.07,0.57
49.4,4.08213,0,800,True,150.0,31.07,0.57
49.4,4.18213,0,800,True,150.0,31.07,0.57
49.4,4.28213,0,800,True,150.0,31.07,0.57
49.4,4.38213,0,800,True,150.0,31.07,0.57
49.4,4.48213,0,800,True,150.0,31.07,0.57
49.4,4.58213,0,800,True,150.0,31.07,0.57
49.4,4.68213,0,800,True,150.0,31.07,0.57
49.4,4.78213,0,800,True,150.0,31.07,0.57
49.4,4.88213,0,800,True,150.0,31.07,0.57
49.4,4.98213,0,800,True,150.0,31.07,0.57
49.4,5.08213,0,800,True,150.0,31.07,0.57
49.4,5.18213,0,800,True,150.0,31.07,0.57
49.4,-1.81787,5,800,True,150.0,31.07,0.57
49.4,-1.71787,5,800,True,150.0,31.07,0.57
49.4,-1.61787,5,800,True,150.0,31.07,0.57
49.4,-1.51787,5,800,True,150.0,31.07,0.57
49.4,-1.41787,5,800,True,150.0,31.07,0.57
49.4,-1.31787,5,800,True,150.0,31.07,0.57
49.4,-1.21787,5,800,True,150.0,31.07,0.57
49.5,5.18213,0,800,True,150.0,31.07,0.57
49.5,5.28213,0,800,True,150.0,31.07,0.57
49.5,5.38213,0,800,True,150.0,31.07,0.57
49.5,5.48213,0,800,True,150.0,31.07,0.57
49.5,5.58213,0,800,True,150.0,31.07,0.57
49.5,5.68213,0,800,True,150.0,31.07,0.57
49.5,5.78213,0,800,True,150.0,31.07,0.57
49.5,5.88213,0,800,True,150.0,31.07,0.57
49.5,6.18213,0,800,True,150.0,31.07,0.57
49.5,0.08213,0,800,True,150.0,31.07,0.57
49.5,0.18213,0,800,True,150.0,31.07,0.57
49.5,0.28213,0,800,True,150.0,31.07,0.57
49.5,0.38213,0,800,True,150.0,31.07,0.57
49.5,0.48213,0,800,True,150.0,31.07,0.57
49.5,0.58213,0,800,True,150.0,31.07,0.57
49.5,0.68213,0,800,True,150.0,31.07,0.57
49.5,0.78213,0,800,True,150.0,31.07,0.57
49.5,0.88213,0,800,True,150.0,31.07,0.57
49.5,0.98213,0,800,True,150.0,31.07,0.57
49.5,1.08213,0,800,True,150.0,31.07,0.57
49.5,1.18213,0,800,True,150.0,31.07,0.57
49.5,1.28213,0,800,True,150.0,31.07,0.57
49.5,1.38213,0,800,True,150.0,31.07,0.57
49.5,1.48213,0,800,True,150.0,31.07,0.57
49.5,1.58213,0,800,True,150.0,31.07,0.57
49.5,1.68213,0,800,True,150.0,31.07,0.57
49.5,1.78213,0,800,True,150.0,31.07,0.57
49.5,1.88213,0,800,True,150.0,31.07,0.57
49.5,1.98213,0,800,True,150.0,31.07,0.57
49.5,2.08213,0,800,True,150.0,31.07,0.57
49.5,2.18213,0,800,True,150.0,31.07,0.57
49.5,2.28213,0,800,True,150.0,31.07,0.57
49.5,2.38213,0,800,True,150.0,31.07,0.57
49.5,2.48213,0,800,True,150.0,31.07,0.57
49.5,2.58213,0,800,True,150.0,31.07,0.57
49.5,2.68213,0,800,True,150.0,31.07,0.57
49.5,2.78213,0,800,True,150.0,31.07,0.57
49.5,2.88213,0,800,True,150.0,31.07,0.57
49.5,2.98213,0,800,True,150.0,31.07,0.57
49.5,3.08213,0,800,True,150.0,31.07,0.57
49.5,3.18213,0,800,True,150.0,31.07,0.57
49.5,3.28213,0,800,True,150.0,31.07,0.57
49.5,3.38213,0,800,True,150.0,31.07,0.57
49.5,3.48213,0,800,True,150.0,31.07,0.57
49.5,3.58213,0,800,True,150.0,31.07,0.57
49.5,3.68213,0,800,True,150.0,31.07,0.57
49.5,3.78213,0,800,True,150.0,31.07,0.57
49.5,3.88213,0,800,True,150.0,31.07,0.57
49.5,3.98213,0,800,True,150.0,31.07,0.57
49.5,4.08213,0,800,True,150.0,31.07,0.57
49.5,4.18213,0,800,True,150.0,31.07,0.57
49.5,4.28213,0,800,True,150.0,31.07,0.57
49.5,4.38213,0,800,True,150.0,31.07,0.57
49.5,4.48213,0,800,True,150.0,31.07,0.57
49.5,4.58213,0,800,True,150.0,31.07,0.57
49.5,4.68213,0,800,True,150.0,31.07,0.57
49.5,4.78213,0,800,True,150.0,31.07,0.57
49.5,4.88213,0,800,True,150.0,31.07,0.57
49.5,4.98213,0,800,True,150.0,31.07,0.57
49.5,5.08213,0,800,True,150.0,31.07,0.57
49.5,-1.81787,5,800,True,150.0,31.07,0.57
49.5,-1.71787,5,800,True,150.0,31.07,0.57
49.5,-1.61787,5,800,True,150.0,31.07,0.57
49.5,-1.51787,5,800,True,150.0,31.07,0.57
49.5,-1.41787,5,800,True,150.0,31.07,0.57
49.5,-1.31787,5,800,True,150.0,31.07,0.57
49.6,4.98213,0,800,True,150.0,31.07,0.57
49.6,5.08213,0,800,True,150.0,31.07,0.57
49.6,5.18213,0,800,True,150.0,31.07,0.57
49.6,5.28213,0,800,True,150.0,31.07,0.57
49.6,5.38213,0,800,True,150.0,31.07,0.57
49.6,0.18213,0,800,True,150.0,31.07,0.57
49.6,0.28213,0,800,True,150.0,31.07,0.57
49.6,0.38213,0,800,True,150.0,31.07,0.57
49.6,0.48213,0,800,True,150.0,31.07,0.57
49.6,0.58213,0,800,True,150.0,31.07,0.57
49.6,0.68213,0,800,True,150.0,31.07,0.57
49.6,0.78213,0,800,True,150.0,31.07,0.57
49.6,0.88213,0,800,True,150.0,31.07,0.57
49.6,0.98213,0,800,True,150.0,31.07,0.57
49.6,1.08213,0,800,True,150.0,31.07,0.57
49.6,1.18213,0,800,True,150.0,31.07,0.57
49.6,1.28213,0,800,True,150.0,31.07,0.57
49.6,1.38213,0,800,True,150.0,31.07,0.57
49.6,1.48213,0,800,True,150.0,31.07,0.57
49.6,1.58213,0,800,True,150.0,31.07,0.57
49.6,1.68213,0,800,True,150.0,31.07,0.57
49.6,1.78213,0,800,True,150.0,31.07,0.57
49.6,1.88213,0,800,True,150.0,31.07,0.57
49.6,1.98213,0,800,True,150.0,31.07,0.57
49.6,2.08213,0,800,True,150.0,31.07,0.57
49.6,2.18213,0,800,True,150.0,31.07,0.57
49.6,2.28213,0,800,True,150.0,31.07,0.57
49.6,2.38213,0,800,True,150.0,31.07,0.57
49.6,2.48213,0,800,True,150.0,31.07,0.57
49.6,2.58213,0,800,True,150.0,31.07,0.57
49.6,2.68213,0,800,True,150.0,31.07,0.57
49.6,2.78213,0,800,True,150.0,31.07,0.57
49.6,2.88213,0,800,True,150.0,31.07,0.57
49.6,2.98213,0,800,True,150.0,31.07,0.57
49.6,3.08213,0,800,True,150.0,31.07,0.57
49.6,3.18213,0,800,True,150.0,31.07,0.57
49.6,3.28213,0,800,True,150.0,31.07,0.57
49.6,3.38213,0,800,True,150.0,31.07,0.57
49.6,3.48213,0,800,True,150.0,31.07,0.57
49.6,3.58213,0,800,True,150.0,31.07,0.57
49.6,3.68213,0,800,True,150.0,31.07,0.57
49.6,3.78213,0,800,True,150.0,31.07,0.57
49.6,3.88213,0,800,True,150.0,31.07,0.57
49.6,3.98213,0,800,True,150.0,31.07,0.57
49.6,4.08213,0,800,True,150.0,31.07,0.57
49.6,4.18213,0,800,True,150.0,31.07,0.57
49.6,4.28213,0,800,True,150.0,31.07,0.57
49.6,4.38213,0,800,True,150.0,31.07,0.57
49.6,4.48213,0,800,True,150.0,31.07,0.57
49.6,4.58213,0,800,True,150.0,31.07,0.57
49.6,4.68213,0,800,True,150.0,31.07,0.57
49.6,4.78213,0,800,True,150.0,31.07,0.57
49.6,4.88213,0,800,True,150.0,31.07,0.57
49.6,-1.81787,5,800,True,150.0,31.07,0.57
49.6,-1.71787,5,800,True,150.0,31.07,0.57
49.6,-1.61787,5,800,True,150.0,31.07,0.57
49.6,-1.51787,5,800,True,150.0,31.07,0.57
49.6,-1.41787,5,800,True,150.0,31.07,0.57
49.6,-1.31787,5,800,True,150.0,31.07,0.57
49.7,4.88213,0,800,True,150.0,31.07,0.57
49.7,4.98213,0,800,True,150.0,31.07,0.57
49.7,5.08213,0,800,True,150.0,31.07,0.57
49.7,0.28213,0,800,True,150.0,31.07,0.57
49.7,0.38213,0,800,True,150.0,31.07,0.57
49.7,0.48213,0,800,True,150.0,31.07,0.57
49.7,0.58213,0,800,True,150.0,31.07,0.57
49.7,0.68213,0,800,True,150.0,31.07,0.57
49.7,0.78213,0,800,True,150.0,31.07,0.57
49.7,0.88213,0,800,True,150.0,31.07,0.57
49.7,0.98213,0,800,True,150.0,31.07,0.57
49.7,1.08213,0,800,True,150.0,31.07,0.57
49.7,1.18213,0,800,True,150.0,31.07,0.57
49.7,1.28213,0,800,True,150.0,31.07,0.57
49.7,1.38213,0,800,True,150.0,31.07,0.57
49.7,1.48213,0,800,True,150.0,31.07,0.57
49.7,1.58213,0,800,True,150.0,31.07,0.57
49.7,1.68213,0,800,True,150.0,31.07,0.57
49.7,1.78213,0,800,True,150.0,31.07,0.57
49.7,1.88213,0,800,True,150.0,31.07,0.57
49.7,1.98213,0,800,True,150.0,31.07,0.57
49.7,2.08213,0,800,True,150.0,31.07,0.57
49.7,2.18213,0,800,True,150.0,31.07,0.57
49.7,2.28213,0,800,True,150.0,31.07,0.57
49.7,2.38213,0,800,True,150.0,31.07,0.57
49.7,2.48213,0,800,True,150.0,31.07,0.57
49.7,2.58213,0,800,True,150.0,31.07,0.57
49.7,2.68213,0,800,True,150.0,31.07,0.57
49.7,2.78213,0,800,True,150.0,31.07,0.57
49.7,2.88213,0,800,True,150.0,31.07,0.57
49.7,2.98213,0,800,True,150.0,31.07,0.57
49.7,3.08213,0,800,True,150.0,31.07,0.57
49.7,3.18213,0,800,True,150.0,31.07,0.57
49.7,3.28213,0,800,True,150.0,31.07,0.57
49.7,3.38213,0,800,True,150.0,31.07,0.57
49.7,3.48213,0,800,True,150.0,31.07,0.57
49.7,3.58213,0,800,True,150.0,31.07,0.57
49.7,3.68213,0,800,True,150.0,31.07,0.57
49.7,3.78213,0,800,True,150.0,31.07,0.57
49.7,3.88213,0,800,True,150.0,31.07,0.57
49.7,3.98213,0,800,True,150.0,31.07,0.57
49.7,4.08213,0,800,True,150.0,31.07,0.57
49.7,4.18213,0,800,True,150.0,31.07,0.57
49.7,4.28213,0,800,True,150.0,31.07,0.57
49.7,4.38213,0,800,True,150.0,31.07,0.57
49.7,4.48213,0,800,True,150.0,31.07,0.57
49.7,4.58213,0,800,True,150.0,31.07,0.57
49.7,4.68213,0,800,True,150.0,31.07,0.57
49.7,4.78213,0,800,True,150.0,31.07,0.57
49.7,-1.91787,5,800,True,150.0,31.07,0.57
49.8,4.68213,0,800,True,150.0,31.07,0.57
49.8,4.78213,0,800,True,150.0,31.07,0.57
49.8,0.48213,0,800,True,150.0,31.07,0.57
49.8,0.58213,0,800,True,150.0,31.07,0.57
49.8,0.68213,0,800,True,150.0,31.07,0.57
49.8,0.78213,0,800,True,150.0,31.07,0.57
49.8,0.88213,0,800,True,150.0,31.07,0.57
49.8,0.98213,0,800,True,150.0,31.07,0.57
49.8,1.08213,0,800,True,150.0,31.07,0.57
49.8,1.18213,0,800,True,150.0,31.07,0.57
49.8,1.28213,0,800,True,150.0,31.07,0.57
49.8,1.38213,0,800,True,150.0,31.07,0.57
49.8,1.48213,0,800,True,150.0,31.07,0.57
49.8,1.58213,0,800,True,150.0,31.07,0.57
49.8,1.68213,0,800,True,150.0,31.07,0.57
49.8,1.78213,0,800,True,150.0,31.07,0.57
49.8,1.88213,0,800,True,150.0,31.07,0.57
49.8,1.98213,0,800,True,150.0,31.07,0.57
49.8,2.08213,0,800,True,150.0,31.07,0.57
49.8,2.18213,0,800,True,150.0,31.07,0.57
49.8,2.28213,0,800,True,150.0,31.07,0.57
49.8,2.38213,0,800,True,150.0,31.07,0.57
49.8,2.48213,0,800,True,150.0,31.07,0.57
49.8,2.58213,0,800,True,150.0,31.07,0.57
49.8,2.68213,0,800,True,150.0,31.07,0.57
49.8,2.78213,0,800,True,150.0,31.07,0.57
49.8,2.88213,0,800,True,150.0,31.07,0.57
49.8,2.98213,0,800,True,150.0,31.07,0.57
49.8,3.08213,0,800,True,150.0,31.07,0.57
49.8,3.18213,0,800,True,150.0,31.07,0.57
49.8,3.28213,0,800,True,150.0,31.07,0.57
49.8,3.38213,0,800,True,150.0,31.07,0.57
49.8,3.48213,0,800,True,150.0,31.07,0.57
49.8,3.58213,0,800,True,150.0,31.07,0.57
49.8,3.68213,0,800,True,150.0,31.07,0.57
49.8,3.78213,0,800,True,150.0,31.07,0.57
49.8,3.88213,0,800,True,150.0,31.07,0.57
49.8,3.98213,0,800,True,150.0,31.07,0.57
49.8,4.08213,0,800,True,150.0,31.07,0.57
49.8,4.18213,0,800,True,150.0,31.07,0.57
49.8,4.28213,0,800,True,150.0,31.07,0.57
49.8,4.38213,0,800,True,150.0,31.07,0.57
49.8,4.48213,0,800,True,150.0,31.07,0.57
49.8,4.58213,0,800,True,150.0,31.07,0.57
49.9,4.58213,0,800,True,150.0,31.07,0.57
49.9,4.68213,0,800,True,150.0,31.07,0.57
49.9,4.78213,0,800,True,150.0,31.07,0.57
49.9,0.98213,0,800,True,150.0,31.07,0.57
49.9,1.08213,0,800,True,150.0,31.07,0.57
49.9,1.18213,0,800,True,150.0,31.07,0.57
49.9,1.28213,0,800,True,150.0,31.07,0.57
49.9,1.38213,0,800,True,150.0,31.07,0.57
49.9,1.48213,0,800,True,150.0,31.07,0.57
49.9,1.58213,0,800,True,150.0,31.07,0.57
49.9,1.68213,0,800,True,150.0,31.07,0.57
49.9,1.78213,0,800,True,150.0,31.07,0.57
49.9,1.88213,0,800,True,150.0,31.07,0.57
49.9,1.98213,0,800,True,150.0,31.07,0.57
49.9,2.08213,0,800,True,150.0,31.07,0.57
49.9,2.18213,0,800,True,150.0,31.07,0.57
49.9,2.28213,0,800,True,150.0,31.07,0.57
49.9,2.38213,0,800,True,150.0,31.07,0.57
49.9,2.48213,0,800,True,150.0,31.07,0.57
49.9,2.58213,0,800,True,150.0,31.07,0.57
49.9,2.68213,0,800,True,150.0,31.07,0.57
49.9,2.78213,0,800,True,150.0,31.07,0.57
49.9,2.88213,0,800,True,150.0,31.07,0.57
49.9,2.98213,0,800,True,150.0,31.07,0.57
49.9,3.08213,0,800,True,150.0,31.07,0.57
49.9,3.18213,0,800,True,150.0,31.07,0.57
49.9,3.28213,0,800,True,150.0,31.07,0.57
49.9,3.38213,0,800,True,150.0,31.07,0.57
49.9,3.48213,0,800,True,150.0,31.07,0.57
49.9,3.58213,0,800,True,150.0,31.07,0.57
49.9,3.68213,0,800,True,150.0,31.07,0.57
49.9,3.78213,0,800,True,150.0,31.07,0.57
49.9,3.88213,0,800,True,150.0,31.07,0.57
49.9,3.98213,0,800,True,150.0,31.07,0.57
49.9,4.08213,0,800,True,150.0,31.07,0.57
49.9,4.18213,0,800,True,150.0,31.07,0.57
49.9,4.28213,0,800,True,150.0,31.07,0.57
49.9,4.38213,0,800,True,150.0,31.07,0.57
49.9,4.48213,0,800,True,150.0,31.07,0.57
50.0,4.78213,0,800,True,150.0,31.07,0.57
50.0,1.28213,0,800,True,150.0,31.07,0.57
50.0,1.38213,0,800,True,150.0,31.07,0.57
50.0,1.48213,0,800,True,150.0,31.07,0.57
50.0,1.58213,0,800,True,150.0,31.07,0.57
50.0,1.68213,0,800,True,150.0,31.07,0.57
50.0,1.78213,0,800,True,150.0,31.07,0.57
50.0,1.88213,0,800,True,150.0,31.07,0.57
50.0,1.98213,0,800,True,150.0,31.07,0.57
50.0,2.08213,0,800,True,150.0,31.07,0.57
50.0,2.18213,0,800,True,150.0,31.07,0.57
50.0,2.28213,0,800,True,150.0,31.07,0.57
50.0,2.38213,0,800,True,150.0,31.07,0.57
50.0,2.48213,0,800,True,150.0,31.07,0.57
50.0,2.58213,0,800,True,150.0,31.07,0.57
50.0,2.68213,0,800,True,150.0,31.07,0.57
50.0,2.78213,0,800,True,150.0,31.07,0.57
50.0,2.88213,0,800,True,150.0,31.07,0.57
50.0,2.98213,0,800,True,150.0,31.07,0.57
50.0,3.08213,0,800,True,150.0,31.07,0.57
50.0,3.18213,0,800,True,150.0,31.07,0.57
50.0,3.28213,0,800,True,150.0,31.07,0.57
50.0,3.38213,0,800,True,150.0,31.07,0.57
50.0,3.48213,0,800,True,150.0,31.07,0.57
50.0,3.58213,0,800,True,150.0,31.07,0.57
50.0,3.68213,0,800,True,150.0,31.07,0.57
50.0,3.78213,0,800,True,150.0,31.07,0.57
50.0,3.88213,0,800,True,150.0,31.07,0.57
50.0,3.98213,0,800,True,150.0,31.07,0.57
50.0,4.08213,0,800,True,150.0,31.07,0.57
50.1,4.78213,0,800,True,150.0,31.07,0.57
50.1,1.48213,0,800,True,150.0,31.07,0.57
50.1,1.58213,0,800,True,150.0,31.07,0.57
50.1,1.68213,0,800,True,150.0,31.07,0.57
50.1,1.78213,0,800,True,150.0,31.07,0.57
50.1,1.88213,0,800,True,150.0,31.07,0.57
50.1,1.98213,0,800,True,150.0,31.07,0.57
50.1,2.08213,0,800,True,150.0,31.07,0.57
50.1,2.18213,0,800,True,150.0,31.07,0.57
50.1,2.28213,0,800,True,150.0,31.07,0.57
50.1,2.38213,0,800,True,150.0,31.07,0.57
50.1,2.48213,0,800,True,150.0,31.07,0.57
50.1,2.58213,0,800,True,150.0,31.07,0.57
50.1,2.68213,0,800,True,150.0,31.07,0.57
50.1,2.78213,0,800,True,150.0,31.07,0.57
50.1,2.88213,0,800,True,150.0,31.07,0.57
50.1,2.98213,0,800,True,150.0,31.07,0.57
50.1,3.08213,0,800,True,150.0,31.07,0.57
50.1,3.18213,0,800,True,150.0,31.07,0.57
50.1,3.28213,0,800,True,150.0,31.07,0.57
50.1,3.38213,0,800,True,150.0,31.07,0.57
50.1,3.48213,0,800,True,150.0,31.07,0.57
50.1,3.58213,0,800,True,150.0,31.07,0.57
50.1,3.68213,0,800,True,150.0,31.07,0.57
50.1,3.78213,0,800,True,150.0,31.07,0.57
50.1,3.88213,0,800,True,150.0,31.07,0.57
50.1,3.98213,0,800,True,150.0,31.07,0.57
50.1,4.08213,0,800,True,150.0,31.07,0.57
50.1,4.18213,0,800,True,150.0,31.07,0.57
50.2,1.58213,0,800,True,150.0,31.07,0.57
50.2,1.68213,0,800,True,150.0,31.07,0.57
50.2,1.78213,0,800,True,150.0,31.07,0.57
50.2,1.88213,0,800,True,150.0,31.07,0.57
50.2,1.98213,0,800,True,150.0,31.07,0.57
50.2,2.08213,0,800,True,150.0,31.07,0.57
50.2,2.18213,0,800,True,150.0,31.07,0.57
50.2,2.28213,0,800,True,150.0,31.07,0.57
50.2,2.38213,0,800,True,150.0,31.07,0.57
50.2,2.48213,0,800,True,150.0,31.07,0.57
50.2,2.58213,0,800,True,150.0,31.07,0.57
50.2,2.68213,0,800,True,150.0,31.07,0.57
50.2,2.78213,0,800,True,150.0,31.07,0.57
50.2,2.88213,0,800,True,150.0,31.07,0.57
50.2,2.98213,0,800,True,150.0,31.07,0.57
50.2,3.08213,0,800,True,150.0,31.07,0.57
50.2,3.18213,0,800,True,150.0,31.07,0.57
50.2,3.28213,0,800,True,150.0,31.07,0.57
50.2,3.38213,0,800,True,150.0,31.07,0.57
50.2,3.48213,0,800,True,150.0,31.07,0.57
50.2,3.58213,0,800,True,150.0,31.07,0.57
50.2,3.68213,0,800,True,150.0,31.07,0.57
50.2,3.78213,0,800,True,150.0,31.07,0.57
50.2,3.88213,0,800,True,150.0,31.07,0.57
50.2,3.98213,0,800,True,150.0,31.07,0.57
50.2,4.08213,0,800,True,150.0,31.07,0.57
50.3,3.98213,0,800,True,150.0,31.07,0.57
50.3,4.08213,0,800,True,150.0,31.07,0.57
50.3,1.58213,0,800,True,150.0,31.07,0.57
50.3,1.68213,0,800,True,150.0,31.07,0.57
50.3,1.78213,0,800,True,150.0,31.07,0.57
50.3,1.88213,0,800,True,150.0,31.07,0.57
50.3,1.98213,0,800,True,150.0,31.07,0.57
50.3,2.08213,0,800,True,150.0,31.07,0.57
50.3,2.18213,0,800,True,150.0,31.07,0.57
50.3,2.28213,0,800,True,150.0,31.07,0.57
50.3,2.38213,0,800,True,150.0,31.07,0.57
50.3,2.48213,0,800,True,150.0,31.07,0.57
50.3,2.58213,0,800,True,150.0,31.07,0.57
50.3,2.68213,0,800,True,150.0,31.07,0.57
50.3,2.78213,0,800,True,150.0,31.07,0.57
50.3,2.88213,0,800,True,150.0,31.07,0.57
50.3,2.98213,0,800,True,150.0,31.07,0.57
50.3,3.08213,0,800,True,150.0,31.07,0.57
50.3,3.18213,0,800,True,150.0,31.07,0.57
50.3,3.28213,0,800,True,150.0,31.07,0.57
50.3,3.38213,0,800,True,150.0,31.07,0.57
50.3,3.48213,0,800,True,150.0,31.07,0.57
50.3,3.58213,0,800,True,150.0,31.07,0.57
50.3,3.68213,0,800,True,150.0,31.07,0.57
50.3,3.78213,0,800,True,150.0,31.07,0.57
50.3,3.88213,0,800,True,150.0,31.07,0.57
50.4,1.58213,0,800,True,150.0,31.07,0.57
50.4,1.68213,0,800,True,150.0,31.07,0.57
50.4,1.78213,0,800,True,150.0,31.07,0.57
50.4,1.88213,0,800,True,150.0,31.07,0.57
50.4,1.98213,0,800,True,150.0,31.07,0.57
50.4,2.08213,0,800,True,150.0,31.07,0.57
50.4,2.18213,0,800,True,150.0,31.07,0.57
50.4,2.28213,0,800,True,150.0,31.07,0.57
50.4,2.38213,0,800,True,150.0,31.07,0.57
50.4,2.48213,0,800,True,150.0,31.07,0.57
50.4,2.58213,0,800,True,150.0,31.07,0.57
50.4,2.68213,0,800,True,150.0,31.07,0.57
50.4,2.78213,0,800,True,150.0,31.07,0.57
50.4,2.88213,0,800,True,150.0,31.07,0.57
50.4,2.98213,0,800,True,150.0,31.07,0.57
50.4,3.08213,0,800,True,150.0,31.07,0.57
50.4,3.18213,0,800,True,150.0,31.07,0.57
50.4,3.28213,0,800,True,150.0,31.07,0.57
50.4,3.38213,0,800,True,150.0,31.07,0.57
50.4,3.48213,0,800,True,150.0,31.07,0.57
50.4,3.58213,0,800,True,150.0,31.07,0.57
50.5,1.58213,0,800,True,150.0,31.07,0.57
50.5,1.68213,0,800,True,150.0,31.07,0.57
50.5,1.78213,0,800,True,150.0,31.07,0.57
50.5,1.88213,0,800,True,150.0,31.07,0.57
50.5,1.98213,0,800,True,150.0,31.07,0.57
50.5,2.08213,0,800,True,150.0,31.07,0.57
50.5,2.18213,0,800,True,150.0,31.07,0.57
50.5,2.28213,0,800,True,150.0,31.07,0.57
50.5,2.38213,0,800,True,150.0,31.07,0.57
50.5,2.48213,0,800,True,150.0,31.07,0.57
50.5,2.58213,0,800,True,150.0,31.07,0.57
50.5,2.68213,0,800,True,150.0,31.07,0.57
50.5,2.78213,0,800,True,150.0,31.07,0.57
50.5,2.88213,0,800,True,150.0,31.07,0.57
50.5,2.98213,0,800,True,150.0,31.07,0.57
50.5,3.08213,0,800,True,150.0,31.07,0.57
50.5,3.18213,0,800,True,150.0,31.07,0.57
50.5,3.28213,0,800,True,150.0,31.07,0.57
50.5,3.48213,0,800,True,150.0,31.07,0.57
50.6,1.58213,0,800,True,150.0,31.07,0.57
50.6,1.68213,0,800,True,150.0,31.07,0.57
50.6,1.78213,0,800,True,150.0,31.07,0.57
50.6,1.88213,0,800,True,150.0,31.07,0.57
50.6,1.98213,0,800,True,150.0,31.07,0.57
50.6,2.08213,0,800,True,150.0,31.07,0.57
50.6,2.18213,0,800,True,150.0,31.07,0.57
50.6,2.28213,0,800,True,150.0,31.07,0.57
50.6,2.38213,0,800,True,150.0,31.07,0.57
50.6,2.48213,0,800,True,150.0,31.07,0.57
50.6,2.58213,0,800,True,150.0,31.07,0.57
50.6,2.68213,0,800,True,150.0,31.07,0.57
50.6,2.78213,0,800,True,150.0,31.07,0.57
50.6,2.88213,0,800,True,150.0,31.07,0.57
50.6,2.98213,0,800,True,150.0,31.07,0.57
50.6,3.08213,0,800,True,150.0,31.07,0.57
50.6,3.18213,0,800,True,150.0,31.07,0.57
50.7,1.58213,0,800,True,150.0,31.07,0.57
50.7,1.68213,0,800,True,150.0,31.07,0.57
50.7,1.78213,0,800,True,150.0,31.07,0.57
50.7,1.88213,0,800,True,150.0,31.07,0.57
50.7,1.98213,0,800,True,150.0,31.07,0.57
50.7,2.08213,0,800,True,150.0,31.07,0.57
50.7,2.18213,0,800,True,150.0,31.07,0.57
50.7,2.28213,0,800,True,150.0,31.07,0.57
50.7,2.38213,0,800,True,150.0,31.07,0.57
50.7,2.48213,0,800,True,150.0,31.07,0.57
50.7,2.58213,0,800,True,150.0,31.07,0.57
50.7,2.68213,0,800,True,150.0,31.07,0.57
50.7,2.78213,0,800,True,150.0,31.07,0.57
50.7,2.88213,0,800,True,150.0,31.07,0.57
50.7,2.98213,0,800,True,150.0,31.07,0.57
50.7,3.08213,0,800,True,150.0,31.07,0.57
50.7,3.18213,0,800,True,150.0,31.07,0.57
50.8,1.68213,0,800,True,150.0,31.07,0.57
50.8,1.78213,0,800,True,150.0,31.07,0.57
50.8,1.88213,0,800,True,150.0,31.07,0.57
50.8,1.98213,0,800,True,150.0,31.07,0.57
50.8,2.08213,0,800,True,150.0,31.07,0.57
50.8,2.18213,0,800,True,150.0,31.07,0.57
50.8,2.28213,0,800,True,150.0,31.07,0.57
50.8,2.38213,0,800,True,150.0,31.07,0.57
50.8,2.48213,0,800,True,150.0,31.07,0.57
50.8,2.58213,0,800,True,150.0,31.07,0.57
50.8,2.68213,0,800,True,150.0,31.07,0.57
50.9,1.68213,0,800,True,150.0,31.07,0.57
50.9,1.78213,0,800,True,150.0,31.07,0.57
50.9,1.88213,0,800,True,150.0,31.07,0.57
50.9,1.98213,0,800,True,150.0,31.07,0.57
50.9,2.08213,0,800,True,150.0,31.07,0.57
50.9,2.18213,0,800,True,150.0,31.07,0.57
50.9,2.28213,0,800,True,150.0,31.07,0.57
50.9,2.38213,0,800,True,150.0,31.07,0.57
50.9,2.48213,0,800,True,150.0,31.07,0.57
50.9,2.58213,0,800,True,150.0,31.07,0.57
51.0,1.98213,0,800,True,150.0,31.07,0.57
51.0,2.08213,0,800,True,150.0,31.07,0.57
51.0,2.18213,0,800,True,150.0,31.07,0.57
51.0,2.28213,0,800,True,150.0,31.07,0.57
51.0,2.38213,0,800,True,150.0,31.07,0.57
51.0,2.48213,0,800,True,150.0,31.07,0.57
