# mean, investigation_time=1.0, imt="PGA", checksum=34932175
lon,lat,depth,poe-0.0050000,poe-0.0070000,poe-0.0098000,poe-0.0137000,poe-0.0192000,poe-0.0269000,poe-0.0376000,poe-0.0527000,poe-0.0738000,poe-0.1030000,poe-0.1450000,poe-0.2030000,poe-0.2840000,poe-0.3970000,poe-0.5560000,poe-0.7780000,poe-1.0900000,poe-1.5200000,poe-2.1300000
10.20000,43.10000,0.00000,1.000000E-01,1.000000E-01,1.000000E-01,1.000000E-01,1.000000E-01,1.000000E-01,1.000000E-01,1.000000E-01,9.930708E-02,9.222650E-02,7.679578E-02,5.401309E-02,2.997171E-02,1.198855E-02,2.381972E-03,0.000000E+00,0.000000E+00,0.000000E+00,0.000000E+00
