# source_model_tree_path=('b1',), gsim_tree_path=('b1',), investigation_time=1.0, imt="PGA"
lon,lat,depth,poe-0.005,poe-0.007,poe-0.0098,poe-0.0137,poe-0.0192,poe-0.0269,poe-0.0376,poe-0.0527,poe-0.0738,poe-0.103,poe-0.145,poe-0.203,poe-0.284,poe-0.397,poe-0.556,poe-0.778,poe-1.09,poe-1.52,poe-2.13
10.20000,43.10000,0.00000,1.000000E-01,1.000000E-01,1.000000E-01,1.000000E-01,1.000000E-01,1.000000E-01,1.000000E-01,1.000000E-01,9.930708E-02,9.222650E-02,7.679578E-02,5.401309E-02,2.997171E-02,1.198855E-02,2.381972E-03,0.000000E+00,0.000000E+00,0.000000E+00,0.000000E+00
