site_id,event_id,gmv_PGA
0,0,5.036807E-02
0,1,8.167558E-02
0,2,6.586903E-02
0,3,7.607169E-02
0,4,8.806561E-02
0,5,1.340815E-01
0,6,1.442663E-01
0,7,1.206601E-01
0,8,5.675948E-02
0,9,4.542040E-02
0,10,7.046267E-02
0,11,1.072406E-01
0,12,1.061462E-01
0,13,1.324051E-01
0,14,9.104716E-02
0,15,4.115751E-02
0,16,1.426076E-01
0,17,1.328284E-01
