site_id,event_id,gmv_PGA
0,5,1.075651E-01
0,6,1.475638E-01
0,7,1.692690E-01
0,11,1.462167E-01
0,17,1.090224E-01
0,18,1.540592E-01
