event_id,site_id,gmv_PGA
5,0,1.075651E-01
6,0,1.475638E-01
7,0,1.692690E-01
11,0,1.462167E-01
17,0,1.090224E-01
18,0,1.540592E-01
