event_id,site_id,gmv_PGA
0,0,5.036807E-02
1,0,8.167558E-02
2,0,6.586903E-02
3,0,7.607169E-02
4,0,8.806561E-02
5,0,1.340815E-01
6,0,1.442663E-01
7,0,1.206601E-01
8,0,5.675948E-02
9,0,4.542040E-02
10,0,7.046267E-02
11,0,1.072406E-01
12,0,1.061462E-01
13,0,1.324051E-01
14,0,9.104716E-02
15,0,4.115751E-02
16,0,1.426076E-01
17,0,1.328284E-01
