# mean, investigation_time=1.0, imt="PGA", checksum=4228792571
lon,lat,depth,poe-0.1000000,poe-0.4000000,poe-0.6000000
0.00000,0.00000,0.00000,4.563774E-01,6.293254E-02,2.995505E-03
