# mean, investigation_time=50.0, imt="PGA"
lon,lat,depth,poe-0.005,poe-0.007,poe-0.0098,poe-0.0137,poe-0.0192
0.00000,0.00000,0.00000,9.491398E-01,9.131039E-01,8.558179E-01,7.815607E-01,7.004754E-01
