# mean, investigation_time=50.0, imt="PGA"
lon,lat,depth,poe-0.005,poe-0.007,poe-0.0098,poe-0.0137,poe-0.0192
0.00000,0.00000,0.00000,9.660932E-01,9.420692E-01,9.038758E-01,8.543141E-01,7.995227E-01
