# mean, investigation_time=50.0, imt="PGA", checksum=1437466600
lon,lat,depth,poe-0.005,poe-0.007,poe-0.0098,poe-0.0137,poe-0.0192
0.00000,0.00000,0.00000,9.651554E-01,9.330035E-01,8.994024E-01,8.657474E-01,8.106824E-01
