# mean, investigation_time=50.0
lon,lat,PGA-0.005,PGA-0.007,PGA-0.0098,PGA-0.0137,PGA-0.0192
0.00000,0.00000,9.649894E-01,9.365620E-01,8.999013E-01,8.490570E-01,7.886805E-01
