# mean, investigation_time=50.0, imt="PGA"
lon,lat,depth,poe-0.005,poe-0.007,poe-0.0098,poe-0.0137,poe-0.0192
0.00000,0.00000,0.00000,9.738458E-01,9.526066E-01,9.155653E-01,8.629903E-01,7.972568E-01
