# mean, investigation_time=50.0, imt="PGA", checksum=1437466600
lon,lat,depth,poe-0.005,poe-0.007,poe-0.0098,poe-0.0137,poe-0.0192
0.00000,0.00000,0.00000,9.650368E-01,9.303416E-01,8.886728E-01,8.398755E-01,7.735429E-01
