# mean, investigation_time=50.0,imt=PGA
lon,lat,depth,PGA-0.005:float32,PGA-0.007:float32,PGA-0.0098:float32,PGA-0.0137:float32,PGA-0.0192:float32
0.00000,0.00000,0.00000,9.660932E-01,9.420692E-01,9.038758E-01,8.543141E-01,7.995227E-01
