# mean, investigation_time=50.0
lon,lat,PGA-0.005,PGA-0.007,PGA-0.0098,PGA-0.0137,PGA-0.0192
0.00000,0.00000,9.660932E-01,9.420692E-01,9.038757E-01,8.543141E-01,7.995227E-01
