# quantile-0.1, investigation_time=50.0, imt="PGA"
lon,lat,depth,poe-0.005,poe-0.007,poe-0.0098,poe-0.0137,poe-0.0192
0.00000,0.00000,0.00000,8.861672E-01,8.051099E-01,6.735100E-01,5.482531E-01,4.123141E-01
