# quantile-0.1, investigation_time=50.0, imt="PGA"
lon,lat,depth,poe-0.005,poe-0.007,poe-0.0098,poe-0.0137,poe-0.0192
0.00000,0.00000,0.00000,8.469004E-01,7.662103E-01,6.345649E-01,5.244738E-01,4.153060E-01
