# quantile-0.1, investigation_time=50.0
lon,lat,PGA-0.005,PGA-0.007,PGA-0.0098,PGA-0.0137,PGA-0.0192
0.00000,0.00000,8.499217E-01,7.455006E-01,6.202456E-01,5.014274E-01,3.761533E-01
