# quantile-0.1, investigation_time=50.0, imt="PGA"
lon,lat,depth,poe-0.005,poe-0.007,poe-0.0098,poe-0.0137,poe-0.0192
0.00000,0.00000,0.00000,8.531988E-01,7.737604E-01,6.461177E-01,5.338646E-01,4.229445E-01
