# quantile-0.1, investigation_time=50.0, imt="PGA", checksum=1437466600
lon,lat,depth,poe-0.005,poe-0.007,poe-0.0098,poe-0.0137,poe-0.0192
0.00000,0.00000,0.00000,8.374141E-01,7.510124E-01,6.630084E-01,5.744463E-01,4.239879E-01
