# quantile-0.1, investigation_time=50.0
lon,lat,PGA-0.005,PGA-0.007,PGA-0.0098,PGA-0.0137,PGA-0.0192
0.00000,0.00000,8.531989E-01,7.737604E-01,6.461177E-01,5.338646E-01,4.229446E-01
