rlz_id,branch_path,weight
0,0~0,3.0000001e-01
1,0~1,1.8000001e-01
2,0~2,1.2000000e-01
3,1~0,2.0000000e-01
4,1~1,1.2000000e-01
5,1~2,7.9999998e-02
