ordinal,branch_path,weight
0,b11~b11,3.0000001e-01
1,b11~b12,1.8000001e-01
2,b11~b13,1.2000000e-01
3,b12~b11,2.0000000e-01
4,b12~b12,1.2000000e-01
5,b12~b13,7.9999998e-02
