# source_model_tree_path=('b1',), gsim_tree_path=('b1', 'b2', 'b3', 'b4'), investigation_time=50.0,imt=PGA
lon,lat,depth,PGA-0.01:float32,PGA-0.02:float32,PGA-0.04:float32,PGA-0.06:float32,PGA-0.08:float32,PGA-0.1:float32,PGA-0.2:float32,PGA-0.3:float32,PGA-0.4:float32,PGA-0.5:float32,PGA-0.6:float32,PGA-0.7:float32,PGA-0.8:float32,PGA-0.9:float32,PGA-1.0:float32,PGA-1.2:float32,PGA-1.4:float32,PGA-1.6:float32,PGA-1.8:float32,PGA-2.0:float32,PGA-2.2:float32,PGA-2.4:float32,PGA-2.6:float32,PGA-2.8:float32,PGA-3.0:float32,PGA-3.5:float32,PGA-4.0:float32,PGA-4.5:float32,PGA-5.0:float32
174.32401,-35.72500,0.00000,1.881911E-04,7.877728E-06,9.903580E-09,0.000000E+00,0.000000E+00,0.000000E+00,0.000000E+00,0.000000E+00,0.000000E+00,0.000000E+00,0.000000E+00,0.000000E+00,0.000000E+00,0.000000E+00,0.000000E+00,0.000000E+00,0.000000E+00,0.000000E+00,0.000000E+00,0.000000E+00,0.000000E+00,0.000000E+00,0.000000E+00,0.000000E+00,0.000000E+00,0.000000E+00,0.000000E+00,0.000000E+00,0.000000E+00
