# source_model_tree_path=('b1',), gsim_tree_path=('b1', 'b2', 'b3', 'b4'), investigation_time=50.0, imt="PGA"
lon,lat,depth,poe-0.01,poe-0.02,poe-0.04,poe-0.06,poe-0.08,poe-0.1,poe-0.2,poe-0.3,poe-0.4,poe-0.5,poe-0.6,poe-0.7,poe-0.8,poe-0.9,poe-1.0,poe-1.2,poe-1.4,poe-1.6,poe-1.8,poe-2.0,poe-2.2,poe-2.4,poe-2.6,poe-2.8,poe-3.0,poe-3.5,poe-4.0,poe-4.5,poe-5.0
174.32401,-35.72500,0.00000,1.881911E-04,7.877728E-06,9.903580E-09,0.000000E+00,0.000000E+00,0.000000E+00,0.000000E+00,0.000000E+00,0.000000E+00,0.000000E+00,0.000000E+00,0.000000E+00,0.000000E+00,0.000000E+00,0.000000E+00,0.000000E+00,0.000000E+00,0.000000E+00,0.000000E+00,0.000000E+00,0.000000E+00,0.000000E+00,0.000000E+00,0.000000E+00,0.000000E+00,0.000000E+00,0.000000E+00,0.000000E+00,0.000000E+00
