event_id,rup_id,year,rlzi,magnitude,centroid_lon,centroid_lat,centroid_depth,structural
2074469203968,483,1,0,4.00000E+00,-1.22034E+02,3.81124E+01,1.00000E+00,2.36651E+02
2083059138560,485,1,0,4.00000E+00,-1.21988E+02,3.81124E+01,1.00000E+00,2.40173E+02
2340757176320,545,1,1,5.05000E+00,-1.22000E+02,3.81709E+01,1.10000E+01,2.61187E+02
