event_id,rup_id,year,rlzi,magnitude,centroid_lon,centroid_lat,centroid_depth,structural
2267742732288,528,1,0,4.00000E+00,-1.21965E+02,3.81124E+01,1.00000E+00,1.25912E+03
2345052143616,546,1,1,5.05000E+00,-1.22000E+02,3.81529E+01,3.00000E+00,3.80006E+02
