# mean, investigation_time=1.0, checksum=425328560
lon,lat,PGA-0.002107,PGA-0.000404,SA(0.1)-0.002107,SA(0.1)-0.000404,SA(0.5)-0.002107,SA(0.5)-0.000404,SA(2.0)-0.002107,SA(2.0)-0.000404
-155.76871,21.60952,1.968212E-02,3.014913E-02,0.000000E+00,0.000000E+00,0.000000E+00,0.000000E+00,0.000000E+00,0.000000E+00
