# mean, investigation_time=1.0, imt="PGA", checksum=2927813965
lon,lat,depth,poe-0.0100000,poe-0.0500000,poe-0.1000000,poe-0.2000000,poe-0.3000000,poe-0.5000000,poe-0.7500000,poe-1.0000000
-65.28146,0.00000,0.00000,9.950127E-03,9.853047E-03,9.174108E-03,6.886744E-03,4.837604E-03,2.373914E-03,1.055236E-03,5.142196E-04
-64.38200,0.00000,0.00000,9.920914E-03,7.336117E-03,3.884767E-03,1.160542E-03,4.191100E-04,8.154785E-05,1.661420E-05,4.577564E-06
