# quantile-0.84, investigation_time=1.0, imt="PGA", checksum=2927813965
lon,lat,depth,poe-0.0100000,poe-0.0500000,poe-0.1000000,poe-0.2000000,poe-0.3000000,poe-0.5000000,poe-0.7500000,poe-1.0000000
-65.28146,0.00000,0.00000,9.950151E-03,9.887419E-03,9.361437E-03,7.317748E-03,5.307470E-03,2.716806E-03,1.245672E-03,6.187973E-04
-64.38200,0.00000,0.00000,9.936843E-03,7.924504E-03,4.549091E-03,1.473647E-03,5.531230E-04,1.113947E-04,2.302178E-05,6.359636E-06
