# quantile-0.16, investigation_time=1.0, imt="PGA", checksum=2927813965
lon,lat,depth,poe-0.0100000,poe-0.0500000,poe-0.1000000,poe-0.2000000,poe-0.3000000,poe-0.5000000,poe-0.7500000,poe-1.0000000
-65.28146,0.00000,0.00000,9.950063E-03,9.765395E-03,8.702818E-03,5.813359E-03,3.669916E-03,1.518456E-03,5.752382E-04,2.474084E-04
-64.38200,0.00000,0.00000,9.888595E-03,6.269437E-03,2.720329E-03,6.176594E-04,1.846567E-04,2.760414E-05,4.478740E-06,1.040243E-06
