# quantile-0.5, investigation_time=1.0, imt="PGA", checksum=2927813965
lon,lat,depth,poe-0.0100000,poe-0.0500000,poe-0.1000000,poe-0.2000000,poe-0.3000000,poe-0.5000000,poe-0.7500000,poe-1.0000000
-65.28146,0.00000,0.00000,9.950136E-03,9.856625E-03,9.167150E-03,6.803853E-03,4.700654E-03,2.227135E-03,9.507991E-04,4.470847E-04
-64.38200,0.00000,0.00000,9.918548E-03,7.098069E-03,3.539451E-03,9.569048E-04,3.199670E-04,5.543176E-05,1.014622E-05,2.570523E-06
