#,,,,,,,,,,,,,,,,,,,,,,,,,,,,,,"source_model_tree_path=['b', '1'], gsim_tree_path=['b1'], investigation_time=50.0, imt='PGA'"
lon,lat,depth,poe-0.05,poe-0.1,poe-0.15,poe-0.2,poe-0.25,poe-0.3,poe-0.35,poe-0.39999999999999997,poe-0.44999999999999996,poe-0.49999999999999994,poe-0.5499999999999999,poe-0.6,poe-0.65,poe-0.7,poe-0.75,poe-0.7999999999999999,poe-0.85,poe-0.9,poe-0.95,poe-1.0,poe-1.0499999999999998,poe-1.0999999999999999,poe-1.15,poe-1.2,poe-1.25,poe-1.3,poe-1.3499999999999999,poe-1.4
83.31382,29.46117,0.00000,5.917765E-01,2.482054E-01,1.298604E-01,7.718929E-02,4.912905E-02,3.262872E-02,2.226628E-02,1.553640E-02,1.101803E-02,7.905367E-03,5.741834E-03,4.199803E-03,3.088786E-03,2.292915E-03,1.716475E-03,1.284556E-03,9.583847E-04,7.102377E-04,5.201224E-04,3.899465E-04,2.997725E-04,2.287789E-04,1.726084E-04,1.279545E-04,9.229282E-05,6.368652E-05,4.249201E-05,3.033695E-05
