eid,sid,gmv_PGA
0,0,6.040316E-01
1,0,3.348780E-01
2,0,3.926018E-01
3,0,3.676348E-01
4,0,3.446126E-01
5,0,2.803575E-01
6,0,4.436092E-01
7,0,2.418451E-01
8,0,5.069824E-01
9,0,4.597576E-01
