rlzi,sid,eid,gmv_PGA
0,0,0,6.040316E-01
0,0,1,3.348780E-01
0,0,2,3.926018E-01
0,0,3,3.676348E-01
0,0,4,3.446126E-01
0,0,5,2.803575E-01
0,0,6,4.436092E-01
0,0,7,2.418451E-01
0,0,8,5.069824E-01
0,0,9,4.597576E-01
