structural,structural_ins
8.51288E+02,4.50000E+02
3.28829E+02,0.00000E+00
4.09643E+02,5.96426E+01
3.74689E+02,2.46888E+01
3.42458E+02,0.00000E+00
2.52500E+02,0.00000E+00
4.81053E+02,1.31053E+02
1.98583E+02,0.00000E+00
5.79551E+02,2.29551E+02
5.03661E+02,1.53661E+02
