# source_model_tree_path=('b1',),gsim_tree_path=('b1', 'b21', 'b31', 'b41', 'b53', 'b61', 'b71'),investigation_time=50.0
lon,lat,PGA-0.0009,PGA-0.001,PGA-0.002,PGA-0.003,PGA-0.004,PGA-0.005,PGA-0.007,PGA-0.0098,PGA-0.0137,PGA-0.0192,PGA-0.0269,PGA-0.0376,PGA-0.0527,PGA-0.0738,PGA-0.103,PGA-0.145,PGA-0.203,PGA-0.284,PGA-0.397,PGA-0.556,PGA-0.778,PGA-1.09,PGA-1.52,PGA-2.13,PGA-2.85,PGA-3.45,SA(0.1)-0.0009,SA(0.1)-0.001,SA(0.1)-0.002,SA(0.1)-0.003,SA(0.1)-0.004,SA(0.1)-0.005,SA(0.1)-0.007,SA(0.1)-0.0098,SA(0.1)-0.0137,SA(0.1)-0.0192,SA(0.1)-0.0269,SA(0.1)-0.0376,SA(0.1)-0.0527,SA(0.1)-0.0738,SA(0.1)-0.103,SA(0.1)-0.145,SA(0.1)-0.203,SA(0.1)-0.284,SA(0.1)-0.397,SA(0.1)-0.556,SA(0.1)-0.778,SA(0.1)-1.09,SA(0.1)-1.52,SA(0.1)-2.13,SA(0.1)-2.85,SA(0.1)-3.45,SA(0.15)-0.0009,SA(0.15)-0.001,SA(0.15)-0.002,SA(0.15)-0.003,SA(0.15)-0.004,SA(0.15)-0.005,SA(0.15)-0.007,SA(0.15)-0.0098,SA(0.15)-0.0137,SA(0.15)-0.0192,SA(0.15)-0.0269,SA(0.15)-0.0376,SA(0.15)-0.0527,SA(0.15)-0.0738,SA(0.15)-0.103,SA(0.15)-0.145,SA(0.15)-0.203,SA(0.15)-0.284,SA(0.15)-0.397,SA(0.15)-0.556,SA(0.15)-0.778,SA(0.15)-1.09,SA(0.15)-1.52,SA(0.15)-2.13,SA(0.15)-2.85,SA(0.15)-3.45
16.26570,39.30020,8.393276E-01,8.382264E-01,8.234996E-01,8.052934E-01,7.857611E-01,7.657630E-01,7.258504E-01,6.721509E-01,6.035717E-01,5.198494E-01,4.252965E-01,3.276333E-01,2.344035E-01,1.549338E-01,9.439744E-02,5.157261E-02,2.558198E-02,1.122492E-02,4.222149E-03,1.280691E-03,3.020521E-04,4.850175E-05,3.428024E-06,1.250045E-08,0.000000E+00,0.000000E+00,8.423250E-01,8.419278E-01,8.357154E-01,8.269144E-01,8.167716E-01,8.059037E-01,7.831672E-01,7.508110E-01,7.067425E-01,6.484315E-01,5.754665E-01,4.899602E-01,3.951908E-01,2.995420E-01,2.121980E-01,1.374943E-01,8.232253E-02,4.496568E-02,2.216145E-02,9.603346E-03,3.563190E-03,1.072826E-03,2.573798E-04,4.026497E-05,3.846773E-06,2.442443E-07,8.422542E-01,8.418377E-01,8.353655E-01,8.262427E-01,8.157578E-01,8.045407E-01,7.811059E-01,7.478091E-01,7.025567E-01,6.428818E-01,5.685971E-01,4.821726E-01,3.872523E-01,2.924242E-01,2.066955E-01,1.339932E-01,8.058305E-02,4.443898E-02,2.225670E-02,9.892199E-03,3.821257E-03,1.238123E-03,3.309441E-04,6.254777E-05,8.890847E-06,1.341284E-06
