# source_model_tree_path=('b1',),gsim_tree_path=('b1', 'b21', 'b31', 'b41', 'b52', 'b61', 'b71'),investigation_time=50.0
lon,lat,PGA-0.0009,PGA-0.001,PGA-0.002,PGA-0.003,PGA-0.004,PGA-0.005,PGA-0.007,PGA-0.0098,PGA-0.0137,PGA-0.0192,PGA-0.0269,PGA-0.0376,PGA-0.0527,PGA-0.0738,PGA-0.103,PGA-0.145,PGA-0.203,PGA-0.284,PGA-0.397,PGA-0.556,PGA-0.778,PGA-1.09,PGA-1.52,PGA-2.13,PGA-2.85,PGA-3.45,SA(0.1)-0.0009,SA(0.1)-0.001,SA(0.1)-0.002,SA(0.1)-0.003,SA(0.1)-0.004,SA(0.1)-0.005,SA(0.1)-0.007,SA(0.1)-0.0098,SA(0.1)-0.0137,SA(0.1)-0.0192,SA(0.1)-0.0269,SA(0.1)-0.0376,SA(0.1)-0.0527,SA(0.1)-0.0738,SA(0.1)-0.103,SA(0.1)-0.145,SA(0.1)-0.203,SA(0.1)-0.284,SA(0.1)-0.397,SA(0.1)-0.556,SA(0.1)-0.778,SA(0.1)-1.09,SA(0.1)-1.52,SA(0.1)-2.13,SA(0.1)-2.85,SA(0.1)-3.45,SA(0.15)-0.0009,SA(0.15)-0.001,SA(0.15)-0.002,SA(0.15)-0.003,SA(0.15)-0.004,SA(0.15)-0.005,SA(0.15)-0.007,SA(0.15)-0.0098,SA(0.15)-0.0137,SA(0.15)-0.0192,SA(0.15)-0.0269,SA(0.15)-0.0376,SA(0.15)-0.0527,SA(0.15)-0.0738,SA(0.15)-0.103,SA(0.15)-0.145,SA(0.15)-0.203,SA(0.15)-0.284,SA(0.15)-0.397,SA(0.15)-0.556,SA(0.15)-0.778,SA(0.15)-1.09,SA(0.15)-1.52,SA(0.15)-2.13,SA(0.15)-2.85,SA(0.15)-3.45
16.26570,39.30020,8.428163E-01,8.423352E-01,8.287967E-01,8.029660E-01,7.707337E-01,7.354417E-01,6.619006E-01,5.615971E-01,4.389907E-01,3.077837E-01,1.915389E-01,1.068250E-01,5.387841E-02,2.515582E-02,1.100521E-02,4.299807E-03,1.507206E-03,4.478501E-04,1.063060E-04,1.798384E-05,1.720381E-06,3.585574E-08,0.000000E+00,0.000000E+00,0.000000E+00,0.000000E+00,8.435572E-01,8.435517E-01,8.426540E-01,8.390189E-01,8.322303E-01,8.227171E-01,7.977539E-01,7.547823E-01,6.880753E-01,5.923041E-01,4.697240E-01,3.345080E-01,2.079114E-01,1.120386E-01,5.284698E-02,2.133512E-02,7.672853E-03,2.429781E-03,6.573356E-04,1.411248E-04,2.156649E-05,1.659928E-06,1.282215E-08,0.000000E+00,0.000000E+00,0.000000E+00,8.435588E-01,8.435569E-01,8.429759E-01,8.402838E-01,8.349193E-01,8.270918E-01,8.057491E-01,7.676788E-01,7.068229E-01,6.170775E-01,4.990009E-01,3.647012E-01,2.344963E-01,1.319243E-01,6.569996E-02,2.850699E-02,1.124362E-02,3.998984E-03,1.254273E-03,3.282850E-04,6.745561E-05,9.315600E-06,5.810151E-07,1.532047E-09,0.000000E+00,0.000000E+00
