# mean, investigation_time=50.0, imt="SA(0.15)", checksum=1791718331
lon,lat,depth,poe-0.0009,poe-0.001,poe-0.002,poe-0.003,poe-0.004,poe-0.005,poe-0.007,poe-0.0098,poe-0.0137,poe-0.0192,poe-0.0269,poe-0.0376,poe-0.0527,poe-0.0738,poe-0.103,poe-0.145,poe-0.203,poe-0.284,poe-0.397,poe-0.556,poe-0.778,poe-1.09,poe-1.52,poe-2.13,poe-2.85,poe-3.45
16.26570,39.30020,0.00000,6.323413E-01,6.320174E-01,6.260006E-01,6.171500E-01,6.073505E-01,5.973657E-01,5.777763E-01,5.516479E-01,5.172147E-01,4.714520E-01,4.126697E-01,3.423729E-01,2.651668E-01,1.907990E-01,1.278519E-01,7.870422E-02,4.559221E-02,2.488562E-02,1.292592E-02,6.430549E-03,3.140465E-03,1.532801E-03,7.648908E-04,3.820151E-04,2.092244E-04,1.395240E-04
