# mean, investigation_time=50.0,imt=SA(0.15)
lon,lat,depth,poe-0.0009,poe-0.001,poe-0.002,poe-0.003,poe-0.004,poe-0.005,poe-0.007,poe-0.0098,poe-0.0137,poe-0.0192,poe-0.0269,poe-0.0376,poe-0.0527,poe-0.0738,poe-0.103,poe-0.145,poe-0.203,poe-0.284,poe-0.397,poe-0.556,poe-0.778,poe-1.09,poe-1.52,poe-2.13,poe-2.85,poe-3.45
16.26570,39.30020,0.00000,6.813998E-01,6.809064E-01,6.729872E-01,6.624133E-01,6.510904E-01,6.396773E-01,6.173368E-01,5.875276E-01,5.484548E-01,4.972075E-01,4.324850E-01,3.563682E-01,2.740349E-01,1.957967E-01,1.303554E-01,7.976264E-02,4.596749E-02,2.499588E-02,1.295067E-02,6.434042E-03,3.140855E-03,1.533051E-03,7.650514E-04,3.821155E-04,2.092892E-04,1.395715E-04
