# mean, investigation_time=50.0
lon,lat,PGA-0.0009,PGA-0.001,PGA-0.002,PGA-0.003,PGA-0.004,PGA-0.005,PGA-0.007,PGA-0.0098,PGA-0.0137,PGA-0.0192,PGA-0.0269,PGA-0.0376,PGA-0.0527,PGA-0.0738,PGA-0.103,PGA-0.145,PGA-0.203,PGA-0.284,PGA-0.397,PGA-0.556,PGA-0.778,PGA-1.09,PGA-1.52,PGA-2.13,PGA-2.85,PGA-3.45,SA(0.1)-0.0009,SA(0.1)-0.001,SA(0.1)-0.002,SA(0.1)-0.003,SA(0.1)-0.004,SA(0.1)-0.005,SA(0.1)-0.007,SA(0.1)-0.0098,SA(0.1)-0.0137,SA(0.1)-0.0192,SA(0.1)-0.0269,SA(0.1)-0.0376,SA(0.1)-0.0527,SA(0.1)-0.0738,SA(0.1)-0.103,SA(0.1)-0.145,SA(0.1)-0.203,SA(0.1)-0.284,SA(0.1)-0.397,SA(0.1)-0.556,SA(0.1)-0.778,SA(0.1)-1.09,SA(0.1)-1.52,SA(0.1)-2.13,SA(0.1)-2.85,SA(0.1)-3.45,SA(0.15)-0.0009,SA(0.15)-0.001,SA(0.15)-0.002,SA(0.15)-0.003,SA(0.15)-0.004,SA(0.15)-0.005,SA(0.15)-0.007,SA(0.15)-0.0098,SA(0.15)-0.0137,SA(0.15)-0.0192,SA(0.15)-0.0269,SA(0.15)-0.0376,SA(0.15)-0.0527,SA(0.15)-0.0738,SA(0.15)-0.103,SA(0.15)-0.145,SA(0.15)-0.203,SA(0.15)-0.284,SA(0.15)-0.397,SA(0.15)-0.556,SA(0.15)-0.778,SA(0.15)-1.09,SA(0.15)-1.52,SA(0.15)-2.13,SA(0.15)-2.85,SA(0.15)-3.45
16.26570,39.30020,3.804446E-01,3.803077E-01,3.767960E-01,3.705820E-01,3.632819E-01,3.556576E-01,3.401533E-01,3.177809E-01,2.856339E-01,2.419114E-01,1.901196E-01,1.380328E-01,9.237650E-02,5.766584E-02,3.405189E-02,1.871585E-02,9.841333E-03,4.917140E-03,2.309368E-03,1.017770E-03,4.425851E-04,1.914618E-04,8.225490E-05,3.301419E-05,1.377367E-05,7.292653E-06,3.806664E-01,3.806649E-01,3.803467E-01,3.791909E-01,3.771647E-01,3.744624E-01,3.677775E-01,3.571315E-01,3.416502E-01,3.195987E-01,2.891064E-01,2.494893E-01,2.021578E-01,1.528177E-01,1.078279E-01,6.996408E-02,4.247914E-02,2.410083E-02,1.283415E-02,6.408544E-03,3.072910E-03,1.467795E-03,7.234165E-04,3.589354E-04,1.956559E-04,1.299724E-04,3.806660E-01,3.806628E-01,3.802673E-01,3.789289E-01,3.766751E-01,3.737545E-01,3.667516E-01,3.559506E-01,3.406473E-01,3.191805E-01,2.895270E-01,2.506054E-01,2.033944E-01,1.534978E-01,1.077280E-01,6.937963E-02,4.186666E-02,2.370959E-02,1.268097E-02,6.407814E-03,3.140852E-03,1.533051E-03,7.650514E-04,3.821155E-04,2.092892E-04,1.395715E-04
