# mean, investigation_time=50.0, imt="SA(0.15)"
lon,lat,depth,poe-0.0009,poe-0.001,poe-0.002,poe-0.003,poe-0.004,poe-0.005,poe-0.007,poe-0.0098,poe-0.0137,poe-0.0192,poe-0.0269,poe-0.0376,poe-0.0527,poe-0.0738,poe-0.103,poe-0.145,poe-0.203,poe-0.284,poe-0.397,poe-0.556,poe-0.778,poe-1.09,poe-1.52,poe-2.13,poe-2.85,poe-3.45
16.26570,39.30020,0.00000,6.323414E-01,6.320175E-01,6.260009E-01,6.171505E-01,6.073511E-01,5.973665E-01,5.777773E-01,5.516493E-01,5.172164E-01,4.714541E-01,4.126723E-01,3.423757E-01,2.651698E-01,1.908019E-01,1.278545E-01,7.870634E-02,4.559385E-02,2.488683E-02,1.292678E-02,6.431139E-03,3.140853E-03,1.533051E-03,7.650514E-04,3.821155E-04,2.092892E-04,1.395715E-04
