# mean, investigation_time=50.0,imt=SA(0.15)
lon,lat,depth,SA(0.15)-0.0009:float32,SA(0.15)-0.001:float32,SA(0.15)-0.002:float32,SA(0.15)-0.003:float32,SA(0.15)-0.004:float32,SA(0.15)-0.005:float32,SA(0.15)-0.007:float32,SA(0.15)-0.0098:float32,SA(0.15)-0.0137:float32,SA(0.15)-0.0192:float32,SA(0.15)-0.0269:float32,SA(0.15)-0.0376:float32,SA(0.15)-0.0527:float32,SA(0.15)-0.0738:float32,SA(0.15)-0.103:float32,SA(0.15)-0.145:float32,SA(0.15)-0.203:float32,SA(0.15)-0.284:float32,SA(0.15)-0.397:float32,SA(0.15)-0.556:float32,SA(0.15)-0.778:float32,SA(0.15)-1.09:float32,SA(0.15)-1.52:float32,SA(0.15)-2.13:float32,SA(0.15)-2.85:float32,SA(0.15)-3.45:float32
16.26570,39.30020,0.00000,3.806660E-01,3.806628E-01,3.802673E-01,3.789289E-01,3.766751E-01,3.737545E-01,3.667516E-01,3.559506E-01,3.406473E-01,3.191805E-01,2.895270E-01,2.506054E-01,2.033944E-01,1.534978E-01,1.077280E-01,6.937963E-02,4.186666E-02,2.370959E-02,1.268097E-02,6.407814E-03,3.140852E-03,1.533051E-03,7.650514E-04,3.821155E-04,2.092892E-04,1.395715E-04
