# source_model_tree_path=('b1',),gsim_tree_path=('b1', 'b21', 'b31', 'b41', 'b54', 'b61', 'b71'),investigation_time=50.0
lon,lat,PGA-0.0009,PGA-0.001,PGA-0.002,PGA-0.003,PGA-0.004,PGA-0.005,PGA-0.007,PGA-0.0098,PGA-0.0137,PGA-0.0192,PGA-0.0269,PGA-0.0376,PGA-0.0527,PGA-0.0738,PGA-0.103,PGA-0.145,PGA-0.203,PGA-0.284,PGA-0.397,PGA-0.556,PGA-0.778,PGA-1.09,PGA-1.52,PGA-2.13,PGA-2.85,PGA-3.45,SA(0.1)-0.0009,SA(0.1)-0.001,SA(0.1)-0.002,SA(0.1)-0.003,SA(0.1)-0.004,SA(0.1)-0.005,SA(0.1)-0.007,SA(0.1)-0.0098,SA(0.1)-0.0137,SA(0.1)-0.0192,SA(0.1)-0.0269,SA(0.1)-0.0376,SA(0.1)-0.0527,SA(0.1)-0.0738,SA(0.1)-0.103,SA(0.1)-0.145,SA(0.1)-0.203,SA(0.1)-0.284,SA(0.1)-0.397,SA(0.1)-0.556,SA(0.1)-0.778,SA(0.1)-1.09,SA(0.1)-1.52,SA(0.1)-2.13,SA(0.1)-2.85,SA(0.1)-3.45,SA(0.15)-0.0009,SA(0.15)-0.001,SA(0.15)-0.002,SA(0.15)-0.003,SA(0.15)-0.004,SA(0.15)-0.005,SA(0.15)-0.007,SA(0.15)-0.0098,SA(0.15)-0.0137,SA(0.15)-0.0192,SA(0.15)-0.0269,SA(0.15)-0.0376,SA(0.15)-0.0527,SA(0.15)-0.0738,SA(0.15)-0.103,SA(0.15)-0.145,SA(0.15)-0.203,SA(0.15)-0.284,SA(0.15)-0.397,SA(0.15)-0.556,SA(0.15)-0.778,SA(0.15)-1.09,SA(0.15)-1.52,SA(0.15)-2.13,SA(0.15)-2.85,SA(0.15)-3.45
16.26570,39.30020,1.718533E-01,1.718533E-01,1.718532E-01,1.718268E-01,1.716917E-01,1.713675E-01,1.699746E-01,1.663443E-01,1.586637E-01,1.449474E-01,1.245602E-01,9.925681E-02,7.235286E-02,4.834890E-02,3.006494E-02,1.741697E-02,9.832975E-03,5.477042E-03,3.048749E-03,1.666093E-03,8.786352E-04,4.352868E-04,2.008288E-04,8.244801E-05,3.443418E-05,1.823163E-05,1.718533E-01,1.718533E-01,1.718533E-01,1.718531E-01,1.718448E-01,1.718137E-01,1.716320E-01,1.710028E-01,1.693567E-01,1.657389E-01,1.588914E-01,1.476499E-01,1.311959E-01,1.102363E-01,8.694475E-02,6.333055E-02,4.309047E-02,2.743655E-02,1.653037E-02,9.512482E-03,5.321985E-03,2.922875E-03,1.610139E-03,8.597426E-04,4.835538E-04,3.239542E-04,1.718533E-01,1.718533E-01,1.718533E-01,1.718533E-01,1.718496E-01,1.718293E-01,1.716887E-01,1.711497E-01,1.696536E-01,1.662337E-01,1.595683E-01,1.483925E-01,1.318054E-01,1.105215E-01,8.683793E-02,6.291787E-02,4.257652E-02,2.700239E-02,1.626012E-02,9.398621E-03,5.312868E-03,2.968876E-03,1.663555E-03,9.018561E-04,5.136502E-04,3.468539E-04
