# mean, investigation_time=50.0, imt="SA(0.1)"
lon,lat,depth,poe-0.0009,poe-0.001,poe-0.002,poe-0.003,poe-0.004,poe-0.005,poe-0.007,poe-0.0098,poe-0.0137,poe-0.0192,poe-0.0269,poe-0.0376,poe-0.0527,poe-0.0738,poe-0.103,poe-0.145,poe-0.203,poe-0.284,poe-0.397,poe-0.556,poe-0.778,poe-1.09,poe-1.52,poe-2.13,poe-2.85,poe-3.45
16.26570,39.30020,0.00000,6.324547E-01,6.321709E-01,6.267021E-01,6.183911E-01,6.089937E-01,5.992664E-01,5.798476E-01,5.535054E-01,5.184849E-01,4.719549E-01,4.125890E-01,3.422749E-01,2.657378E-01,1.923069E-01,1.299061E-01,8.062768E-02,4.693952E-02,2.559447E-02,1.317741E-02,6.444704E-03,3.072911E-03,1.467795E-03,7.234165E-04,3.589354E-04,1.956559E-04,1.299724E-04
