# mean, investigation_time=50.0,imt=SA(0.15)
lon,lat,depth,poe-0.0009,poe-0.001,poe-0.002,poe-0.003,poe-0.004,poe-0.005,poe-0.007,poe-0.0098,poe-0.0137,poe-0.0192,poe-0.0269,poe-0.0376,poe-0.0527,poe-0.0738,poe-0.103,poe-0.145,poe-0.203,poe-0.284,poe-0.397,poe-0.556,poe-0.778,poe-1.09,poe-1.52,poe-2.13,poe-2.85,poe-3.45
16.26570,39.30020,0.00000,6.813998E-01,6.809062E-01,6.729868E-01,6.624126E-01,6.510896E-01,6.396763E-01,6.173354E-01,5.875258E-01,5.484526E-01,4.972049E-01,4.324819E-01,3.563649E-01,2.740315E-01,1.957935E-01,1.303526E-01,7.976039E-02,4.596579E-02,2.499464E-02,1.294980E-02,6.433451E-03,3.140467E-03,1.532801E-03,7.648908E-04,3.820151E-04,2.092244E-04,1.395240E-04
