# source_model_tree_path=('b1',),gsim_tree_path=('b1', 'b21', 'b31', 'b41', 'b54', 'b61', 'b71'),investigation_time=50.0
lon,lat,PGA-0.0009,PGA-0.001,PGA-0.002,PGA-0.003,PGA-0.004,PGA-0.005,PGA-0.007,PGA-0.0098,PGA-0.0137,PGA-0.0192,PGA-0.0269,PGA-0.0376,PGA-0.0527,PGA-0.0738,PGA-0.103,PGA-0.145,PGA-0.203,PGA-0.284,PGA-0.397,PGA-0.556,PGA-0.778,PGA-1.09,PGA-1.52,PGA-2.13,PGA-2.85,PGA-3.45,SA(0.1)-0.0009,SA(0.1)-0.001,SA(0.1)-0.002,SA(0.1)-0.003,SA(0.1)-0.004,SA(0.1)-0.005,SA(0.1)-0.007,SA(0.1)-0.0098,SA(0.1)-0.0137,SA(0.1)-0.0192,SA(0.1)-0.0269,SA(0.1)-0.0376,SA(0.1)-0.0527,SA(0.1)-0.0738,SA(0.1)-0.103,SA(0.1)-0.145,SA(0.1)-0.203,SA(0.1)-0.284,SA(0.1)-0.397,SA(0.1)-0.556,SA(0.1)-0.778,SA(0.1)-1.09,SA(0.1)-1.52,SA(0.1)-2.13,SA(0.1)-2.85,SA(0.1)-3.45,SA(0.15)-0.0009,SA(0.15)-0.001,SA(0.15)-0.002,SA(0.15)-0.003,SA(0.15)-0.004,SA(0.15)-0.005,SA(0.15)-0.007,SA(0.15)-0.0098,SA(0.15)-0.0137,SA(0.15)-0.0192,SA(0.15)-0.0269,SA(0.15)-0.0376,SA(0.15)-0.0527,SA(0.15)-0.0738,SA(0.15)-0.103,SA(0.15)-0.145,SA(0.15)-0.203,SA(0.15)-0.284,SA(0.15)-0.397,SA(0.15)-0.556,SA(0.15)-0.778,SA(0.15)-1.09,SA(0.15)-1.52,SA(0.15)-2.13,SA(0.15)-2.85,SA(0.15)-3.45
16.26570,39.30020,8.410893E-01,8.401262E-01,8.234577E-01,7.993836E-01,7.723271E-01,7.441941E-01,6.878174E-01,6.125208E-01,5.185456E-01,4.093869E-01,2.969843E-01,1.966633E-01,1.183758E-01,6.615086E-02,3.551375E-02,1.852794E-02,9.931915E-03,5.477030E-03,3.048745E-03,1.666092E-03,8.786351E-04,4.352868E-04,2.008288E-04,8.244801E-05,3.443418E-05,1.823163E-05,8.432150E-01,8.430454E-01,8.393220E-01,8.326380E-01,8.240618E-01,8.143152E-01,7.929096E-01,7.611997E-01,7.167605E-01,6.565472E-01,5.795394E-01,4.876465E-01,3.849227E-01,2.821797E-01,1.913868E-01,1.181171E-01,6.811536E-02,3.707326E-02,1.949654E-02,1.012827E-02,5.365885E-03,2.922873E-03,1.610139E-03,8.597425E-04,4.835538E-04,3.239542E-04,8.432809E-01,8.431336E-01,8.396947E-01,8.332585E-01,8.248310E-01,8.151386E-01,7.936235E-01,7.614411E-01,7.160174E-01,6.541826E-01,5.749654E-01,4.806370E-01,3.759132E-01,2.724276E-01,1.824811E-01,1.113068E-01,6.370885E-02,3.467195E-02,1.841949E-02,9.771461E-03,5.327003E-03,2.968870E-03,1.663553E-03,9.018557E-04,5.136501E-04,3.468539E-04
