# source_model_tree_path=('b1',),gsim_tree_path=('b1', 'b21', 'b31', 'b41', 'b53', 'b61', 'b71'),investigation_time=50.0
lon,lat,PGA-0.0009,PGA-0.001,PGA-0.002,PGA-0.003,PGA-0.004,PGA-0.005,PGA-0.007,PGA-0.0098,PGA-0.0137,PGA-0.0192,PGA-0.0269,PGA-0.0376,PGA-0.0527,PGA-0.0738,PGA-0.103,PGA-0.145,PGA-0.203,PGA-0.284,PGA-0.397,PGA-0.556,PGA-0.778,PGA-1.09,PGA-1.52,PGA-2.13,PGA-2.85,PGA-3.45,SA(0.1)-0.0009,SA(0.1)-0.001,SA(0.1)-0.002,SA(0.1)-0.003,SA(0.1)-0.004,SA(0.1)-0.005,SA(0.1)-0.007,SA(0.1)-0.0098,SA(0.1)-0.0137,SA(0.1)-0.0192,SA(0.1)-0.0269,SA(0.1)-0.0376,SA(0.1)-0.0527,SA(0.1)-0.0738,SA(0.1)-0.103,SA(0.1)-0.145,SA(0.1)-0.203,SA(0.1)-0.284,SA(0.1)-0.397,SA(0.1)-0.556,SA(0.1)-0.778,SA(0.1)-1.09,SA(0.1)-1.52,SA(0.1)-2.13,SA(0.1)-2.85,SA(0.1)-3.45,SA(0.15)-0.0009,SA(0.15)-0.001,SA(0.15)-0.002,SA(0.15)-0.003,SA(0.15)-0.004,SA(0.15)-0.005,SA(0.15)-0.007,SA(0.15)-0.0098,SA(0.15)-0.0137,SA(0.15)-0.0192,SA(0.15)-0.0269,SA(0.15)-0.0376,SA(0.15)-0.0527,SA(0.15)-0.0738,SA(0.15)-0.103,SA(0.15)-0.145,SA(0.15)-0.203,SA(0.15)-0.284,SA(0.15)-0.397,SA(0.15)-0.556,SA(0.15)-0.778,SA(0.15)-1.09,SA(0.15)-1.52,SA(0.15)-2.13,SA(0.15)-2.85,SA(0.15)-3.45
16.26570,39.30020,1.718533E-01,1.718533E-01,1.718533E-01,1.718292E-01,1.716591E-01,1.713159E-01,1.701113E-01,1.673637E-01,1.619657E-01,1.525502E-01,1.381903E-01,1.189885E-01,9.591462E-02,7.163127E-02,4.919517E-02,3.025599E-02,1.678519E-02,8.231326E-03,3.485306E-03,1.201464E-03,3.020521E-04,4.850175E-05,3.428024E-06,1.250045E-08,0.000000E+00,0.000000E+00,1.718533E-01,1.718533E-01,1.718533E-01,1.718533E-01,1.718533E-01,1.718447E-01,1.717019E-01,1.711597E-01,1.697439E-01,1.665909E-01,1.605265E-01,1.503779E-01,1.351631E-01,1.151842E-01,9.213391E-02,6.769894E-02,4.572890E-02,2.800838E-02,1.539016E-02,7.429159E-03,3.085144E-03,1.036747E-03,2.573798E-04,4.026497E-05,3.846773E-06,2.442443E-07,1.718533E-01,1.718533E-01,1.718533E-01,1.718533E-01,1.718533E-01,1.718480E-01,1.717145E-01,1.712013E-01,1.698520E-01,1.668274E-01,1.609715E-01,1.511076E-01,1.362252E-01,1.165622E-01,9.373891E-02,6.938914E-02,4.733191E-02,2.937305E-02,1.642294E-02,8.111748E-03,3.471148E-03,1.218910E-03,3.309441E-04,6.254777E-05,8.890847E-06,1.341284E-06
