# mean, investigation_time=50.0,imt=PGA
lon,lat,depth,poe-0.0009,poe-0.001,poe-0.002,poe-0.003,poe-0.004,poe-0.005,poe-0.007,poe-0.0098,poe-0.0137,poe-0.0192,poe-0.0269,poe-0.0376,poe-0.0527,poe-0.0738,poe-0.103,poe-0.145,poe-0.203,poe-0.284,poe-0.397,poe-0.556,poe-0.778,poe-1.09,poe-1.52,poe-2.13,poe-2.85,poe-3.45
16.26570,39.30020,0.00000,6.581740E-02,6.581740E-02,6.581539E-02,6.579501E-02,6.573348E-02,6.561612E-02,6.519084E-02,6.417927E-02,6.210955E-02,5.836068E-02,5.249925E-02,4.464282E-02,3.541603E-02,2.611490E-02,1.794597E-02,1.133623E-02,6.714612E-03,3.715573E-03,1.927335E-03,9.367171E-04,4.332590E-04,1.913295E-04,8.225490E-05,3.301419E-05,1.377367E-05,7.292653E-06
