# mean, investigation_time=50.0,imt=PGA
lon,lat,depth,poe-0.0009,poe-0.001,poe-0.002,poe-0.003,poe-0.004,poe-0.005,poe-0.007,poe-0.0098,poe-0.0137,poe-0.0192,poe-0.0269,poe-0.0376,poe-0.0527,poe-0.0738,poe-0.103,poe-0.145,poe-0.203,poe-0.284,poe-0.397,poe-0.556,poe-0.778,poe-1.09,poe-1.52,poe-2.13,poe-2.85,poe-3.45
16.26570,39.30020,0.00000,6.749272E-01,6.730241E-01,6.511362E-01,6.282482E-01,6.056405E-01,5.834232E-01,5.402559E-01,4.831623E-01,4.117679E-01,3.289471E-01,2.442302E-01,1.686154E-01,1.081024E-01,6.513102E-02,3.732217E-02,1.997811E-02,1.024877E-02,4.995795E-03,2.310630E-03,1.017568E-03,4.424696E-04,1.913987E-04,8.222280E-05,3.299933E-05,1.376667E-05,7.288764E-06
