# mean, investigation_time=50.0, imt="PGA"
lon,lat,depth,poe-0.0009,poe-0.001,poe-0.002,poe-0.003,poe-0.004,poe-0.005,poe-0.007,poe-0.0098,poe-0.0137,poe-0.0192,poe-0.0269,poe-0.0376,poe-0.0527,poe-0.0738,poe-0.103,poe-0.145,poe-0.203,poe-0.284,poe-0.397,poe-0.556,poe-0.778,poe-1.09,poe-1.52,poe-2.13,poe-2.85,poe-3.45
16.26570,39.30020,0.00000,6.275806E-01,6.260522E-01,6.073878E-01,5.875117E-01,5.679992E-01,5.488205E-01,5.111437E-01,4.602132E-01,3.950157E-01,3.178290E-01,2.375525E-01,1.649497E-01,1.062723E-01,6.428407E-02,3.696944E-02,1.986341E-02,1.022104E-02,4.992285E-03,2.310934E-03,1.017770E-03,4.425851E-04,1.914618E-04,8.225490E-05,3.301419E-05,1.377367E-05,7.292653E-06
