# source_model_tree_path=('b1',),gsim_tree_path=('b1', 'b21', 'b31', 'b41', 'b52', 'b61', 'b71'),investigation_time=50.0
lon,lat,PGA-0.0009,PGA-0.001,PGA-0.002,PGA-0.003,PGA-0.004,PGA-0.005,PGA-0.007,PGA-0.0098,PGA-0.0137,PGA-0.0192,PGA-0.0269,PGA-0.0376,PGA-0.0527,PGA-0.0738,PGA-0.103,PGA-0.145,PGA-0.203,PGA-0.284,PGA-0.397,PGA-0.556,PGA-0.778,PGA-1.09,PGA-1.52,PGA-2.13,PGA-2.85,PGA-3.45,SA(0.1)-0.0009,SA(0.1)-0.001,SA(0.1)-0.002,SA(0.1)-0.003,SA(0.1)-0.004,SA(0.1)-0.005,SA(0.1)-0.007,SA(0.1)-0.0098,SA(0.1)-0.0137,SA(0.1)-0.0192,SA(0.1)-0.0269,SA(0.1)-0.0376,SA(0.1)-0.0527,SA(0.1)-0.0738,SA(0.1)-0.103,SA(0.1)-0.145,SA(0.1)-0.203,SA(0.1)-0.284,SA(0.1)-0.397,SA(0.1)-0.556,SA(0.1)-0.778,SA(0.1)-1.09,SA(0.1)-1.52,SA(0.1)-2.13,SA(0.1)-2.85,SA(0.1)-3.45,SA(0.15)-0.0009,SA(0.15)-0.001,SA(0.15)-0.002,SA(0.15)-0.003,SA(0.15)-0.004,SA(0.15)-0.005,SA(0.15)-0.007,SA(0.15)-0.0098,SA(0.15)-0.0137,SA(0.15)-0.0192,SA(0.15)-0.0269,SA(0.15)-0.0376,SA(0.15)-0.0527,SA(0.15)-0.0738,SA(0.15)-0.103,SA(0.15)-0.145,SA(0.15)-0.203,SA(0.15)-0.284,SA(0.15)-0.397,SA(0.15)-0.556,SA(0.15)-0.778,SA(0.15)-1.09,SA(0.15)-1.52,SA(0.15)-2.13,SA(0.15)-2.85,SA(0.15)-3.45
16.26570,39.30020,1.718533E-01,1.718533E-01,1.718533E-01,1.718533E-01,1.718504E-01,1.717991E-01,1.712070E-01,1.684678E-01,1.602284E-01,1.421403E-01,1.131122E-01,7.853861E-02,4.672156E-02,2.406322E-02,1.095049E-02,4.299827E-03,1.507212E-03,4.478508E-04,1.063060E-04,1.798384E-05,1.720381E-06,3.585574E-08,0.000000E+00,0.000000E+00,0.000000E+00,0.000000E+00,1.718533E-01,1.718533E-01,1.718533E-01,1.718533E-01,1.718533E-01,1.718533E-01,1.718284E-01,1.715268E-01,1.700229E-01,1.651759E-01,1.535848E-01,1.324452E-01,1.020133E-01,6.819631E-02,3.899702E-02,1.843579E-02,7.364322E-03,2.427743E-03,6.573364E-04,1.411248E-04,2.156649E-05,1.659928E-06,1.282215E-08,0.000000E+00,0.000000E+00,0.000000E+00,1.718533E-01,1.718533E-01,1.718533E-01,1.718533E-01,1.718533E-01,1.718533E-01,1.718500E-01,1.717177E-01,1.708078E-01,1.674400E-01,1.585068E-01,1.406747E-01,1.128102E-01,7.935803E-02,4.822401E-02,2.456647E-02,1.075285E-02,3.990119E-03,1.254277E-03,3.282858E-04,6.745561E-05,9.315600E-06,5.810151E-07,1.532047E-09,0.000000E+00,0.000000E+00
