# mean, investigation_time=50.0,imt=SA(0.1)
lon,lat,depth,poe-0.0009,poe-0.001,poe-0.002,poe-0.003,poe-0.004,poe-0.005,poe-0.007,poe-0.0098,poe-0.0137,poe-0.0192,poe-0.0269,poe-0.0376,poe-0.0527,poe-0.0738,poe-0.103,poe-0.145,poe-0.203,poe-0.284,poe-0.397,poe-0.556,poe-0.778,poe-1.09,poe-1.52,poe-2.13,poe-2.85,poe-3.45
16.26570,39.30020,0.00000,6.815662E-01,6.811227E-01,6.737970E-01,6.637472E-01,6.527903E-01,6.415896E-01,6.193243E-01,5.891859E-01,5.494168E-01,4.973338E-01,4.320358E-01,3.560046E-01,2.744938E-01,1.973112E-01,1.324557E-01,8.172145E-02,4.732358E-02,2.570158E-02,1.319853E-02,6.446301E-03,3.072541E-03,1.467560E-03,7.232661E-04,3.588418E-04,1.955958E-04,1.299284E-04
