# mean, investigation_time=50.0,imt=SA(0.1)
lon,lat,depth,poe-0.0009,poe-0.001,poe-0.002,poe-0.003,poe-0.004,poe-0.005,poe-0.007,poe-0.0098,poe-0.0137,poe-0.0192,poe-0.0269,poe-0.0376,poe-0.0527,poe-0.0738,poe-0.103,poe-0.145,poe-0.203,poe-0.284,poe-0.397,poe-0.556,poe-0.778,poe-1.09,poe-1.52,poe-2.13,poe-2.85,poe-3.45
16.26570,39.30020,0.00000,6.581740E-02,6.581740E-02,6.581740E-02,6.581716E-02,6.581408E-02,6.580423E-02,6.574892E-02,6.556014E-02,6.504694E-02,6.385723E-02,6.150024E-02,5.748997E-02,5.148266E-02,4.375617E-02,3.515723E-02,2.639886E-02,1.872991E-02,1.251520E-02,7.874388E-03,4.647819E-03,2.594844E-03,1.378230E-03,7.143455E-04,3.588668E-04,1.956559E-04,1.299724E-04
