# source_model_tree_path=('b1',),gsim_tree_path=('b1', 'b21', 'b31', 'b41', 'b51', 'b61', 'b71'),investigation_time=50.0
lon,lat,PGA-0.0009,PGA-0.001,PGA-0.002,PGA-0.003,PGA-0.004,PGA-0.005,PGA-0.007,PGA-0.0098,PGA-0.0137,PGA-0.0192,PGA-0.0269,PGA-0.0376,PGA-0.0527,PGA-0.0738,PGA-0.103,PGA-0.145,PGA-0.203,PGA-0.284,PGA-0.397,PGA-0.556,PGA-0.778,PGA-1.09,PGA-1.52,PGA-2.13,PGA-2.85,PGA-3.45,SA(0.1)-0.0009,SA(0.1)-0.001,SA(0.1)-0.002,SA(0.1)-0.003,SA(0.1)-0.004,SA(0.1)-0.005,SA(0.1)-0.007,SA(0.1)-0.0098,SA(0.1)-0.0137,SA(0.1)-0.0192,SA(0.1)-0.0269,SA(0.1)-0.0376,SA(0.1)-0.0527,SA(0.1)-0.0738,SA(0.1)-0.103,SA(0.1)-0.145,SA(0.1)-0.203,SA(0.1)-0.284,SA(0.1)-0.397,SA(0.1)-0.556,SA(0.1)-0.778,SA(0.1)-1.09,SA(0.1)-1.52,SA(0.1)-2.13,SA(0.1)-2.85,SA(0.1)-3.45,SA(0.15)-0.0009,SA(0.15)-0.001,SA(0.15)-0.002,SA(0.15)-0.003,SA(0.15)-0.004,SA(0.15)-0.005,SA(0.15)-0.007,SA(0.15)-0.0098,SA(0.15)-0.0137,SA(0.15)-0.0192,SA(0.15)-0.0269,SA(0.15)-0.0376,SA(0.15)-0.0527,SA(0.15)-0.0738,SA(0.15)-0.103,SA(0.15)-0.145,SA(0.15)-0.203,SA(0.15)-0.284,SA(0.15)-0.397,SA(0.15)-0.556,SA(0.15)-0.778,SA(0.15)-1.09,SA(0.15)-1.52,SA(0.15)-2.13,SA(0.15)-2.85,SA(0.15)-3.45
16.26570,39.30020,3.795575E-01,3.788725E-01,3.615199E-01,3.316985E-01,2.989033E-01,2.678564E-01,2.161174E-01,1.651271E-01,1.209467E-01,8.562960E-02,5.938549E-02,4.070530E-02,2.745612E-02,1.825069E-02,1.190813E-02,7.398902E-03,4.364269E-03,2.358393E-03,1.128867E-03,4.579900E-04,1.518830E-04,3.819789E-05,6.188932E-06,1.624515E-07,0.000000E+00,0.000000E+00,3.806664E-01,3.806590E-01,3.790674E-01,3.733513E-01,3.635393E-01,3.507776E-01,3.209566E-01,2.785373E-01,2.279345E-01,1.756259E-01,1.287245E-01,9.107233E-02,6.258786E-02,4.233203E-02,2.834721E-02,1.846936E-02,1.181971E-02,7.280145E-03,4.224466E-03,2.234464E-03,1.048029E-03,4.187470E-04,1.394123E-04,3.492685E-05,7.325162E-06,1.709461E-06,3.806641E-01,3.806483E-01,3.786706E-01,3.720863E-01,3.612031E-01,3.474116E-01,3.160468E-01,2.726727E-01,2.221564E-01,1.709000E-01,1.254859E-01,8.919914E-02,6.172600E-02,4.208335E-02,2.841818E-02,1.869078E-02,1.209144E-02,7.547967E-03,4.455608E-03,2.409320E-03,1.161557E-03,4.800780E-04,1.666265E-04,4.431670E-05,1.025490E-05,2.808564E-06
