# mean, investigation_time=50.0,imt=PGA
lon,lat,depth,PGA-0.0009:float32,PGA-0.001:float32,PGA-0.002:float32,PGA-0.003:float32,PGA-0.004:float32,PGA-0.005:float32,PGA-0.007:float32,PGA-0.0098:float32,PGA-0.0137:float32,PGA-0.0192:float32,PGA-0.0269:float32,PGA-0.0376:float32,PGA-0.0527:float32,PGA-0.0738:float32,PGA-0.103:float32,PGA-0.145:float32,PGA-0.203:float32,PGA-0.284:float32,PGA-0.397:float32,PGA-0.556:float32,PGA-0.778:float32,PGA-1.09:float32,PGA-1.52:float32,PGA-2.13:float32,PGA-2.85:float32,PGA-3.45:float32
16.26570,39.30020,0.00000,3.804446E-01,3.803077E-01,3.767960E-01,3.705820E-01,3.632819E-01,3.556576E-01,3.401533E-01,3.177809E-01,2.856339E-01,2.419114E-01,1.901196E-01,1.380328E-01,9.237650E-02,5.766584E-02,3.405189E-02,1.871585E-02,9.841333E-03,4.917140E-03,2.309368E-03,1.017770E-03,4.425851E-04,1.914618E-04,8.225490E-05,3.301419E-05,1.377367E-05,7.292653E-06
