# mean, investigation_time=50.0, imt="SA(0.1)", checksum=1791718331
lon,lat,depth,poe-0.0009,poe-0.001,poe-0.002,poe-0.003,poe-0.004,poe-0.005,poe-0.007,poe-0.0098,poe-0.0137,poe-0.0192,poe-0.0269,poe-0.0376,poe-0.0527,poe-0.0738,poe-0.103,poe-0.145,poe-0.203,poe-0.284,poe-0.397,poe-0.556,poe-0.778,poe-1.09,poe-1.52,poe-2.13,poe-2.85,poe-3.45
16.26570,39.30020,0.00000,6.324546E-01,6.321709E-01,6.267018E-01,6.183906E-01,6.089931E-01,5.992656E-01,5.798466E-01,5.535040E-01,5.184831E-01,4.719527E-01,4.125864E-01,3.422720E-01,2.657348E-01,1.923040E-01,1.299035E-01,8.062549E-02,4.693783E-02,2.559324E-02,1.317655E-02,6.444132E-03,3.072541E-03,1.467560E-03,7.232661E-04,3.588418E-04,1.955958E-04,1.299284E-04
