# source_model_tree_path=('b1',),gsim_tree_path=('b1', 'b21', 'b31', 'b41', 'b52', 'b61', 'b71'),investigation_time=50.0
lon,lat,PGA-0.0009,PGA-0.001,PGA-0.002,PGA-0.003,PGA-0.004,PGA-0.005,PGA-0.007,PGA-0.0098,PGA-0.0137,PGA-0.0192,PGA-0.0269,PGA-0.0376,PGA-0.0527,PGA-0.0738,PGA-0.103,PGA-0.145,PGA-0.203,PGA-0.284,PGA-0.397,PGA-0.556,PGA-0.778,PGA-1.09,PGA-1.52,PGA-2.13,PGA-2.85,PGA-3.45,SA(0.1)-0.0009,SA(0.1)-0.001,SA(0.1)-0.002,SA(0.1)-0.003,SA(0.1)-0.004,SA(0.1)-0.005,SA(0.1)-0.007,SA(0.1)-0.0098,SA(0.1)-0.0137,SA(0.1)-0.0192,SA(0.1)-0.0269,SA(0.1)-0.0376,SA(0.1)-0.0527,SA(0.1)-0.0738,SA(0.1)-0.103,SA(0.1)-0.145,SA(0.1)-0.203,SA(0.1)-0.284,SA(0.1)-0.397,SA(0.1)-0.556,SA(0.1)-0.778,SA(0.1)-1.09,SA(0.1)-1.52,SA(0.1)-2.13,SA(0.1)-2.85,SA(0.1)-3.45,SA(0.15)-0.0009,SA(0.15)-0.001,SA(0.15)-0.002,SA(0.15)-0.003,SA(0.15)-0.004,SA(0.15)-0.005,SA(0.15)-0.007,SA(0.15)-0.0098,SA(0.15)-0.0137,SA(0.15)-0.0192,SA(0.15)-0.0269,SA(0.15)-0.0376,SA(0.15)-0.0527,SA(0.15)-0.0738,SA(0.15)-0.103,SA(0.15)-0.145,SA(0.15)-0.203,SA(0.15)-0.284,SA(0.15)-0.397,SA(0.15)-0.556,SA(0.15)-0.778,SA(0.15)-1.09,SA(0.15)-1.52,SA(0.15)-2.13,SA(0.15)-2.85,SA(0.15)-3.45
16.26570,39.30020,3.806664E-01,3.806664E-01,3.806664E-01,3.806597E-01,3.802736E-01,3.789504E-01,3.721282E-01,3.522610E-01,3.107142E-01,2.454320E-01,1.689711E-01,1.011712E-01,5.310088E-02,2.511233E-02,1.100389E-02,4.299807E-03,1.507206E-03,4.478501E-04,1.063060E-04,1.798384E-05,1.720381E-06,3.585574E-08,0.000000E+00,0.000000E+00,0.000000E+00,0.000000E+00,3.806664E-01,3.806664E-01,3.806664E-01,3.806664E-01,3.806664E-01,3.806664E-01,3.803656E-01,3.782066E-01,3.704654E-01,3.499582E-01,3.089187E-01,2.460117E-01,1.701584E-01,1.002651E-01,5.045193E-02,2.118318E-02,7.672331E-03,2.429781E-03,6.573356E-04,1.411248E-04,2.156649E-05,1.659928E-06,1.282215E-08,0.000000E+00,0.000000E+00,0.000000E+00,3.806664E-01,3.806664E-01,3.806664E-01,3.806664E-01,3.806664E-01,3.806664E-01,3.804785E-01,3.788149E-01,3.725020E-01,3.550507E-01,3.186783E-01,2.605579E-01,1.871682E-01,1.158705E-01,6.195386E-02,2.811710E-02,1.123474E-02,3.998956E-03,1.254273E-03,3.282850E-04,6.745561E-05,9.315600E-06,5.810151E-07,1.532047E-09,0.000000E+00,0.000000E+00
