# mean, investigation_time=50.0,imt=SA(0.15)
lon,lat,depth,poe-0.0009,poe-0.001,poe-0.002,poe-0.003,poe-0.004,poe-0.005,poe-0.007,poe-0.0098,poe-0.0137,poe-0.0192,poe-0.0269,poe-0.0376,poe-0.0527,poe-0.0738,poe-0.103,poe-0.145,poe-0.203,poe-0.284,poe-0.397,poe-0.556,poe-0.778,poe-1.09,poe-1.52,poe-2.13,poe-2.85,poe-3.45
16.26570,39.30020,0.00000,6.581740E-02,6.581740E-02,6.581740E-02,6.581719E-02,6.581420E-02,6.580517E-02,6.575445E-02,6.558366E-02,6.512421E-02,6.406552E-02,6.196167E-02,5.832560E-02,5.272895E-02,4.528552E-02,3.672133E-02,2.775090E-02,1.974713E-02,1.320250E-02,8.305574E-03,4.904117E-03,2.741263E-03,1.458446E-03,7.575137E-04,3.820396E-04,2.092892E-04,1.395715E-04
