# mean, investigation_time=50.0,imt=SA(0.1)
lon,lat,depth,poe-0.0009,poe-0.001,poe-0.002,poe-0.003,poe-0.004,poe-0.005,poe-0.007,poe-0.0098,poe-0.0137,poe-0.0192,poe-0.0269,poe-0.0376,poe-0.0527,poe-0.0738,poe-0.103,poe-0.145,poe-0.203,poe-0.284,poe-0.397,poe-0.556,poe-0.778,poe-1.09,poe-1.52,poe-2.13,poe-2.85,poe-3.45
16.26570,39.30020,0.00000,6.862832E-01,6.857314E-01,6.776748E-01,6.672097E-01,6.559532E-01,6.444961E-01,6.217741E-01,5.910987E-01,5.507746E-01,4.981954E-01,4.325249E-01,3.562572E-01,2.746146E-01,1.973676E-01,1.324819E-01,8.173252E-02,4.732781E-02,2.570299E-02,1.319894E-02,6.446405E-03,3.072565E-03,1.467565E-03,7.232669E-04,3.588418E-04,1.955958E-04,1.299284E-04
