# mean, investigation_time=50.0,imt=SA(0.1)
lon,lat,depth,poe-0.0009,poe-0.001,poe-0.002,poe-0.003,poe-0.004,poe-0.005,poe-0.007,poe-0.0098,poe-0.0137,poe-0.0192,poe-0.0269,poe-0.0376,poe-0.0527,poe-0.0738,poe-0.103,poe-0.145,poe-0.203,poe-0.284,poe-0.397,poe-0.556,poe-0.778,poe-1.09,poe-1.52,poe-2.13,poe-2.85,poe-3.45
16.26570,39.30020,0.00000,6.815663E-01,6.811228E-01,6.737974E-01,6.637478E-01,6.527912E-01,6.415907E-01,6.193256E-01,5.891877E-01,5.494190E-01,4.973364E-01,4.320389E-01,3.560080E-01,2.744973E-01,1.973145E-01,1.324586E-01,8.172377E-02,4.732533E-02,2.570283E-02,1.319940E-02,6.446874E-03,3.072911E-03,1.467795E-03,7.234165E-04,3.589354E-04,1.956559E-04,1.299724E-04
