# mean, investigation_time=50.0,imt=PGA
lon,lat,depth,poe-0.0009,poe-0.001,poe-0.002,poe-0.003,poe-0.004,poe-0.005,poe-0.007,poe-0.0098,poe-0.0137,poe-0.0192,poe-0.0269,poe-0.0376,poe-0.0527,poe-0.0738,poe-0.103,poe-0.145,poe-0.203,poe-0.284,poe-0.397,poe-0.556,poe-0.778,poe-1.09,poe-1.52,poe-2.13,poe-2.85,poe-3.45
16.26570,39.30020,0.00000,6.796019E-01,6.775686E-01,6.549012E-01,6.315925E-01,6.086426E-01,5.861095E-01,5.423785E-01,4.846640E-01,4.126973E-01,3.294441E-01,2.444671E-01,1.687217E-01,1.081483E-01,6.514975E-02,3.732901E-02,1.998013E-02,1.024926E-02,4.995884E-03,2.310642E-03,1.017570E-03,4.424696E-04,1.913987E-04,8.222280E-05,3.299933E-05,1.376667E-05,7.288764E-06
