# mean, investigation_time=50.0
lon,lat,PGA-0.0009,PGA-0.001,PGA-0.002,PGA-0.003,PGA-0.004,PGA-0.005,PGA-0.007,PGA-0.0098,PGA-0.0137,PGA-0.0192,PGA-0.0269,PGA-0.0376,PGA-0.0527,PGA-0.0738,PGA-0.103,PGA-0.145,PGA-0.203,PGA-0.284,PGA-0.397,PGA-0.556,PGA-0.778,PGA-1.09,PGA-1.52,PGA-2.13,PGA-2.85,PGA-3.45,SA(0.1)-0.0009,SA(0.1)-0.001,SA(0.1)-0.002,SA(0.1)-0.003,SA(0.1)-0.004,SA(0.1)-0.005,SA(0.1)-0.007,SA(0.1)-0.0098,SA(0.1)-0.0137,SA(0.1)-0.0192,SA(0.1)-0.0269,SA(0.1)-0.0376,SA(0.1)-0.0527,SA(0.1)-0.0738,SA(0.1)-0.103,SA(0.1)-0.145,SA(0.1)-0.203,SA(0.1)-0.284,SA(0.1)-0.397,SA(0.1)-0.556,SA(0.1)-0.778,SA(0.1)-1.09,SA(0.1)-1.52,SA(0.1)-2.13,SA(0.1)-2.85,SA(0.1)-3.45,SA(0.15)-0.0009,SA(0.15)-0.001,SA(0.15)-0.002,SA(0.15)-0.003,SA(0.15)-0.004,SA(0.15)-0.005,SA(0.15)-0.007,SA(0.15)-0.0098,SA(0.15)-0.0137,SA(0.15)-0.0192,SA(0.15)-0.0269,SA(0.15)-0.0376,SA(0.15)-0.0527,SA(0.15)-0.0738,SA(0.15)-0.103,SA(0.15)-0.145,SA(0.15)-0.203,SA(0.15)-0.284,SA(0.15)-0.397,SA(0.15)-0.556,SA(0.15)-0.778,SA(0.15)-1.09,SA(0.15)-1.52,SA(0.15)-2.13,SA(0.15)-2.85,SA(0.15)-3.45
16.26570,39.30020,8.191497E-01,8.154118E-01,7.760556E-01,7.365849E-01,6.993657E-01,6.647965E-01,6.026415E-01,5.277512E-01,4.412655E-01,3.467969E-01,2.541581E-01,1.737307E-01,1.105050E-01,6.612951E-02,3.766776E-02,2.006545E-02,1.026346E-02,4.997045E-03,2.310962E-03,1.017770E-03,4.425851E-04,1.914618E-04,8.225490E-05,3.301419E-05,1.377367E-05,7.292653E-06,8.352588E-01,8.336486E-01,8.160094E-01,7.972260E-01,7.781930E-01,7.593693E-01,7.232349E-01,6.767874E-01,6.193951E-01,5.495545E-01,4.680078E-01,3.786327E-01,2.872426E-01,2.036895E-01,1.352407E-01,8.270773E-02,4.760925E-02,2.576443E-02,1.320727E-02,6.447097E-03,3.072911E-03,1.467795E-03,7.234165E-04,3.589354E-04,1.956559E-04,1.299724E-04,8.349366E-01,8.332798E-01,8.152664E-01,7.962896E-01,7.772244E-01,7.584873E-01,7.227358E-01,6.769870E-01,6.204642E-01,5.513533E-01,4.699790E-01,3.799434E-01,2.872064E-01,2.022976E-01,1.331645E-01,8.076242E-02,4.626732E-02,2.506598E-02,1.296111E-02,6.434545E-03,3.140855E-03,1.533051E-03,7.650514E-04,3.821155E-04,2.092892E-04,1.395715E-04
