# source_model_tree_path=('b1',),gsim_tree_path=('b1', 'b21', 'b31', 'b41', 'b51', 'b61', 'b71'),investigation_time=50.0
lon,lat,PGA-0.0009,PGA-0.001,PGA-0.002,PGA-0.003,PGA-0.004,PGA-0.005,PGA-0.007,PGA-0.0098,PGA-0.0137,PGA-0.0192,PGA-0.0269,PGA-0.0376,PGA-0.0527,PGA-0.0738,PGA-0.103,PGA-0.145,PGA-0.203,PGA-0.284,PGA-0.397,PGA-0.556,PGA-0.778,PGA-1.09,PGA-1.52,PGA-2.13,PGA-2.85,PGA-3.45,SA(0.1)-0.0009,SA(0.1)-0.001,SA(0.1)-0.002,SA(0.1)-0.003,SA(0.1)-0.004,SA(0.1)-0.005,SA(0.1)-0.007,SA(0.1)-0.0098,SA(0.1)-0.0137,SA(0.1)-0.0192,SA(0.1)-0.0269,SA(0.1)-0.0376,SA(0.1)-0.0527,SA(0.1)-0.0738,SA(0.1)-0.103,SA(0.1)-0.145,SA(0.1)-0.203,SA(0.1)-0.284,SA(0.1)-0.397,SA(0.1)-0.556,SA(0.1)-0.778,SA(0.1)-1.09,SA(0.1)-1.52,SA(0.1)-2.13,SA(0.1)-2.85,SA(0.1)-3.45,SA(0.15)-0.0009,SA(0.15)-0.001,SA(0.15)-0.002,SA(0.15)-0.003,SA(0.15)-0.004,SA(0.15)-0.005,SA(0.15)-0.007,SA(0.15)-0.0098,SA(0.15)-0.0137,SA(0.15)-0.0192,SA(0.15)-0.0269,SA(0.15)-0.0376,SA(0.15)-0.0527,SA(0.15)-0.0738,SA(0.15)-0.103,SA(0.15)-0.145,SA(0.15)-0.203,SA(0.15)-0.284,SA(0.15)-0.397,SA(0.15)-0.556,SA(0.15)-0.778,SA(0.15)-1.09,SA(0.15)-1.52,SA(0.15)-2.13,SA(0.15)-2.85,SA(0.15)-3.45
16.26570,39.30020,7.314262E-01,7.162450E-01,5.810665E-01,4.758979E-01,3.956794E-01,3.343895E-01,2.498217E-01,1.799663E-01,1.266740E-01,8.757783E-02,5.998654E-02,4.086845E-02,2.749159E-02,1.825627E-02,1.190866E-02,7.398926E-03,4.364269E-03,2.358393E-03,1.128867E-03,4.579900E-04,1.518830E-04,3.819789E-05,6.188932E-06,1.624515E-07,0.000000E+00,0.000000E+00,8.039821E-01,7.966726E-01,7.230338E-01,6.549208E-01,5.938395E-01,5.395952E-01,4.494342E-01,3.559440E-01,2.686369E-01,1.939423E-01,1.357700E-01,9.340237E-02,6.326514E-02,4.250730E-02,2.838508E-02,1.847493E-02,1.182017E-02,7.280163E-03,4.224466E-03,2.234464E-03,1.048029E-03,4.187470E-04,1.394123E-04,3.492685E-05,7.325162E-06,1.709461E-06,8.023083E-01,7.947370E-01,7.186011E-01,6.484048E-01,5.857827E-01,5.305268E-01,4.395769E-01,3.465649E-01,2.609065E-01,1.884422E-01,1.323665E-01,9.156936E-02,6.245717E-02,4.228407E-02,2.846460E-02,1.869838E-02,1.209222E-02,7.548007E-03,4.455608E-03,2.409320E-03,1.161557E-03,4.800780E-04,1.666265E-04,4.431670E-05,1.025490E-05,2.808564E-06
