# mean, investigation_time=50.0,imt=SA(0.15)
lon,lat,depth,poe-0.0009,poe-0.001,poe-0.002,poe-0.003,poe-0.004,poe-0.005,poe-0.007,poe-0.0098,poe-0.0137,poe-0.0192,poe-0.0269,poe-0.0376,poe-0.0527,poe-0.0738,poe-0.103,poe-0.145,poe-0.203,poe-0.284,poe-0.397,poe-0.556,poe-0.778,poe-1.09,poe-1.52,poe-2.13,poe-2.85,poe-3.45
16.26570,39.30020,0.00000,6.864033E-01,6.858057E-01,6.772219E-01,6.662563E-01,6.546530E-01,6.430152E-01,6.203005E-01,5.900419E-01,5.504424E-01,4.986312E-01,4.333901E-01,3.568738E-01,2.742826E-01,1.959073E-01,1.304033E-01,7.978237E-02,4.597476E-02,2.499785E-02,1.295080E-02,6.433724E-03,3.140535E-03,1.532817E-03,7.648939E-04,3.820155E-04,2.092244E-04,1.395240E-04
