# source_model_tree_path=('b1',),gsim_tree_path=('b1', 'b21', 'b31', 'b41', 'b54', 'b61', 'b71'),investigation_time=50.0
lon,lat,PGA-0.0009,PGA-0.001,PGA-0.002,PGA-0.003,PGA-0.004,PGA-0.005,PGA-0.007,PGA-0.0098,PGA-0.0137,PGA-0.0192,PGA-0.0269,PGA-0.0376,PGA-0.0527,PGA-0.0738,PGA-0.103,PGA-0.145,PGA-0.203,PGA-0.284,PGA-0.397,PGA-0.556,PGA-0.778,PGA-1.09,PGA-1.52,PGA-2.13,PGA-2.85,PGA-3.45,SA(0.1)-0.0009,SA(0.1)-0.001,SA(0.1)-0.002,SA(0.1)-0.003,SA(0.1)-0.004,SA(0.1)-0.005,SA(0.1)-0.007,SA(0.1)-0.0098,SA(0.1)-0.0137,SA(0.1)-0.0192,SA(0.1)-0.0269,SA(0.1)-0.0376,SA(0.1)-0.0527,SA(0.1)-0.0738,SA(0.1)-0.103,SA(0.1)-0.145,SA(0.1)-0.203,SA(0.1)-0.284,SA(0.1)-0.397,SA(0.1)-0.556,SA(0.1)-0.778,SA(0.1)-1.09,SA(0.1)-1.52,SA(0.1)-2.13,SA(0.1)-2.85,SA(0.1)-3.45,SA(0.15)-0.0009,SA(0.15)-0.001,SA(0.15)-0.002,SA(0.15)-0.003,SA(0.15)-0.004,SA(0.15)-0.005,SA(0.15)-0.007,SA(0.15)-0.0098,SA(0.15)-0.0137,SA(0.15)-0.0192,SA(0.15)-0.0269,SA(0.15)-0.0376,SA(0.15)-0.0527,SA(0.15)-0.0738,SA(0.15)-0.103,SA(0.15)-0.145,SA(0.15)-0.203,SA(0.15)-0.284,SA(0.15)-0.397,SA(0.15)-0.556,SA(0.15)-0.778,SA(0.15)-1.09,SA(0.15)-1.52,SA(0.15)-2.13,SA(0.15)-2.85,SA(0.15)-3.45
16.26570,39.30020,8.410892E-01,8.401261E-01,8.234572E-01,7.993826E-01,7.723253E-01,7.441916E-01,6.878136E-01,6.125158E-01,5.185395E-01,4.093805E-01,2.969784E-01,1.966584E-01,1.183721E-01,6.614826E-02,3.551192E-02,1.852661E-02,9.930925E-03,5.476281E-03,3.048193E-03,1.665703E-03,8.783826E-04,4.351379E-04,2.007497E-04,8.241084E-05,3.441668E-05,1.822191E-05,8.432150E-01,8.430454E-01,8.393219E-01,8.326377E-01,8.240613E-01,8.143145E-01,7.929083E-01,7.611977E-01,7.167575E-01,6.565430E-01,5.795341E-01,4.876405E-01,3.849166E-01,2.821741E-01,1.913822E-01,1.181136E-01,6.811284E-02,3.707149E-02,1.949527E-02,1.012735E-02,5.365209E-03,2.922381E-03,1.609794E-03,8.595156E-04,4.834045E-04,3.238443E-04,8.432809E-01,8.431336E-01,8.396946E-01,8.332582E-01,8.248306E-01,8.151380E-01,7.936223E-01,7.614391E-01,7.160144E-01,6.541784E-01,5.749601E-01,4.806311E-01,3.759072E-01,2.724222E-01,1.824766E-01,1.113034E-01,6.370642E-02,3.467023E-02,1.841825E-02,9.770540E-03,5.326319E-03,2.968367E-03,1.663193E-03,9.016158E-04,5.134902E-04,3.467352E-04
