# source_model_tree_path=('b1',),gsim_tree_path=('b1', 'b21', 'b31', 'b41', 'b51', 'b61', 'b71'),investigation_time=50.0
lon,lat,PGA-0.0009,PGA-0.001,PGA-0.002,PGA-0.003,PGA-0.004,PGA-0.005,PGA-0.007,PGA-0.0098,PGA-0.0137,PGA-0.0192,PGA-0.0269,PGA-0.0376,PGA-0.0527,PGA-0.0738,PGA-0.103,PGA-0.145,PGA-0.203,PGA-0.284,PGA-0.397,PGA-0.556,PGA-0.778,PGA-1.09,PGA-1.52,PGA-2.13,PGA-2.85,PGA-3.45,SA(0.1)-0.0009,SA(0.1)-0.001,SA(0.1)-0.002,SA(0.1)-0.003,SA(0.1)-0.004,SA(0.1)-0.005,SA(0.1)-0.007,SA(0.1)-0.0098,SA(0.1)-0.0137,SA(0.1)-0.0192,SA(0.1)-0.0269,SA(0.1)-0.0376,SA(0.1)-0.0527,SA(0.1)-0.0738,SA(0.1)-0.103,SA(0.1)-0.145,SA(0.1)-0.203,SA(0.1)-0.284,SA(0.1)-0.397,SA(0.1)-0.556,SA(0.1)-0.778,SA(0.1)-1.09,SA(0.1)-1.52,SA(0.1)-2.13,SA(0.1)-2.85,SA(0.1)-3.45,SA(0.15)-0.0009,SA(0.15)-0.001,SA(0.15)-0.002,SA(0.15)-0.003,SA(0.15)-0.004,SA(0.15)-0.005,SA(0.15)-0.007,SA(0.15)-0.0098,SA(0.15)-0.0137,SA(0.15)-0.0192,SA(0.15)-0.0269,SA(0.15)-0.0376,SA(0.15)-0.0527,SA(0.15)-0.0738,SA(0.15)-0.103,SA(0.15)-0.145,SA(0.15)-0.203,SA(0.15)-0.284,SA(0.15)-0.397,SA(0.15)-0.556,SA(0.15)-0.778,SA(0.15)-1.09,SA(0.15)-1.52,SA(0.15)-2.13,SA(0.15)-2.85,SA(0.15)-3.45
16.26570,39.30020,1.718533E-01,1.718533E-01,1.715985E-01,1.700654E-01,1.668484E-01,1.621190E-01,1.497779E-01,1.305734E-01,1.064640E-01,8.107726E-02,5.845464E-02,4.066010E-02,2.748973E-02,1.825630E-02,1.190867E-02,7.398931E-03,4.364270E-03,2.358393E-03,1.128867E-03,4.579900E-04,1.518830E-04,3.819789E-05,6.188932E-06,1.624515E-07,0.000000E+00,0.000000E+00,1.718533E-01,1.718533E-01,1.718533E-01,1.718129E-01,1.715352E-01,1.709091E-01,1.684248E-01,1.623703E-01,1.507113E-01,1.323372E-01,1.087776E-01,8.373848E-02,6.064083E-02,4.203450E-02,2.835663E-02,1.847496E-02,1.182018E-02,7.280165E-03,4.224466E-03,2.234464E-03,1.048029E-03,4.187470E-04,1.394123E-04,3.492685E-05,7.325162E-06,1.709461E-06,1.718533E-01,1.718533E-01,1.718533E-01,1.718078E-01,1.715088E-01,1.708464E-01,1.682468E-01,1.619807E-01,1.500450E-01,1.314389E-01,1.078295E-01,8.296566E-02,6.018477E-02,4.189627E-02,2.844718E-02,1.869839E-02,1.209223E-02,7.548007E-03,4.455608E-03,2.409320E-03,1.161557E-03,4.800780E-04,1.666265E-04,4.431670E-05,1.025490E-05,2.808564E-06
