# mean, investigation_time=50.0, imt="PGA", checksum=1791718331
lon,lat,depth,poe-0.0009,poe-0.001,poe-0.002,poe-0.003,poe-0.004,poe-0.005,poe-0.007,poe-0.0098,poe-0.0137,poe-0.0192,poe-0.0269,poe-0.0376,poe-0.0527,poe-0.0738,poe-0.103,poe-0.145,poe-0.203,poe-0.284,poe-0.397,poe-0.556,poe-0.778,poe-1.09,poe-1.52,poe-2.13,poe-2.85,poe-3.45
16.26570,39.30020,0.00000,6.275803E-01,6.260519E-01,6.073872E-01,5.875108E-01,5.679981E-01,5.488191E-01,5.111418E-01,4.602109E-01,3.950130E-01,3.178260E-01,2.375494E-01,1.649469E-01,1.062699E-01,6.428215E-02,3.696797E-02,1.986233E-02,1.022027E-02,4.991766E-03,2.310602E-03,1.017568E-03,4.424696E-04,1.913987E-04,8.222280E-05,3.299933E-05,1.376667E-05,7.288764E-06
