# mean, investigation_time=50.0,imt=SA(0.1)
lon,lat,depth,SA(0.1)-0.0009:float32,SA(0.1)-0.001:float32,SA(0.1)-0.002:float32,SA(0.1)-0.003:float32,SA(0.1)-0.004:float32,SA(0.1)-0.005:float32,SA(0.1)-0.007:float32,SA(0.1)-0.0098:float32,SA(0.1)-0.0137:float32,SA(0.1)-0.0192:float32,SA(0.1)-0.0269:float32,SA(0.1)-0.0376:float32,SA(0.1)-0.0527:float32,SA(0.1)-0.0738:float32,SA(0.1)-0.103:float32,SA(0.1)-0.145:float32,SA(0.1)-0.203:float32,SA(0.1)-0.284:float32,SA(0.1)-0.397:float32,SA(0.1)-0.556:float32,SA(0.1)-0.778:float32,SA(0.1)-1.09:float32,SA(0.1)-1.52:float32,SA(0.1)-2.13:float32,SA(0.1)-2.85:float32,SA(0.1)-3.45:float32
16.26570,39.30020,0.00000,3.806664E-01,3.806649E-01,3.803467E-01,3.791909E-01,3.771647E-01,3.744624E-01,3.677775E-01,3.571315E-01,3.416502E-01,3.195987E-01,2.891064E-01,2.494893E-01,2.021578E-01,1.528177E-01,1.078279E-01,6.996408E-02,4.247914E-02,2.410083E-02,1.283415E-02,6.408544E-03,3.072910E-03,1.467795E-03,7.234165E-04,3.589354E-04,1.956559E-04,1.299724E-04
