# source_model_tree_path=('b1',),gsim_tree_path=('b1', 'b21', 'b31', 'b41', 'b54', 'b61', 'b71'),investigation_time=50.0
lon,lat,PGA-0.0009,PGA-0.001,PGA-0.002,PGA-0.003,PGA-0.004,PGA-0.005,PGA-0.007,PGA-0.0098,PGA-0.0137,PGA-0.0192,PGA-0.0269,PGA-0.0376,PGA-0.0527,PGA-0.0738,PGA-0.103,PGA-0.145,PGA-0.203,PGA-0.284,PGA-0.397,PGA-0.556,PGA-0.778,PGA-1.09,PGA-1.52,PGA-2.13,PGA-2.85,PGA-3.45,SA(0.1)-0.0009,SA(0.1)-0.001,SA(0.1)-0.002,SA(0.1)-0.003,SA(0.1)-0.004,SA(0.1)-0.005,SA(0.1)-0.007,SA(0.1)-0.0098,SA(0.1)-0.0137,SA(0.1)-0.0192,SA(0.1)-0.0269,SA(0.1)-0.0376,SA(0.1)-0.0527,SA(0.1)-0.0738,SA(0.1)-0.103,SA(0.1)-0.145,SA(0.1)-0.203,SA(0.1)-0.284,SA(0.1)-0.397,SA(0.1)-0.556,SA(0.1)-0.778,SA(0.1)-1.09,SA(0.1)-1.52,SA(0.1)-2.13,SA(0.1)-2.85,SA(0.1)-3.45,SA(0.15)-0.0009,SA(0.15)-0.001,SA(0.15)-0.002,SA(0.15)-0.003,SA(0.15)-0.004,SA(0.15)-0.005,SA(0.15)-0.007,SA(0.15)-0.0098,SA(0.15)-0.0137,SA(0.15)-0.0192,SA(0.15)-0.0269,SA(0.15)-0.0376,SA(0.15)-0.0527,SA(0.15)-0.0738,SA(0.15)-0.103,SA(0.15)-0.145,SA(0.15)-0.203,SA(0.15)-0.284,SA(0.15)-0.397,SA(0.15)-0.556,SA(0.15)-0.778,SA(0.15)-1.09,SA(0.15)-1.52,SA(0.15)-2.13,SA(0.15)-2.85,SA(0.15)-3.45
16.26570,39.30020,3.806664E-01,3.806664E-01,3.806664E-01,3.805503E-01,3.797977E-01,3.781938E-01,3.721487E-01,3.578393E-01,3.303506E-01,2.861815E-01,2.277976E-01,1.643679E-01,1.065029E-01,6.294271E-02,3.501901E-02,1.852302E-02,9.931846E-03,5.477030E-03,3.048745E-03,1.666092E-03,8.786351E-04,4.352868E-04,2.008288E-04,8.244801E-05,3.443418E-05,1.823163E-05,3.806664E-01,3.806664E-01,3.806664E-01,3.806664E-01,3.806610E-01,3.805692E-01,3.798572E-01,3.775907E-01,3.720473E-01,3.603597E-01,3.392252E-01,3.062761E-01,2.607860E-01,2.066549E-01,1.512202E-01,1.003658E-01,6.163127E-02,3.530895E-02,1.924493E-02,1.012733E-02,5.365883E-03,2.922873E-03,1.610139E-03,8.597425E-04,4.835538E-04,3.239542E-04,3.806664E-01,3.806664E-01,3.806664E-01,3.806664E-01,3.806646E-01,3.805903E-01,3.799219E-01,3.777056E-01,3.721546E-01,3.602608E-01,3.385468E-01,3.045721E-01,2.577621E-01,2.024838E-01,1.465953E-01,9.619709E-02,5.854855E-02,3.342615E-02,1.829673E-02,9.771115E-03,5.326997E-03,2.968870E-03,1.663553E-03,9.018557E-04,5.136501E-04,3.468539E-04
