# mean, investigation_time=50.0
lon,lat,PGA-0.0009,PGA-0.001,PGA-0.002,PGA-0.003,PGA-0.004,PGA-0.005,PGA-0.007,PGA-0.0098,PGA-0.0137,PGA-0.0192,PGA-0.0269,PGA-0.0376,PGA-0.0527,PGA-0.0738,PGA-0.103,PGA-0.145,PGA-0.203,PGA-0.284,PGA-0.397,PGA-0.556,PGA-0.778,PGA-1.09,PGA-1.52,PGA-2.13,PGA-2.85,PGA-3.45,SA(0.1)-0.0009,SA(0.1)-0.001,SA(0.1)-0.002,SA(0.1)-0.003,SA(0.1)-0.004,SA(0.1)-0.005,SA(0.1)-0.007,SA(0.1)-0.0098,SA(0.1)-0.0137,SA(0.1)-0.0192,SA(0.1)-0.0269,SA(0.1)-0.0376,SA(0.1)-0.0527,SA(0.1)-0.0738,SA(0.1)-0.103,SA(0.1)-0.145,SA(0.1)-0.203,SA(0.1)-0.284,SA(0.1)-0.397,SA(0.1)-0.556,SA(0.1)-0.778,SA(0.1)-1.09,SA(0.1)-1.52,SA(0.1)-2.13,SA(0.1)-2.85,SA(0.1)-3.45,SA(0.15)-0.0009,SA(0.15)-0.001,SA(0.15)-0.002,SA(0.15)-0.003,SA(0.15)-0.004,SA(0.15)-0.005,SA(0.15)-0.007,SA(0.15)-0.0098,SA(0.15)-0.0137,SA(0.15)-0.0192,SA(0.15)-0.0269,SA(0.15)-0.0376,SA(0.15)-0.0527,SA(0.15)-0.0738,SA(0.15)-0.103,SA(0.15)-0.145,SA(0.15)-0.203,SA(0.15)-0.284,SA(0.15)-0.397,SA(0.15)-0.556,SA(0.15)-0.778,SA(0.15)-1.09,SA(0.15)-1.52,SA(0.15)-2.13,SA(0.15)-2.85,SA(0.15)-3.45
16.26570,39.30020,1.718533E-01,1.718533E-01,1.718023E-01,1.714803E-01,1.707483E-01,1.695938E-01,1.662091E-01,1.598187E-01,1.491971E-01,1.331325E-01,1.117755E-01,8.734016E-02,6.296632E-02,4.212972E-02,2.643684E-02,1.535774E-02,8.464525E-03,4.398331E-03,2.163595E-03,1.001925E-03,4.425852E-04,1.914618E-04,8.225490E-05,3.301419E-05,1.377367E-05,7.292653E-06,1.718533E-01,1.718533E-01,1.718533E-01,1.718452E-01,1.717863E-01,1.716469E-01,1.710438E-01,1.694125E-01,1.658383E-01,1.591163E-01,1.481343E-01,1.323723E-01,1.120418E-01,8.917753E-02,6.667542E-02,4.625416E-02,3.021887E-02,1.851788E-02,1.066654E-02,5.765942E-03,2.959742E-03,1.460581E-03,7.234167E-04,3.589354E-04,1.956559E-04,1.299724E-04,1.718533E-01,1.718533E-01,1.718533E-01,1.718442E-01,1.717829E-01,1.716413E-01,1.710377E-01,1.694398E-01,1.660024E-01,1.596347E-01,1.492889E-01,1.343066E-01,1.145662E-01,9.177191E-02,6.881719E-02,4.769795E-02,3.106600E-02,1.898319E-02,1.093061E-02,5.929319E-03,3.065179E-03,1.529211E-03,7.650522E-04,3.821157E-04,2.092892E-04,1.395715E-04
