# mean, investigation_time=50.0,imt=PGA
lon,lat,depth,poe-0.0009,poe-0.001,poe-0.002,poe-0.003,poe-0.004,poe-0.005,poe-0.007,poe-0.0098,poe-0.0137,poe-0.0192,poe-0.0269,poe-0.0376,poe-0.0527,poe-0.0738,poe-0.103,poe-0.145,poe-0.203,poe-0.284,poe-0.397,poe-0.556,poe-0.778,poe-1.09,poe-1.52,poe-2.13,poe-2.85,poe-3.45
16.26570,39.30020,0.00000,6.749276E-01,6.730245E-01,6.511370E-01,6.282493E-01,6.056420E-01,5.834249E-01,5.402582E-01,4.831651E-01,4.117712E-01,3.289506E-01,2.442337E-01,1.686185E-01,1.081050E-01,6.513303E-02,3.732369E-02,1.997921E-02,1.024955E-02,4.996316E-03,2.310962E-03,1.017770E-03,4.425851E-04,1.914618E-04,8.225490E-05,3.301419E-05,1.377367E-05,7.292653E-06
