# source_model_tree_path=('b1',),gsim_tree_path=('b1', 'b21', 'b31', 'b41', 'b53', 'b61', 'b71'),investigation_time=50.0
lon,lat,PGA-0.0009,PGA-0.001,PGA-0.002,PGA-0.003,PGA-0.004,PGA-0.005,PGA-0.007,PGA-0.0098,PGA-0.0137,PGA-0.0192,PGA-0.0269,PGA-0.0376,PGA-0.0527,PGA-0.0738,PGA-0.103,PGA-0.145,PGA-0.203,PGA-0.284,PGA-0.397,PGA-0.556,PGA-0.778,PGA-1.09,PGA-1.52,PGA-2.13,PGA-2.85,PGA-3.45,SA(0.1)-0.0009,SA(0.1)-0.001,SA(0.1)-0.002,SA(0.1)-0.003,SA(0.1)-0.004,SA(0.1)-0.005,SA(0.1)-0.007,SA(0.1)-0.0098,SA(0.1)-0.0137,SA(0.1)-0.0192,SA(0.1)-0.0269,SA(0.1)-0.0376,SA(0.1)-0.0527,SA(0.1)-0.0738,SA(0.1)-0.103,SA(0.1)-0.145,SA(0.1)-0.203,SA(0.1)-0.284,SA(0.1)-0.397,SA(0.1)-0.556,SA(0.1)-0.778,SA(0.1)-1.09,SA(0.1)-1.52,SA(0.1)-2.13,SA(0.1)-2.85,SA(0.1)-3.45,SA(0.15)-0.0009,SA(0.15)-0.001,SA(0.15)-0.002,SA(0.15)-0.003,SA(0.15)-0.004,SA(0.15)-0.005,SA(0.15)-0.007,SA(0.15)-0.0098,SA(0.15)-0.0137,SA(0.15)-0.0192,SA(0.15)-0.0269,SA(0.15)-0.0376,SA(0.15)-0.0527,SA(0.15)-0.0738,SA(0.15)-0.103,SA(0.15)-0.145,SA(0.15)-0.203,SA(0.15)-0.284,SA(0.15)-0.397,SA(0.15)-0.556,SA(0.15)-0.778,SA(0.15)-1.09,SA(0.15)-1.52,SA(0.15)-2.13,SA(0.15)-2.85,SA(0.15)-3.45
16.26570,39.30020,3.806664E-01,3.806664E-01,3.804608E-01,3.794515E-01,3.776371E-01,3.750938E-01,3.682237E-01,3.558376E-01,3.358074E-01,3.061323E-01,2.666462E-01,2.195518E-01,1.683197E-01,1.190808E-01,7.730941E-02,4.483449E-02,2.347150E-02,1.082540E-02,4.214176E-03,1.280691E-03,3.020521E-04,4.850175E-05,3.428024E-06,1.250045E-08,0.000000E+00,0.000000E+00,3.806664E-01,3.806664E-01,3.806664E-01,3.806039E-01,3.802958E-01,3.797292E-01,3.778509E-01,3.737327E-01,3.657567E-01,3.516902E-01,3.294383E-01,2.978104E-01,2.564708E-01,2.081816E-01,1.579000E-01,1.094362E-01,6.964111E-02,4.017630E-02,2.079909E-02,9.412478E-03,3.563190E-03,1.072826E-03,2.573798E-04,4.026497E-05,3.846773E-06,2.442443E-07,3.806664E-01,3.806664E-01,3.806664E-01,3.805590E-01,3.801765E-01,3.795140E-01,3.773890E-01,3.728541E-01,3.642686E-01,3.494304E-01,3.263771E-01,2.941259E-01,2.525536E-01,2.045679E-01,1.550772E-01,1.076961E-01,6.891000E-02,4.014872E-02,2.110152E-02,9.759232E-03,3.821252E-03,1.238123E-03,3.309441E-04,6.254777E-05,8.890847E-06,1.341284E-06
