,id,ordinal,Eff_loss
0,A,0.0,0.5
1,B,0.0,0.04774535809018569
2,C,0.0,0.3164724576271186
3,D,0.0,0.11955593509820671
4,E,0.0,0.0
