# mean, investigation_time=50.0, imt="PGA", checksum=380532669
lon,lat,depth,poe-0.0000010,poe-0.0000015,poe-0.0000024,poe-0.0000036,poe-0.0000055,poe-0.0000084,poe-0.0000127,poe-0.0000194,poe-0.0000296,poe-0.0000450,poe-0.0000686,poe-0.0001045,poe-0.0001592,poe-0.0002425,poe-0.0003694,poe-0.0005627,poe-0.0008571,poe-0.0013057,poe-0.0019890,poe-0.0030299,poe-0.0046155,poe-0.0070309,poe-0.0107105,poe-0.0163150,poe-0.0248532,poe-0.0378604,poe-0.0576738,poe-0.0878563
14.90500,37.89500,0.00000,5.539548E-01,5.539548E-01,5.539548E-01,5.539548E-01,5.539548E-01,5.539548E-01,5.539548E-01,5.539548E-01,5.538986E-01,5.534192E-01,5.515864E-01,5.463858E-01,5.343082E-01,5.105399E-01,4.700476E-01,4.096367E-01,3.307984E-01,2.417943E-01,1.563431E-01,8.764343E-02,4.184520E-02,1.667009E-02,5.351061E-03,1.261014E-03,1.518764E-04,0.000000E+00,0.000000E+00,0.000000E+00
