# mean, investigation_time=50.0, imt="PGA", checksum=380532669
lon,lat,depth,poe-1.02e-06,poe-1.55e-06,poe-2.37e-06,poe-3.6e-06,poe-5.49e-06,poe-8.36e-06,poe-1.274e-05,poe-1.94e-05,poe-2.956e-05,poe-4.503e-05,poe-6.859e-05,poe-0.00010449,poe-0.00015917,poe-0.00024247,poe-0.00036936,poe-0.00056266,poe-0.00085712,poe-0.00130571,poe-0.00198899,poe-0.00302987,poe-0.00461549,poe-0.00703089,poe-0.0107105,poe-0.01631498,poe-0.02485321,poe-0.03786035,poe-0.0576738,poe-0.08785627
14.90500,37.89500,0.00000,5.539548E-01,5.539548E-01,5.539548E-01,5.539548E-01,5.539548E-01,5.539548E-01,5.539548E-01,5.539548E-01,5.538986E-01,5.534192E-01,5.515864E-01,5.463858E-01,5.343082E-01,5.105399E-01,4.700476E-01,4.096367E-01,3.307984E-01,2.417943E-01,1.563431E-01,8.764343E-02,4.184520E-02,1.667009E-02,5.351061E-03,1.261014E-03,1.518764E-04,0.000000E+00,0.000000E+00,0.000000E+00
