# mean, investigation_time=1.0, imt="PGA", checksum=336991371
lon,lat,depth,poe-0.1000000,poe-0.1200000,poe-0.2000000
0.00000,0.00000,0.00000,5.934303E-01,5.934303E-01,0.000000E+00
