id,Name,X,Y
"1",CD,22.93940,40.62296
"3",AC,22.93332,40.62799
"2",DB,22.95123,40.62884
"4",AE,22.93923,40.63676
"5",EB,22.95100,40.63516
