rlzi,sid,eid,gmv_SA(0.3)
0,0,0,4.732735E-01
0,0,1,1.996000E-01
0,1,0,1.280927E-01
