eid,sid,gmv_SA(0.3)
0,0,1.469030E-01
0,1,1.379487E-01
