event_id,site_id,gmv_SA(0.3)
0,0,1.379816E-01
0,1,1.295348E-01
