rlzi,sid,eid,gmv_SA(0.3)
0,0,11454677778432,3.536233E-01
0,0,12219181957120,2.748401E-01
0,1,12219181957120,2.437705E-01
