rlzi,sid,eid,gmv_SA(0.3)
0,0,0,2.642513E-01
0,0,1,1.076477E-01
