rlzi,sid,eid,gmv_SA(0.3)
0,0,0,3.536233E-01
0,0,1,2.748401E-01
0,1,1,2.437705E-01
