event_id,site_id,gmv_SA(0.3)
0,0,1.832688E-01
0,1,4.317935E-01
