rlzi,sid,eid,gmv_SA(0.3)
0,0,9156870275072,2.642513E-01
0,0,17854179049472,1.076477E-01
