rlzi,sid,eid,gmv_SA(0.3)
0,0,9156870275072,1.732436E-01
0,1,9156870275072,1.038618E-01
