eid,sid,gmv_SA(0.3)
704374636544,0,1.469030E-01
704374636544,1,1.379487E-01
