eid,sid,gmv_SA(0.3)
11454677778432,0,3.536233E-01
12219181957120,0,2.748401E-01
12219181957120,1,2.437705E-01
