eid,sid,gmv_SA(0.3)
11454677778432,0,3.731025E-01
12219181957120,0,2.870051E-01
12219181957120,1,2.542780E-01
