rlzi,sid,eid,gmv_SA(0.3)
0,0,0,4.732725E-01
0,0,1,1.996003E-01
0,1,0,1.280925E-01
