rlzi,sid,eid,gmv_SA(0.3)
0,0,9418863280128,5.294117E-01
0,1,9418863280128,1.247334E-01
