site_id,event_id,gmv_SA(0.3)
0,0,1.721388E-01
1,0,4.054572E-01
