event_id,site_id,gmv_SA(0.3)
0,0,1.721388E-01
0,1,4.054572E-01
