rlzi,sid,eid,gmv_SA(0.3)
0,0,9156870275072,4.732725E-01
0,0,17854179049472,1.996003E-01
0,1,9156870275072,1.280925E-01
