# mean, investigation_time=1.0, imt="PGA", checksum=4124672606
lon,lat,depth,poe-0.1000000,poe-0.1200000,poe-0.2000000
0.00000,0.00000,0.00000,7.949015E-01,7.580131E-01,3.440354E-01
