# mean, investigation_time=1.0
lon,lat,PGA-0.1,PGA-0.12,PGA-0.2
0.00000,0.00000,7.949015E-01,7.602677E-01,3.320843E-01
