dist_rrup,rup_mag,rup_ztor,site_vs30,site_z1pt0,result_type,damping,pga,0.01,0.02,0.05,0.075,0.1,0.15,0.2,0.25,0.3,0.4,0.5,0.6,0.75,1,1.5,2,2.5,3,4,5
400.000000,7.250000,10.000000,1400.000000,1600.000000,INTER_EVENT_STDDEV,5,0.4264693330,0.4246706730,0.4290994030,0.4772624930,0.5163659610,0.5128637810,0.4616201320,0.4412840140,0.4348714930,0.4171055740,0.4122319430,0.3964225310,0.4035129820,0.4090584140,0.4280879610,0.4401641030,0.4514021350,0.4610097770,0.4576812790,0.4701933710,0.4618346240
400.000000,7.250000,10.000000,1400.000000,1600.000000,INTRA_EVENT_STDDEV,5,0.5561794042,0.5559937746,0.5552445399,0.5920457465,0.6235377062,0.6296730567,0.6154527049,0.5972489511,0.5966034909,0.5922514611,0.5859416333,0.5771533803,0.5915711877,0.6123055819,0.6013014401,0.5948535437,0.5958388627,0.5829563063,0.5498288532,0.5116274861,0.4614317880
400.000000,7.250000,10.000000,1400.000000,1600.000000,TOTAL_STDDEV,5,0.7008649097,0.6996243691,0.7017284352,0.7604588438,0.8095882143,0.8121067763,0.7693342435,0.7425886416,0.7382742992,0.7243886064,0.7164235985,0.7001834384,0.7160860261,0.7363741656,0.7381210769,0.7399967405,0.7475211287,0.7432146860,0.7153907471,0.6948701250,0.6528480029
