dist_rjb,dist_rrup,dist_rx,rup_dip,rup_mag,rup_rake,rup_ztor,site_vs30,site_z1pt0,result_type,damping,pga,0.01,0.02,0.03,0.04,0.05,0.075,0.1,0.12,0.15,0.17,0.2,0.25,0.3,0.4,0.5,0.75,1,1.5,2,3,4,5,7.5,10
30.000000,20.000000,20.000000,40.000000,5.400000,35.000000,20.000000,1420.000000,444.000000,MEAN,5,0.0322366719,0.0322117542,0.0331928302,0.0351881927,0.0384632170,0.0428044545,0.0546672041,0.0648805709,0.0709335677,0.0724622093,0.0722446085,0.0711423271,0.0662911298,0.0592802440,0.0478277407,0.0376926703,0.0207718039,0.0125781797,0.0062312642,0.0037615788,0.0019643678,0.0010453098,0.0006779377,0.0003142089,0.0001827760
