event_id,year,magnitude,centroid_lon,centroid_lat,centroid_depth,structural
4294967296,1,6.05,-122.2,37.7,7.50,2.63933E+10
4294967297,2,6.05,-120.6,39.4,17.20,3.10979E+06
4294967298,2,5.55,-121.4,36.8,2.15,7.87414E+07
4294967299,4,5.65,-121.4,37.1,12.50,1.25105E+08
4294967300,5,5.25,-122.9,38.9,21.00,6.30566E+06
4294967301,6,5.95,-120.5,39.7,9.90,5.80147E+05
...
