# mean, investigation_time=1.0, imt="PGA", checksum=811315715
lon,lat,depth,poe-0.1000000,poe-0.4000000,poe-0.6000000
0.00000,0.00000,0.00000,7.495689E-01,8.109398E-02,5.697990E-03
