asset_ref,avg_loss
a1,1.69909972E+04
a2,2.22924054E+06
a3,2.56089598E+06
a4,2.76293720E+03
a5,1.63529336E+03
a6,4.60684038E+03
