asset_ref,avg_loss
a1,5.02017473E+03
a2,2.39231461E+06
a3,2.70755955E+06
a4,4.50178240E+02
a5,2.75137639E+02
a6,1.10925371E+03
