eid,sid,gmv_PGA
103079215104,79,1.917435E-02
103079215104,86,4.638388E-03
103079215104,87,6.321005E-02
3307124817920,3,3.962866E-03
3307124817921,3,8.010790E-03
3307124817922,3,2.753365E-03
3307124817923,3,3.313174E-03
3307124817924,3,8.948279E-03
8465380540416,0,6.759068E-03
8465380540417,0,9.158172E-03
8465380540418,0,3.052695E-03
8465380540419,0,6.834903E-03
8465380540420,0,9.049910E-03
19950123089920,79,2.132377E-02
19950123089920,87,7.917432E-03
