rlzi,sid,eid,gmv_PGA
0,79,103079215104,1.917435E-02
0,86,103079215104,4.638388E-03
0,87,103079215104,6.321005E-02
1,0,8465380540416,6.767424E-03
1,3,3307124817920,3.963248E-03
2,0,8465380540418,3.052695E-03
2,3,3307124817922,2.753365E-03
3,0,8465380540419,6.844337E-03
3,3,3307124817923,3.313547E-03
4,0,8465380540420,9.060258E-03
4,3,3307124817924,8.949070E-03
5,0,8465380540417,9.170882E-03
5,3,3307124817921,8.011079E-03
6,79,19950123089920,2.132377E-02
6,87,19950123089920,7.917432E-03
