event_id,site_id,gmv_PGA
0,79,4.710852E-03
0,86,4.495686E-03
0,87,5.893574E-04
1,79,1.719240E-02
1,86,1.356262E-03
1,87,1.443835E-02
2,79,8.266447E-03
2,86,2.402436E-03
2,87,1.449422E-02
3,79,2.824143E-03
3,86,3.859021E-03
3,87,3.493662E-03
4,79,2.408348E-03
4,86,2.504581E-03
4,87,6.492153E-03
5,3,1.133250E-03
6,3,1.648542E-03
7,3,3.788160E-04
8,3,1.112799E-03
9,3,1.758289E-03
10,0,4.184767E-02
11,0,5.050871E-02
12,0,2.763117E-02
13,0,4.231382E-02
14,0,5.606988E-02
