event_id,site_id,gmv_PGA
0,79,1.917435E-02
0,86,5.121002E-03
0,87,3.662030E-03
1,79,7.002440E-03
1,86,2.563578E-02
1,87,4.060107E-03
2,79,5.336172E-02
2,86,2.028096E-03
2,87,8.498477E-03
3,79,2.401803E-03
3,86,1.218159E-03
3,87,1.550690E-02
4,79,3.387339E-03
4,86,2.358980E-03
4,87,5.778607E-03
5,3,3.962866E-03
6,3,8.010790E-03
7,3,2.753365E-03
8,3,3.313174E-03
9,3,8.948279E-03
10,0,6.759068E-03
11,0,9.158172E-03
12,0,3.052695E-03
13,0,6.834903E-03
14,0,9.049910E-03
