eid,sid,gmv_PGA
0,79,1.917435E-02
0,86,4.638388E-03
0,87,6.321005E-02
6,0,6.759068E-03
7,0,9.158172E-03
8,0,3.052695E-03
9,0,6.834903E-03
10,0,9.049910E-03
11,79,2.132377E-02
11,87,7.917432E-03
