eid,sid,gmv_PGA
103079215104,79,1.917435E-02
103079215104,86,4.638388E-03
103079215104,87,6.321005E-02
3307124817920,3,3.963248E-03
3307124817921,3,8.011079E-03
3307124817922,3,2.753365E-03
3307124817923,3,3.313547E-03
3307124817924,3,8.949070E-03
8465380540416,0,6.767424E-03
8465380540417,0,9.170882E-03
8465380540418,0,3.052695E-03
8465380540419,0,6.844337E-03
8465380540420,0,9.060258E-03
19950123089920,79,2.132377E-02
19950123089920,87,7.917432E-03
