rlzi,sid,eid,gmv_PGA
0,79,0,1.917435E-02
0,86,0,4.638388E-03
0,87,0,6.321005E-02
1,0,6,6.767424E-03
1,3,1,3.963248E-03
2,0,8,3.052695E-03
2,3,3,2.753365E-03
3,0,9,6.844337E-03
3,3,4,3.313547E-03
4,0,10,9.060258E-03
4,3,5,8.949070E-03
5,0,7,9.170882E-03
5,3,2,8.011079E-03
6,79,11,2.132377E-02
6,87,11,7.917432E-03
