rlzi,sid,eid,gmv_PGA
0,79,281479271677952,4.017565E-02
0,79,281479271677953,1.040050E-01
0,86,281479271677952,1.644365E-03
0,86,281479271677953,3.492310E-03
0,87,281479271677952,1.197182E-02
0,87,281479271677953,6.718662E-03
0,88,281479271677953,2.534098E-03
