rupserial,multiplicity,numsites,occurrence_rate,rake,mag
505,1,3,4.954215E-04,0.000000E+00,5.100000E+00
521,1,4,1.566660E-04,0.000000E+00,5.500000E+00
