rupserial,multiplicity,numsites,occurrence_rate,ztor,mag,rake,dip
124398,1,5,1.121607E-04,7.077041E+00,5.100000E+00,0.000000E+00,9.000000E+01
81975,1,5,3.890308E-05,7.125135E+00,4.900000E+00,-9.000000E+01,9.000000E+01
83116,1,4,1.563194E-04,1.094772E+01,4.700000E+00,-9.000000E+01,9.000000E+01
