rupserial,multiplicity,numsites,occurrence_rate:float32,mag:float32,rake:float32
505,1,3,4.954215E-04,5.100000E+00,0.000000E+00
521,1,4,1.566660E-04,5.500000E+00,0.000000E+00
