# investigation_time=30.0, ses_per_logic_tree_path=1
rupid	multiplicity	mag	centroid_lon	centroid_lat	centroid_depth	trt	strike	dip	rake	boundary
2	1	4.900000E+00	1.244109E+01	5.023590E+01	1.100000E+01	Volcanic	0.000000E+00	9.000000E+01	0.000000E+00	MULTIPOLYGON(((12.44109 50.22184,12.44109 50.24996,12.44109 50.24996,12.44109 50.22184,12.44109 50.22184)))
654	1	5.100000E+00	6.073788E+00	5.061898E+01	1.250000E+01	Stable Shallow Crust	0.000000E+00	9.000000E+01	-9.000000E+01	MULTIPOLYGON(((6.07379 50.59862,6.07379 50.63935,6.07379 50.63935,6.07379 50.59862,6.07379 50.59862)))
2110	1	5.900000E+00	1.023301E+01	4.726678E+01	9.000000E+00	Stable Shallow Crust	0.000000E+00	9.000000E+01	0.000000E+00	MULTIPOLYGON(((10.23301 47.22717,10.23301 47.30640,10.23301 47.30640,10.23301 47.22717,10.23301 47.22717)))
