# investigation_time=30.0, ses_per_logic_tree_path=1
rupid	multiplicity	mag	centroid_lon	centroid_lat	centroid_depth	trt	strike	dip	rake	boundary
4	1	5.300000E+00	1.244109E+01	5.023590E+01	1.100000E+01	Volcanic	0.000000E+00	9.000000E+01	0.000000E+00	MULTIPOLYGON(((12.44109 50.21463,12.44109 50.25718,12.44109 50.25718,12.44109 50.21463,12.44109 50.21463)))
676	1	4.700000E+00	5.562642E+00	5.045711E+01	1.250000E+01	Stable Shallow Crust	0.000000E+00	9.000000E+01	-9.000000E+01	MULTIPOLYGON(((5.56264 50.44315,5.56264 50.47107,5.56264 50.47107,5.56264 50.44315,5.56264 50.44315)))
2132	1	5.500000E+00	1.071011E+01	4.726678E+01	9.000000E+00	Stable Shallow Crust	0.000000E+00	9.000000E+01	0.000000E+00	MULTIPOLYGON(((10.71011 47.24061,10.71011 47.29296,10.71011 47.29296,10.71011 47.24061,10.71011 47.24061)))
2193	1	5.700000E+00	1.095160E+01	4.742867E+01	9.000000E+00	Stable Shallow Crust	0.000000E+00	9.000000E+01	-9.000000E+01	MULTIPOLYGON(((10.95160 47.39278,10.95160 47.46455,10.95160 47.46455,10.95160 47.39278,10.95160 47.39278)))
