# investigation_time=30.0, ses_per_logic_tree_path=1
rupid	multiplicity	mag	centroid_lon	centroid_lat	centroid_depth	trt	strike	dip	rake	boundary
24	1	4.900000E+00	1.244109E+01	5.023590E+01	1.100000E+01	Volcanic	0.000000E+00	9.000000E+01	0.000000E+00	MULTIPOLYGON(((12.44109 50.22184,12.44109 50.24996,12.44109 50.24996,12.44109 50.22184,12.44109 50.22184)))
770	1	4.700000E+00	6.068567E+00	5.029523E+01	1.250000E+01	Stable Shallow Crust	1.907672E-01	9.000000E+01	-9.000000E+01	MULTIPOLYGON(((6.06849 50.28127,6.06864 50.30919,6.06864 50.30919,6.06849 50.28127,6.06849 50.28127)))
1971	1	4.900000E+00	5.376913E+00	5.082437E+01	1.000000E+01	Stable Shallow Crust	2.382088E+00	9.000000E+01	9.000000E+01	MULTIPOLYGON(((5.37616 50.81293,5.37767 50.83580,5.37767 50.83580,5.37616 50.81293,5.37616 50.81293)))
4645	1	4.800000E+00	1.235000E+01	5.035000E+01	1.000000E+01	Volcanic	0.000000E+00	9.000000E+01	0.000000E+00	MULTIPOLYGON(((12.35000 50.33733,12.35000 50.36267,12.35000 50.36267,12.35000 50.33733,12.35000 50.33733)))
