# investigation_time=30.0, ses_per_logic_tree_path=1
rupid	multiplicity	mag	centroid_lon	centroid_lat	centroid_depth	trt	strike	dip	rake	boundary
505	1	5.100000E+00	1.246964E+01	5.030785E+01	1.100000E+01	Volcanic	0.000000E+00	9.000000E+01	0.000000E+00	MULTIPOLYGON(((12.46964 50.29055,12.46964 50.32514,12.46964 50.32514,12.46964 50.29055,12.46964 50.29055)))
521	1	5.500000E+00	1.232856E+01	5.021791E+01	1.100000E+01	Volcanic	0.000000E+00	9.000000E+01	0.000000E+00	MULTIPOLYGON(((12.32856 50.19174,12.32856 50.24409,12.32856 50.24409,12.32856 50.19174,12.32856 50.19174)))
81975	1	4.900000E+00	8.003264E+00	4.823680E+01	9.000000E+00	Stable Shallow Crust	0.000000E+00	9.000000E+01	-9.000000E+01	MULTIPOLYGON(((8.00326 48.21994,8.00326 48.25366,8.00326 48.25366,8.00326 48.21994,8.00326 48.21994)))
83116	1	4.700000E+00	6.158186E+00	5.058301E+01	1.250000E+01	Stable Shallow Crust	0.000000E+00	9.000000E+01	-9.000000E+01	MULTIPOLYGON(((6.15819 50.56905,6.15819 50.59697,6.15819 50.59697,6.15819 50.56905,6.15819 50.56905)))
124398	1	5.100000E+00	1.105577E+01	4.732074E+01	9.000000E+00	Stable Shallow Crust	0.000000E+00	9.000000E+01	0.000000E+00	MULTIPOLYGON(((11.05577 47.30345,11.05577 47.33804,11.05577 47.33804,11.05577 47.30345,11.05577 47.30345)))
