# investigation_time=30.0, ses_per_logic_tree_path=1
rupid	multiplicity	mag	centroid_lon	centroid_lat	centroid_depth	trt	strike	dip	rake	boundary
26964	1	4.900000E+00	7.974988E+00	4.796700E+01	9.000000E+00	Stable Shallow Crust	0.000000E+00	9.000000E+01	-9.000000E+01	MULTIPOLYGON(((7.97499 47.95014,7.97499 47.98386,7.97499 47.98386,7.97499 47.95014,7.97499 47.95014)))
131629	1	4.700000E+00	8.137703E+00	5.083873E+01	1.400000E+01	Stable Shallow Crust	0.000000E+00	9.000000E+01	-9.000000E+01	MULTIPOLYGON(((8.13770 50.82477,8.13770 50.85269,8.13770 50.85269,8.13770 50.82477,8.13770 50.82477)))
