,id,ordinal,Eff_loss
0,A,0.0,0.1929637526652452
1,B,0.0,0.03571428571428573
2,C,0.0,0.0
3,D,0.0,0.008403361344537863
4,E,0.0,0.10588235294117648
