,id,ordinal,PCL_node,WCL_node
0,A,0.0,0.0,0.11904761904761907
1,B,0.0,0.0,0.10714285714285715
2,C,0.0,0.0,0.0
