# source_model_tree_path=('b1',),gsim_tree_path=('b1',),investigation_time=50.0
lon,lat,SA(1.0)-0.005,SA(1.0)-0.007,SA(1.0)-0.0098,SA(1.0)-0.0137,SA(1.0)-0.0192,SA(1.0)-0.0269,SA(1.0)-0.0376,SA(1.0)-0.0527,SA(1.0)-0.0738,SA(1.0)-0.103,SA(1.0)-0.145,SA(1.0)-0.203,SA(1.0)-0.284,SA(1.0)-0.397,SA(1.0)-0.556,SA(1.0)-0.778,SA(1.0)-1.09,SA(1.0)-1.52,SA(1.0)-2.13
0.00000,0.00000,6.438554E-01,6.054836E-01,5.512609E-01,4.849743E-01,4.130912E-01,3.440590E-01,2.827078E-01,2.280143E-01,1.781793E-01,1.322683E-01,9.028220E-02,5.679150E-02,3.257455E-02,1.692117E-02,7.788957E-03,3.139963E-03,1.065343E-03,2.938861E-04,5.460570E-05
