# source_model_tree_path=('b1',), gsim_tree_path=('b1',), investigation_time=50.0, imt="SA(1.0)"
lon,lat,depth,poe-0.005,poe-0.007,poe-0.0098,poe-0.0137,poe-0.0192,poe-0.0269,poe-0.0376,poe-0.0527,poe-0.0738,poe-0.103,poe-0.145,poe-0.203,poe-0.284,poe-0.397,poe-0.556,poe-0.778,poe-1.09,poe-1.52,poe-2.13
0.00000,0.00000,0.00000,6.438556E-01,6.054839E-01,5.512612E-01,4.849747E-01,4.130915E-01,3.440593E-01,2.827080E-01,2.280144E-01,1.781793E-01,1.322683E-01,9.028223E-02,5.679152E-02,3.257455E-02,1.692117E-02,7.788958E-03,3.139963E-03,1.065343E-03,2.938861E-04,5.460570E-05
