# source_model_tree_path=('b1',), gsim_tree_path=('b1',), investigation_time=50.0, imt="SA(1.0)", checksum=3283112543
lon,lat,depth,poe-0.005,poe-0.007,poe-0.0098,poe-0.0137,poe-0.0192,poe-0.0269,poe-0.0376,poe-0.0527,poe-0.0738,poe-0.103,poe-0.145,poe-0.203,poe-0.284,poe-0.397,poe-0.556,poe-0.778,poe-1.09,poe-1.52,poe-2.13
0.00000,0.00000,0.00000,6.438556E-01,6.054838E-01,5.512611E-01,4.849745E-01,4.130913E-01,3.440589E-01,2.827074E-01,2.280135E-01,1.781781E-01,1.322668E-01,9.028076E-02,5.679029E-02,3.257372E-02,1.692074E-02,7.788815E-03,3.139968E-03,1.065384E-03,2.939133E-04,5.461492E-05
