# mean, investigation_time=50.0, imt="PGA", checksum=3681125057
lon,lat,depth,poe-0.0100000,poe-0.1000000,poe-0.2000000,poe-0.5000000
172.63000,-43.53000,0.00000,5.934701E-03,5.367050E-03,2.156326E-03,3.921078E-05
171.69000,-43.52000,0.00000,5.934701E-03,5.827647E-03,4.423799E-03,6.098074E-04
