dmg_1,dmg_2,dmg_3,dmg_4,losses,NAME_1,loss_type
9.25084E+03,1.11204E+04,6.68130E+03,8.37389E+03,1.83708E+08,Mid-Western,structural
6.10576E+03,7.25499E+03,4.26165E+03,4.53789E+03,1.08730E+08,Far-Western,structural
1.92029E+04,2.31318E+04,1.38102E+04,1.66143E+04,3.72398E+08,West,structural
1.71973E+04,2.09240E+04,1.25904E+04,1.40445E+04,3.26286E+08,East,structural
4.11824E+04,5.15021E+04,3.15916E+04,3.72685E+04,8.37305E+08,Central,structural
9.29392E+04,1.13933E+05,6.89351E+04,8.08390E+04,1.82843E+09,*total*,structural
