# source_model_tree_path=('b1',), gsim_tree_path=('YoungsEtAl1997SInter', 'YoungsEtAl1997SSlab', 'ZhaoEtAl2006Asc'), investigation_time=1.0, imt="PGA"
lon,lat,depth,poe-0.005,poe-0.009729438587881943,poe-0.018932395047073235,poe-0.03684031498640387,poe-0.07168711644368864,poe-0.13949507939624206,poe-0.2714417616594907,poe-0.5281951900505003,poe-1.0278085328021949,poe-1.9999999999999996
-180.00000,-27.00000,0.00000,3.887051E-05,1.888574E-05,5.664242E-06,1.031468E-06,1.174087E-07,5.850838E-09,6.625922E-12,0.000000E+00,0.000000E+00,0.000000E+00
-178.00000,-28.00000,0.00000,2.524911E-01,1.503948E-01,7.747096E-02,3.481032E-02,1.280610E-02,3.169075E-03,3.631967E-04,8.998729E-06,0.000000E+00,0.000000E+00
179.00000,-26.00000,0.00000,5.478895E-05,2.454663E-05,7.765267E-06,1.636782E-06,2.607677E-07,2.684979E-08,1.014993E-09,0.000000E+00,0.000000E+00,0.000000E+00
-180.00000,-30.00000,0.00000,1.355254E-01,7.995294E-02,4.169967E-02,1.633139E-02,3.997567E-03,4.881268E-04,1.850364E-05,0.000000E+00,0.000000E+00,0.000000E+00
-180.00000,-28.00000,0.00000,3.682497E-02,1.933290E-02,9.328003E-03,3.486509E-03,7.132749E-04,5.047538E-05,6.763162E-08,0.000000E+00,0.000000E+00,0.000000E+00
