# source_model_tree_path=('b1',), gsim_tree_path=('YoungsEtAl1997SInter', 'YoungsEtAl1997SSlab', 'ZhaoEtAl2006Asc'), investigation_time=1.0, imt="PGA"
lon,lat,depth,poe-0.005,poe-0.009729438587881943,poe-0.018932395047073235,poe-0.03684031498640387,poe-0.07168711644368864,poe-0.13949507939624206,poe-0.2714417616594907,poe-0.5281951900505003,poe-1.0278085328021949,poe-1.9999999999999996
-180.00000,-27.00000,0.00000,3.887051E-05,1.888574E-05,5.664242E-06,1.031468E-06,1.174087E-07,5.850838E-09,6.625922E-12,0.000000E+00,0.000000E+00,0.000000E+00
-178.00000,-28.00000,0.00000,2.517345E-01,1.498112E-01,7.713088E-02,3.464543E-02,1.273867E-02,3.149364E-03,3.603271E-04,8.886389E-06,0.000000E+00,0.000000E+00
179.00000,-26.00000,0.00000,5.478895E-05,2.454663E-05,7.765267E-06,1.636782E-06,2.607677E-07,2.684979E-08,1.014993E-09,0.000000E+00,0.000000E+00,0.000000E+00
-180.00000,-30.00000,0.00000,1.349489E-01,7.962452E-02,4.152393E-02,1.624667E-02,3.965323E-03,4.813260E-04,1.803189E-05,0.000000E+00,0.000000E+00,0.000000E+00
-180.00000,-28.00000,0.00000,3.657552E-02,1.919015E-02,9.248882E-03,3.445108E-03,6.996922E-04,4.888547E-05,5.590442E-08,0.000000E+00,0.000000E+00,0.000000E+00
