# mean, investigation_time=1.0, imt="SA(1.0)", checksum=2738967113
lon,lat,depth,poe-0.005,poe-0.009729438587881943,poe-0.018932395047073235,poe-0.03684031498640387,poe-0.07168711644368864,poe-0.13949507939624206,poe-0.2714417616594907,poe-0.5281951900505003,poe-1.0278085328021949,poe-1.9999999999999996
-180.00000,-27.00000,0.00000,6.105420E-05,2.189604E-05,6.204734E-06,1.323741E-06,1.945751E-07,1.729934E-08,7.167471E-10,2.553346E-12,0.000000E+00,0.000000E+00
-178.00000,-28.00000,0.00000,3.298649E-01,2.148285E-01,1.144991E-01,4.919418E-02,1.689470E-02,4.473803E-03,8.341948E-04,9.558692E-05,4.209476E-06,0.000000E+00
179.00000,-26.00000,0.00000,9.431643E-05,3.415149E-05,9.949350E-06,2.232037E-06,3.581120E-07,3.832444E-08,2.579806E-09,8.367571E-11,0.000000E+00,0.000000E+00
-180.00000,-30.00000,0.00000,2.128172E-01,1.212844E-01,5.750431E-02,2.166918E-02,6.087522E-03,1.233873E-03,1.765296E-04,1.526113E-05,2.259463E-07,0.000000E+00
-180.00000,-28.00000,0.00000,7.171684E-02,3.591993E-02,1.488073E-02,5.099524E-03,1.405312E-03,2.941949E-04,4.209461E-05,2.898515E-06,0.000000E+00,0.000000E+00
