# source_model_tree_path=('b1',), gsim_tree_path=('YoungsEtAl1997SInter', 'YoungsEtAl1997SSlab', 'ZhaoEtAl2006Asc'), investigation_time=1.0, imt="PGA"
lon,lat,depth,poe-0.005,poe-0.009729438587881943,poe-0.018932395047073235,poe-0.03684031498640387,poe-0.07168711644368864,poe-0.13949507939624206,poe-0.2714417616594907,poe-0.5281951900505003,poe-1.0278085328021949,poe-1.9999999999999996
-180.00000,-27.00000,0.00000,3.887051E-05,1.888574E-05,5.664242E-06,1.031468E-06,1.174087E-07,5.850838E-09,6.625922E-12,0.000000E+00,0.000000E+00,0.000000E+00
-178.00000,-28.00000,0.00000,6.924104E-04,6.238696E-05,1.034198E-06,5.049833E-10,0.000000E+00,0.000000E+00,0.000000E+00,0.000000E+00,0.000000E+00,0.000000E+00
179.00000,-26.00000,0.00000,5.478895E-05,2.454663E-05,7.765267E-06,1.636782E-06,2.607677E-07,2.684979E-08,1.014993E-09,0.000000E+00,0.000000E+00,0.000000E+00
-180.00000,-30.00000,0.00000,3.087822E-02,2.460289E-02,1.536674E-02,5.877797E-03,1.076263E-03,7.030303E-05,5.616539E-07,0.000000E+00,0.000000E+00,0.000000E+00
-180.00000,-28.00000,0.00000,1.362001E-03,1.764789E-04,1.406843E-05,1.389761E-06,8.832001E-08,6.252403E-10,0.000000E+00,0.000000E+00,0.000000E+00,0.000000E+00
