# mean, investigation_time=1.0, imt="PGA"
lon,lat,depth,poe-0.005,poe-0.009729438587881943,poe-0.018932395047073235,poe-0.03684031498640387,poe-0.07168711644368864,poe-0.13949507939624206,poe-0.2714417616594907,poe-0.5281951900505003,poe-1.0278085328021949,poe-1.9999999999999996
-180.00000,-27.00000,0.00000,3.887371E-05,1.888648E-05,5.664433E-06,1.031504E-06,1.174124E-07,5.850946E-09,6.625922E-12,0.000000E+00,0.000000E+00,0.000000E+00
-178.00000,-28.00000,0.00000,1.399909E-01,7.506602E-02,3.649596E-02,1.561133E-02,5.364912E-03,1.217458E-03,1.243364E-04,2.288991E-06,0.000000E+00,0.000000E+00
179.00000,-26.00000,0.00000,5.479610E-05,2.454827E-05,7.765612E-06,1.636834E-06,2.607739E-07,2.685044E-08,1.015024E-09,0.000000E+00,0.000000E+00,0.000000E+00
-180.00000,-30.00000,0.00000,8.041957E-02,4.990108E-02,2.688753E-02,1.020281E-02,2.204095E-03,2.194319E-04,6.336714E-06,0.000000E+00,0.000000E+00,0.000000E+00
-180.00000,-28.00000,0.00000,1.145489E-02,6.230956E-03,3.374967E-03,1.423257E-03,3.120121E-04,2.254289E-05,1.350601E-08,0.000000E+00,0.000000E+00,0.000000E+00
