# source_model_tree_path=('b1',), gsim_tree_path=('YoungsEtAl1997SInter', 'YoungsEtAl1997SSlab', 'ZhaoEtAl2006Asc'), investigation_time=1.0, imt="PGA"
lon,lat,depth,poe-0.005,poe-0.009729438587881943,poe-0.018932395047073235,poe-0.03684031498640387,poe-0.07168711644368864,poe-0.13949507939624206,poe-0.2714417616594907,poe-0.5281951900505003,poe-1.0278085328021949,poe-1.9999999999999996
-180.00000,-27.00000,0.00000,3.887371E-05,1.888648E-05,5.664433E-06,1.031504E-06,1.174124E-07,5.850946E-09,6.625922E-12,0.000000E+00,0.000000E+00,0.000000E+00
-178.00000,-28.00000,0.00000,2.524915E-01,1.503949E-01,7.747096E-02,3.481032E-02,1.280610E-02,3.169075E-03,3.631967E-04,8.998729E-06,0.000000E+00,0.000000E+00
179.00000,-26.00000,0.00000,5.479610E-05,2.454827E-05,7.765612E-06,1.636834E-06,2.607739E-07,2.685044E-08,1.015024E-09,0.000000E+00,0.000000E+00,0.000000E+00
-180.00000,-30.00000,0.00000,1.355261E-01,7.995357E-02,4.170009E-02,1.633158E-02,3.997612E-03,4.881306E-04,1.850371E-05,0.000000E+00,0.000000E+00,0.000000E+00
-180.00000,-28.00000,0.00000,3.682587E-02,1.933305E-02,9.328010E-03,3.486509E-03,7.132749E-04,5.047538E-05,6.763162E-08,0.000000E+00,0.000000E+00,0.000000E+00
