# source_model_tree_path=('b1',), gsim_tree_path=('YoungsEtAl1997SInter', 'YoungsEtAl1997SSlab', 'ZhaoEtAl2006Asc'), investigation_time=1.0, imt="PGA"
lon,lat,depth,poe-0.005,poe-0.009729438587881943,poe-0.018932395047073235,poe-0.03684031498640387,poe-0.07168711644368864,poe-0.13949507939624206,poe-0.2714417616594907,poe-0.5281951900505003,poe-1.0278085328021949,poe-1.9999999999999996
180.00000,-28.00000,0.00000,1.362001E-03,1.764789E-04,1.406843E-05,1.389761E-06,8.832001E-08,6.252403E-10,0.000000E+00,0.000000E+00,0.000000E+00,0.000000E+00
