# mean, investigation_time=1.0, imt="PGA", checksum=1670864910
lon,lat,depth,poe-0.0050000,poe-0.0097294,poe-0.0189324,poe-0.0368403,poe-0.0716871,poe-0.1394951,poe-0.2714418,poe-0.5281952,poe-1.0278085,poe-2.0000000
-180.00000,-27.00000,0.00000,8.998084E-05,3.703147E-05,1.200453E-05,2.959943E-06,5.424828E-07,6.272099E-08,3.028077E-09,5.522721E-12,0.000000E+00,0.000000E+00
-178.00000,-28.00000,0.00000,3.774008E-01,2.691896E-01,1.591816E-01,7.388364E-02,2.553169E-02,6.105606E-03,8.670341E-04,5.767946E-05,1.228766E-06,0.000000E+00
179.00000,-26.00000,0.00000,1.430162E-04,5.605450E-05,1.741299E-05,4.318324E-06,8.501619E-07,1.236964E-07,1.054634E-08,3.178184E-10,0.000000E+00,0.000000E+00
-180.00000,-30.00000,0.00000,2.375924E-01,1.376134E-01,6.336301E-02,2.168054E-02,4.763064E-03,5.830121E-04,3.444478E-05,7.071505E-07,0.000000E+00,0.000000E+00
-180.00000,-28.00000,0.00000,7.442240E-02,3.481366E-02,1.252359E-02,3.278776E-03,5.220291E-04,3.361331E-05,3.160685E-08,0.000000E+00,0.000000E+00,0.000000E+00
