# mean, investigation_time=1.0, imt="SA(1.0)", checksum=56125602
lon,lat,depth,poe-0.005,poe-0.009729438587881943,poe-0.018932395047073235,poe-0.03684031498640387,poe-0.07168711644368864,poe-0.13949507939624206,poe-0.2714417616594907,poe-0.5281951900505003,poe-1.0278085328021949,poe-1.9999999999999996
-180.00000,-27.00000,0.00000,6.339372E-05,2.310823E-05,6.655054E-06,1.442158E-06,2.154394E-07,1.951696E-08,8.432502E-10,2.775275E-12,0.000000E+00,0.000000E+00
-178.00000,-28.00000,0.00000,3.214583E-01,2.070093E-01,1.093323E-01,4.693517E-02,1.631780E-02,4.433751E-03,8.572519E-04,1.021714E-04,4.645496E-06,0.000000E+00
179.00000,-26.00000,0.00000,9.796417E-05,3.606349E-05,1.065945E-05,2.424276E-06,3.938547E-07,4.256252E-08,2.898360E-09,9.489553E-11,0.000000E+00,0.000000E+00
-180.00000,-30.00000,0.00000,2.065133E-01,1.174026E-01,5.588093E-02,2.128750E-02,6.107666E-03,1.279756E-03,1.900761E-04,1.685296E-05,2.505712E-07,0.000000E+00
-180.00000,-28.00000,0.00000,6.959084E-02,3.490474E-02,1.459346E-02,5.105259E-03,1.455065E-03,3.167201E-04,4.654930E-05,3.214411E-06,0.000000E+00,0.000000E+00
