# mean, investigation_time=1.0, imt="SA(1.0)", checksum=56125602
lon,lat,depth,poe-0.005,poe-0.009729438587881943,poe-0.018932395047073235,poe-0.03684031498640387,poe-0.07168711644368864,poe-0.13949507939624206,poe-0.2714417616594907,poe-0.5281951900505003,poe-1.0278085328021949,poe-1.9999999999999996
-180.00000,-27.00000,0.00000,7.514629E-05,2.668144E-05,7.407508E-06,1.528432E-06,2.106426E-07,1.640314E-08,4.883872E-10,0.000000E+00,0.000000E+00,0.000000E+00
-178.00000,-28.00000,0.00000,3.389771E-01,2.241857E-01,1.210811E-01,5.216547E-02,1.768641E-02,4.554155E-03,8.156669E-04,8.938009E-05,3.812773E-06,0.000000E+00
179.00000,-26.00000,0.00000,1.152729E-04,4.124509E-05,1.173893E-05,2.550462E-06,3.861620E-07,3.644201E-08,1.811016E-09,1.680915E-11,0.000000E+00,0.000000E+00
-180.00000,-30.00000,0.00000,2.201159E-01,1.275100E-01,6.203878E-02,2.392962E-02,6.638213E-03,1.254999E-03,1.614447E-04,1.303014E-05,2.054058E-07,0.000000E+00
-180.00000,-28.00000,0.00000,7.526887E-02,3.882440E-02,1.641349E-02,5.529756E-03,1.439707E-03,2.811963E-04,3.841840E-05,2.635014E-06,0.000000E+00,0.000000E+00
