# mean, investigation_time=1.0, imt="PGA", checksum=56125602
lon,lat,depth,poe-0.005,poe-0.009729438587881943,poe-0.018932395047073235,poe-0.03684031498640387,poe-0.07168711644368864,poe-0.13949507939624206,poe-0.2714417616594907,poe-0.5281951900505003,poe-1.0278085328021949,poe-1.9999999999999996
-180.00000,-27.00000,0.00000,8.598161E-05,3.596256E-05,1.216264E-05,3.183593E-06,6.168298E-07,7.377992E-08,3.619977E-09,6.637327E-12,0.000000E+00,0.000000E+00
-178.00000,-28.00000,0.00000,3.813858E-01,2.718722E-01,1.600674E-01,7.373464E-02,2.531667E-02,6.078562E-03,8.879929E-04,6.367086E-05,1.467183E-06,0.000000E+00
179.00000,-26.00000,0.00000,1.379113E-04,5.461085E-05,1.760078E-05,4.605804E-06,9.528849E-07,1.432471E-07,1.248621E-08,3.809740E-10,0.000000E+00,0.000000E+00
-180.00000,-30.00000,0.00000,2.392463E-01,1.370106E-01,6.226840E-02,2.121525E-02,4.724675E-03,6.007866E-04,3.811007E-05,8.527737E-07,0.000000E+00,0.000000E+00
-180.00000,-28.00000,0.00000,7.441214E-02,3.402075E-02,1.200273E-02,3.114344E-03,4.937535E-04,3.161974E-05,2.875360E-08,0.000000E+00,0.000000E+00,0.000000E+00
