# mean, investigation_time=1.0, imt="PGA", checksum=56125602
lon,lat,depth,poe-0.005,poe-0.009729438587881943,poe-0.018932395047073235,poe-0.03684031498640387,poe-0.07168711644368864,poe-0.13949507939624206,poe-0.2714417616594907,poe-0.5281951900505003,poe-1.0278085328021949,poe-1.9999999999999996
-180.00000,-27.00000,0.00000,1.356249E-04,5.238091E-05,1.513362E-05,3.150557E-06,4.742674E-07,4.756549E-08,2.085120E-09,1.534994E-12,0.000000E+00,0.000000E+00
-178.00000,-28.00000,0.00000,3.859310E-01,2.786840E-01,1.665805E-01,7.791138E-02,2.700374E-02,6.419452E-03,8.926027E-04,5.576815E-05,1.084205E-06,0.000000E+00
179.00000,-26.00000,0.00000,2.131107E-04,8.048073E-05,2.232423E-05,4.678395E-06,7.582980E-07,9.407327E-08,6.916123E-09,1.544629E-10,0.000000E+00,0.000000E+00
-180.00000,-30.00000,0.00000,2.462533E-01,1.454025E-01,6.845759E-02,2.336422E-02,4.734097E-03,4.678413E-04,1.720148E-05,1.924767E-09,0.000000E+00,0.000000E+00
-180.00000,-28.00000,0.00000,7.999288E-02,3.911969E-02,1.422274E-02,3.564593E-03,5.396633E-04,3.417495E-05,3.107043E-08,0.000000E+00,0.000000E+00,0.000000E+00
