site_id,event_id,gmv_MMI
0,0,9.112468E+00
0,1,9.395204E+00
0,2,9.187565E+00
0,3,9.197810E+00
0,4,9.615302E+00
0,5,9.586611E+00
0,6,8.813086E+00
0,7,9.094445E+00
0,8,8.854938E+00
0,9,9.203207E+00
