site_id,event_id,gmv_MMI
0,0,8.992022E+00
0,1,9.795640E+00
0,2,9.554200E+00
0,3,9.228898E+00
0,4,8.913270E+00
0,5,8.913919E+00
0,6,8.878545E+00
0,7,9.537568E+00
0,8,9.313953E+00
0,9,9.333982E+00
