event_id,site_id,gmv_MMI
0,0,9.112468E+00
1,0,9.395204E+00
2,0,9.187565E+00
3,0,9.197810E+00
4,0,9.615302E+00
5,0,9.586611E+00
6,0,8.813086E+00
7,0,9.094445E+00
8,0,8.854938E+00
9,0,9.203207E+00
