event_id,rlz_id,sig_inter_MMI,eps_inter_MMI
0,0,2.100000E-01,-9.435177E-01
1,0,2.100000E-01,9.184278E-01
2,0,2.100000E-01,6.036298E-01
3,0,2.100000E-01,-5.140259E-01
4,0,2.100000E-01,-5.745872E-01
5,0,2.100000E-01,-5.714020E-01
6,0,2.100000E-01,-3.415143E-01
7,0,2.100000E-01,4.237709E-02
8,0,2.100000E-01,-1.167235E-01
9,0,2.100000E-01,-3.652180E-01
