event_id,rlz_id,sig_inter_MMI,eps_inter_MMI
0,0,2.100000E-01,-9.189861E-01
1,0,2.100000E-01,-7.393640E-02
2,0,2.100000E-01,2.580584E-01
3,0,2.100000E-01,-3.886282E-01
4,0,2.100000E-01,3.063407E-01
5,0,2.100000E-01,1.561208E-01
6,0,2.100000E-01,-9.344829E-01
7,0,2.100000E-01,1.008849E-01
8,0,2.100000E-01,-4.243805E-01
9,0,2.100000E-01,-1.457979E-01
