rlzi,sid,eid,gmv_PGA
0,0,0,1.040615E-01
0,0,0,7.389693E-02
0,0,0,8.034954E-02
0,0,0,1.488322E-01
0,0,0,1.554943E-01
1,0,65536,2.911683E-01
2,0,131072,7.321205E-02
2,0,131072,9.624406E-02
2,0,131072,1.383845E-01
2,0,131072,1.371225E-01
