rlzi,sid,eid,gmv_PGA
0,0,5798205849600,9.679564E-02
0,0,8169027796992,1.563531E-01
1,0,5557687681024,1.980363E-01
2,0,4638564679680,7.404974E-02
2,0,4702989189120,7.520311E-02
2,0,4745938862080,7.597916E-02
2,0,6670084210688,1.166971E-01
2,0,9234179686400,1.882491E-01
