rlzi,sid,eid,gmv_PGA
0,0,4,9.679564E-02
0,0,6,1.563531E-01
1,0,3,1.980363E-01
2,0,0,7.404974E-02
2,0,1,7.520311E-02
2,0,2,7.597916E-02
2,0,5,1.166971E-01
2,0,7,1.882491E-01
