eid,sid,gmv_PGA
4638564679680,0,7.404974E-02
4702989189120,0,7.520311E-02
4745938862080,0,7.597916E-02
5557687681024,0,1.980363E-01
5798205849600,0,9.679564E-02
6670084210688,0,1.166971E-01
8169027796992,0,1.563531E-01
9234179686400,0,1.882491E-01
