rlzi,sid,eid,gmv_PGA
0,0,4823248273408,1.930945E-01
1,0,30064771072,1.307689E-01
1,0,1228360646656,2.157075E-01
1,0,2478196129792,3.069627E-01
2,0,210453397504,7.652576E-02
2,0,3113851289600,1.426769E-01
