rlzi,sid,eid,gmv_PGA
0,0,4629974745088,7.389693E-02
0,0,4982162063360,8.034954E-02
0,0,6128918331392,1.040615E-01
0,0,7902739824640,1.488322E-01
0,0,8138963025920,1.554943E-01
1,0,6816113164288,2.911683E-01
2,0,4591320170496,7.321205E-02
2,0,5772436176896,9.624406E-02
2,0,7473243226112,1.371225E-01
2,0,7520487866368,1.383845E-01
