site_id,event_id,gmv_PGA
0,0,7.404974E-02
0,1,7.520311E-02
0,2,1.218925E-02
0,3,9.172951E-02
0,4,1.668003E-02
0,5,1.166971E-01
0,6,1.563531E-01
0,7,4.645121E-02
