eid,sid,gmv_PGA
0,0,7.404974E-02
1,0,7.520311E-02
2,0,7.597916E-02
3,0,9.172951E-02
4,0,9.679564E-02
5,0,1.166971E-01
6,0,1.563531E-01
7,0,1.882491E-01
