event_id,site_id,gmv_PGA
0,0,1.180530E-02
1,0,1.203419E-02
2,0,1.218925E-02
3,0,1.980363E-01
4,0,9.679564E-02
5,0,2.163042E-02
6,0,1.563531E-01
7,0,4.645121E-02
