rlzi,sid,eid,gmv_PGA
0,0,0,7.404975E-02
0,0,3,7.520312E-02
0,0,6,7.597915E-02
0,0,9,9.172949E-02
0,0,12,9.679564E-02
0,0,15,1.166971E-01
0,0,18,1.563531E-01
0,0,21,1.882490E-01
1,0,2,1.335173E-01
1,0,5,1.376948E-01
1,0,8,1.405155E-01
1,0,11,1.980342E-01
1,0,14,2.160303E-01
1,0,17,2.807687E-01
1,0,20,3.758458E-01
1,0,23,4.263354E-01
2,0,1,7.404975E-02
2,0,4,7.520312E-02
2,0,7,7.597915E-02
2,0,10,9.172949E-02
2,0,13,9.679564E-02
2,0,16,1.166971E-01
2,0,19,1.563531E-01
2,0,22,1.882490E-01
