rlzi,sid,eid,gmv_PGA
0,0,4294967301,1.930945E-01
1,0,4294967297,7.652576E-02
1,0,4294967300,1.426769E-01
2,0,4294967296,1.165513E-02
2,0,4294967298,1.665869E-02
2,0,4294967299,2.417892E-02
