rlzi,sid,eid,gmv_PGA
0,0,9393093476352,1.930945E-01
1,0,4599909974016,1.307689E-01
1,0,5798205849600,2.157075E-01
1,0,7048041332736,3.069627E-01
2,0,4780298600448,7.652576E-02
2,0,7683696492544,1.426769E-01
