rlzi,sid,eid,gmv_PGA
0,0,601295421440,8.388770E-02
0,0,773094113280,8.727521E-02
0,0,1163936137216,9.532943E-02
0,0,2637109919744,1.300226E-01
0,0,3345779523584,1.490717E-01
1,0,549755813888,1.658285E-01
1,0,777389080576,1.822049E-01
1,0,1846835937280,2.619947E-01
2,0,150323855360,7.543533E-02
2,0,399431958528,8.002584E-02
2,0,468151435264,8.132619E-02
2,0,884763262976,8.952706E-02
2,0,1992864825344,1.140143E-01
2,0,3113851289600,1.426769E-01
2,0,3294239916032,1.476375E-01
