eid,sid,gmv_PGA
4638564679680,0,1.180530E-02
4702989189120,0,1.203419E-02
4745938862080,0,1.218925E-02
5557687681024,0,1.980363E-01
5798205849600,0,9.679564E-02
6670084210688,0,2.163042E-02
8169027796992,0,1.563531E-01
9234179686400,0,4.645121E-02
