rlzi,sid,eid,gmv_PGA
0,0,9388798509056,1.930945E-01
1,0,4595615006720,1.307689E-01
1,0,5793910882304,2.157075E-01
1,0,7043746365440,3.069627E-01
2,0,4776003633152,7.652576E-02
2,0,7679401525248,1.426769E-01
