rlzi,sid,eid,gmv_PGA
0,0,0,9.679564E-02
0,0,1,1.563531E-01
1,0,2,1.980363E-01
2,0,3,7.404974E-02
2,0,4,7.520311E-02
2,0,5,7.597916E-02
2,0,6,1.166971E-01
2,0,7,1.882491E-01
