rlzi,sid,eid,gmv_PGA
0,0,0,7.404975E-02
0,0,1,7.520312E-02
0,0,2,7.597915E-02
0,0,3,9.172949E-02
0,0,4,9.679564E-02
0,0,5,1.166971E-01
0,0,6,1.563531E-01
0,0,7,1.882490E-01
