site_id,event_id,gmv_PGA
0,0,7.802355E-02
0,1,1.299502E-02
0,2,1.307847E-02
0,3,8.255867E-02
0,4,1.414076E-02
0,5,1.615462E-02
0,6,1.642574E-02
0,7,1.735534E-02
0,8,2.018557E-02
0,9,2.769318E-02
0,10,2.896230E-02
0,11,2.918561E-02
0,12,1.877137E-01
0,13,1.262504E-01
0,14,1.323747E-01
