event_id,rup_id,year,magnitude,centroid_lon,centroid_lat,centroid_depth,structural,structural_ins
12884901890,431,15,6.05000E+00,-1.22000E+02,3.80809E+01,4.00000E+00,2.29054E+03,1.29054E+03
12884901889,402,21,5.85000E+00,-1.22000E+02,3.81079E+01,9.00000E+00,3.85111E+03,2.85111E+03
12884901888,378,61,5.85000E+00,-1.22000E+02,3.80540E+01,3.00000E+00,8.37259E+02,0.00000E+00
8589934592,327,73,5.65000E+00,-1.22000E+02,3.81349E+01,6.00000E+00,2.78399E+02,0.00000E+00
4294967296,163,86,5.25000E+00,-1.22000E+02,3.80630E+01,1.00000E+01,9.71120E+02,0.00000E+00
