event_id,rup_id,year,rlzi,magnitude,centroid_lon,centroid_lat,centroid_depth,structural,structural_ins
103079215104,24,1,0,5.05000E+00,-1.22000E+02,3.80809E+01,5.00000E+00,2.22569E+03,1.22569E+03
876173328384,204,1,0,5.35000E+00,-1.22000E+02,3.81439E+01,8.00000E+00,1.75271E+03,7.52707E+02
1580547964928,368,1,0,5.75000E+00,-1.22000E+02,3.81529E+01,7.00000E+00,2.70062E+02,0.00000E+00
1799591297024,419,1,0,5.95000E+00,-1.22000E+02,3.80809E+01,7.00000E+00,9.01294E+02,0.00000E+00
1902670512128,443,1,0,6.05000E+00,-1.22000E+02,3.80809E+01,8.00000E+00,3.58639E+03,2.58639E+03
2027224563712,472,1,0,6.25000E+00,-1.22000E+02,3.80989E+01,8.00000E+00,1.75917E+03,7.59172E+02
