event_id,rup_id,year,rlzi,magnitude,centroid_lon,centroid_lat,centroid_depth,structural,structural_ins
1851130904576,431,15,0,6.05000E+00,-1.22000E+02,3.80809E+01,4.00000E+00,2.29054E+03,1.29054E+03
1726576852992,402,21,0,5.85000E+00,-1.22000E+02,3.81079E+01,9.00000E+00,3.85111E+03,2.85111E+03
1623497637888,378,61,0,5.85000E+00,-1.22000E+02,3.80540E+01,3.00000E+00,8.37259E+02,0.00000E+00
1404454305792,327,73,0,5.65000E+00,-1.22000E+02,3.81349E+01,6.00000E+00,2.78399E+02,0.00000E+00
700079669248,163,86,0,5.25000E+00,-1.22000E+02,3.80630E+01,1.00000E+01,9.71120E+02,0.00000E+00
