event_id,rup_id,year,rlzi,magnitude,centroid_lon,centroid_lat,centroid_depth,structural,structural_ins
876173328384,204,1,0,5.25000E+00,-1.22000E+02,3.80630E+01,1.00000E+01,8.28025E+02,0.00000E+00
1580547964928,368,1,0,5.65000E+00,-1.22000E+02,3.81349E+01,6.00000E+00,2.79066E+02,0.00000E+00
1799591297024,419,1,0,5.85000E+00,-1.22000E+02,3.80540E+01,3.00000E+00,6.91433E+02,0.00000E+00
1902670512128,443,1,0,5.85000E+00,-1.22000E+02,3.81079E+01,9.00000E+00,2.51179E+03,1.51179E+03
2027224563712,472,1,0,6.05000E+00,-1.22000E+02,3.80809E+01,4.00000E+00,2.39310E+03,1.39310E+03
