event_tag,year,magnitude,centroid_lon,centroid_lat,centroid_depth,structural,structural_ins
grp=00~ses=0015~rup=431-01,15,6.05000E+00,-1.22000E+02,3.80809E+01,4.00000E+00,2.29054E+03,1.29054E+03
grp=00~ses=0021~rup=402-01,21,5.85000E+00,-1.22000E+02,3.81079E+01,9.00000E+00,3.85111E+03,2.85111E+03
grp=00~ses=0061~rup=378-01,61,5.85000E+00,-1.22000E+02,3.80540E+01,3.00000E+00,8.37259E+02,0.00000E+00
grp=00~ses=0073~rup=327-01,73,5.65000E+00,-1.22000E+02,3.81349E+01,6.00000E+00,2.78399E+02,0.00000E+00
grp=00~ses=0086~rup=163-01,86,5.25000E+00,-1.22000E+02,3.80630E+01,1.00000E+01,9.71120E+02,0.00000E+00
