,id,ordinal,CN,CCL_node,PCL_node,WCL_node
0,A,0.0,0.0,0.0,1.0,1.0
1,E,0.0,0.0,0.0,0.6666666666666667,0.8888888888888888
2,G,0.0,0.0,1.0,0.6666666666666667,0.8
