event_tag,year,structural
grp=01~ses=0001~rup=26-00,741,1.13253E+05
grp=01~ses=0001~rup=24-00,1288,1.56092E+05
grp=01~ses=0001~rup=17-02,2142,1.35586E+06
grp=01~ses=0001~rup=16-00,3054,1.02708E+06
grp=01~ses=0001~rup=4-01,3776,2.32531E+05
grp=01~ses=0001~rup=27-00,4404,9.81918E+06
grp=01~ses=0001~rup=4-02,4780,1.19389E+05
grp=01~ses=0001~rup=4-03,7064,2.09764E+05
grp=01~ses=0001~rup=4-00,7616,3.74045E+06
grp=01~ses=0001~rup=17-00,9724,5.17435E+05
