event_tag,year,structural
grp=00~ses=0001~rup=29-00,222,9.07347E+06
grp=00~ses=0001~rup=26-00,1179,1.40565E+06
grp=00~ses=0001~rup=17-01,1203,7.05051E+04
grp=00~ses=0001~rup=17-00,3506,4.10128E+05
grp=00~ses=0001~rup=26-01,4242,2.09058E+04
grp=00~ses=0001~rup=23-00,5167,6.34420E+05
grp=00~ses=0001~rup=22-00,5602,1.99221E+06
grp=00~ses=0001~rup=5-00,8185,3.27863E+05
grp=00~ses=0001~rup=17-02,8373,1.27294E+06
grp=00~ses=0001~rup=28-00,8652,2.04430E+05
grp=00~ses=0001~rup=22-01,9747,3.25749E+04
