# mean, investigation_time=5.0
lon,lat,PGA-0.01,PGA-0.04,PGA-0.1,PGA-0.4,PGA-0.6,SA(0.1)-0.01,SA(0.1)-0.04,SA(0.1)-0.1,SA(0.1)-0.4,SA(0.1)-0.6
-122.25444,37.84060,1.901052E-02,1.200346E-03,3.560463E-05,1.897213E-08,6.046348E-09,3.145361E-02,6.515412E-03,7.733619E-04,3.254433E-06,3.821517E-07
-122.24958,37.84817,1.884530E-02,1.175937E-03,3.460507E-05,1.909263E-08,6.435495E-09,3.128379E-02,6.424407E-03,7.567099E-04,3.145060E-06,3.689968E-07
-122.23190,37.86759,1.847206E-02,1.125731E-03,3.272736E-05,1.931256E-08,7.085053E-09,3.088597E-02,6.227563E-03,7.226133E-04,2.944700E-06,3.460356E-07
