# mean, investigation_time=5.0
lon,lat,PGA-0.01,PGA-0.04,PGA-0.1,PGA-0.4,PGA-0.6,SA(0.1)-0.01,SA(0.1)-0.04,SA(0.1)-0.1,SA(0.1)-0.4,SA(0.1)-0.6
-122.25444,37.84060,1.908653E-02,1.208202E-03,3.659405E-05,1.756529E-08,4.925588E-09,3.122867E-02,6.305804E-03,7.264230E-04,2.922502E-06,3.387778E-07
-122.24958,37.84817,1.892175E-02,1.184068E-03,3.558410E-05,1.758895E-08,5.251330E-09,3.105765E-02,6.217229E-03,7.107893E-04,2.824249E-06,3.270304E-07
-122.23190,37.86759,1.854948E-02,1.134361E-03,3.367542E-05,1.774111E-08,5.918281E-09,3.065722E-02,6.025862E-03,6.788016E-04,2.643551E-06,3.064455E-07
