# mean, investigation_time=5.0, imt="PGA", checksum=1859917248
lon,lat,depth,poe-0.01,poe-0.04,poe-0.1,poe-0.4,poe-0.6
-122.25444,37.84060,0.00000,1.939647E-02,1.239822E-03,4.055314E-05,1.572940E-08,2.882884E-09
-122.24958,37.84817,0.00000,1.923345E-02,1.216785E-03,3.950165E-05,1.549397E-08,3.066333E-09
-122.23190,37.86759,0.00000,1.886498E-02,1.169061E-03,3.746928E-05,1.520486E-08,3.563318E-09
