# source_model_tree_path=('ltbrTrueMean',),gsim_tree_path=('BSSA14',),investigation_time=1.0
lon,lat,PGA-0.01,PGA-0.04,PGA-0.1,PGA-0.4,PGA-0.6,SA(0.1)-0.01,SA(0.1)-0.04,SA(0.1)-0.1,SA(0.1)-0.4,SA(0.1)-0.6
-122.25444,37.84060,8.280593E-03,2.182314E-04,1.031884E-05,4.399793E-06,2.426569E-06,1.985992E-02,2.404503E-03,1.986603E-04,7.048025E-06,5.432966E-06
-122.24958,37.84817,8.140765E-03,2.093557E-04,1.017016E-05,4.584293E-06,2.601121E-06,1.965069E-02,2.343563E-03,1.912284E-04,7.117501E-06,5.585964E-06
-122.23190,37.86759,7.813857E-03,1.893851E-04,9.834259E-06,4.724027E-06,2.740496E-06,1.917139E-02,2.201927E-03,1.743719E-04,7.130129E-06,5.696291E-06
