# mean, investigation_time=5.0,imt=PGA
lon,lat,depth,poe-0.01,poe-0.04,poe-0.1,poe-0.4,poe-0.6
-122.25444,37.84060,0.00000,1.908767E-02,1.208238E-03,3.659247E-05,1.721593E-08,4.763737E-09
-122.24958,37.84817,0.00000,1.892289E-02,1.184103E-03,3.558252E-05,1.723197E-08,5.079617E-09
-122.23190,37.86759,0.00000,1.855060E-02,1.134394E-03,3.367387E-05,1.737039E-08,5.725993E-09
