# source_model_tree_path=('ltbrTrueMean',), gsim_tree_path=('BA14',), investigation_time=1.0,imt=SA(0.1)
lon,lat,depth,poe-0.01,poe-0.04,poe-0.1,poe-0.4,poe-0.6
-122.25444,37.84060,0.00000,1.010341E-03,1.282045E-04,1.766451E-05,6.703220E-06,5.402824E-06
-122.24958,37.84817,0.00000,9.996789E-04,1.251503E-04,1.729165E-05,6.793352E-06,5.557802E-06
-122.23190,37.86759,0.00000,9.752634E-04,1.180523E-04,1.644283E-05,6.851018E-06,5.672401E-06
