# mean, investigation_time=5.0,imt=PGA
lon,lat,depth,poe-0.01,poe-0.04,poe-0.1,poe-0.4,poe-0.6
-122.25444,37.84060,0.00000,1.862550E-02,1.160881E-03,3.063583E-05,1.063936E-08,2.727520E-09
-122.24958,37.84817,0.00000,1.845805E-02,1.135098E-03,2.968818E-05,1.066416E-08,2.873136E-09
-122.23190,37.86759,0.00000,1.808003E-02,1.082409E-03,2.796513E-05,1.076962E-08,2.999885E-09
