# source_model_tree_path=('ltbrTrueMean',),gsim_tree_path=('AS08',),investigation_time=1.0
lon,lat,PGA-0.01,PGA-0.04,PGA-0.1,PGA-0.4,PGA-0.6,SA(0.1)-0.01,SA(0.1)-0.04,SA(0.1)-0.1,SA(0.1)-0.4,SA(0.1)-0.6
-122.25444,37.84060,4.748391E-04,2.362308E-05,8.123665E-06,4.623562E-06,2.450432E-06,8.380234E-04,8.911806E-05,1.253201E-05,6.881199E-06,5.480172E-06
-122.24958,37.84817,4.667271E-04,2.301173E-05,8.107732E-06,4.873559E-06,2.693992E-06,8.268117E-04,8.630169E-05,1.229215E-05,6.988206E-06,5.707463E-06
-122.23190,37.86759,4.477689E-04,2.163178E-05,8.070337E-06,5.649557E-06,3.566520E-06,8.004147E-04,7.986064E-05,1.176097E-05,7.248017E-06,6.346517E-06
