# mean, investigation_time=5.0,imt=PGA
lon,lat,depth,PGA-0.01:float32,PGA-0.04:float32,PGA-0.1:float32,PGA-0.4:float32,PGA-0.6:float32
-122.25444,37.84060,0.00000,1.901051E-02,1.200346E-03,3.560467E-05,1.903753E-08,6.027344E-09
-122.24958,37.84817,0.00000,1.884529E-02,1.175937E-03,3.460510E-05,1.918379E-08,6.443622E-09
-122.23190,37.86759,0.00000,1.847205E-02,1.125731E-03,3.272739E-05,1.958221E-08,7.296717E-09
