# source_model_tree_path=('ltbrTrueMean',), gsim_tree_path=('AS08',), investigation_time=1.0, imt="SA(0.1)", checksum=2513767148
lon,lat,depth,poe-0.0100000,poe-0.0400000,poe-0.1000000,poe-0.4000000,poe-0.6000000
-122.25444,37.84060,0.00000,8.380234E-04,8.911805E-05,1.253190E-05,6.880913E-06,5.480222E-06
-122.24958,37.84817,0.00000,8.268117E-04,8.630169E-05,1.229209E-05,6.988101E-06,5.707599E-06
-122.23190,37.86759,0.00000,8.004147E-04,7.986064E-05,1.176097E-05,7.247989E-06,6.346535E-06
