# source_model_tree_path=('ltbrTrueMean',), gsim_tree_path=('AS08',), investigation_time=1.0, imt="PGA", checksum=2513767148
lon,lat,depth,poe-0.0100000,poe-0.0400000,poe-0.1000000,poe-0.4000000,poe-0.6000000
-122.25444,37.84060,0.00000,4.748391E-04,2.362307E-05,8.123392E-06,4.623672E-06,2.450680E-06
-122.24958,37.84817,0.00000,4.667271E-04,2.301173E-05,8.107587E-06,4.873750E-06,2.694276E-06
-122.23190,37.86759,0.00000,4.477689E-04,2.163178E-05,8.070329E-06,5.649617E-06,3.566649E-06
