# mean, investigation_time=5.0,imt=PGA
lon,lat,depth,poe-0.01,poe-0.04,poe-0.1,poe-0.4,poe-0.6
-122.25444,37.84060,0.00000,1.939619E-02,1.239819E-03,4.055950E-05,1.946216E-08,4.908978E-09
-122.24958,37.84817,0.00000,1.923318E-02,1.216783E-03,3.950802E-05,1.939976E-08,5.266418E-09
-122.23190,37.86759,0.00000,1.886471E-02,1.169059E-03,3.747565E-05,1.951751E-08,6.216646E-09
