# source_model_tree_path=('ltbrTrueMean',), gsim_tree_path=('BA14',), investigation_time=1.0,imt=PGA
lon,lat,depth,PGA-0.01:float32,PGA-0.04:float32,PGA-0.1:float32,PGA-0.4:float32,PGA-0.6:float32
-122.25444,37.84060,0.00000,4.235232E-04,1.872222E-05,8.017507E-06,4.399726E-06,2.426568E-06
-122.24958,37.84817,0.00000,4.164768E-04,1.827723E-05,8.012742E-06,4.584232E-06,2.601120E-06
-122.23190,37.86759,0.00000,4.000065E-04,1.727560E-05,7.988778E-06,4.723979E-06,2.740495E-06
