# source_model_tree_path=('ltbrTrueMean',), gsim_tree_path=('BA14',), investigation_time=1.0, imt="PGA", checksum=2513767148
lon,lat,depth,poe-0.0100000,poe-0.0400000,poe-0.1000000,poe-0.4000000,poe-0.6000000
-122.25444,37.84060,0.00000,4.235486E-04,1.872306E-05,8.017521E-06,4.399726E-06,2.426568E-06
-122.24958,37.84817,0.00000,4.165022E-04,1.827805E-05,8.012756E-06,4.584232E-06,2.601120E-06
-122.23190,37.86759,0.00000,4.000317E-04,1.727637E-05,7.988790E-06,4.723979E-06,2.740495E-06
