# mean, investigation_time=5.0
lon,lat,PGA-0.01,PGA-0.04,PGA-0.1,PGA-0.4,PGA-0.6,SA(0.1)-0.01,SA(0.1)-0.04,SA(0.1)-0.1,SA(0.1)-0.4,SA(0.1)-0.6
-122.25444,37.84060,1.901032E-02,1.200343E-03,3.560848E-05,2.115470E-08,7.228778E-09,3.145336E-02,6.515391E-03,7.733653E-04,3.257623E-06,3.846905E-07
-122.24958,37.84817,1.884510E-02,1.175934E-03,3.460891E-05,2.137587E-08,7.719106E-09,3.128354E-02,6.424387E-03,7.567133E-04,3.148294E-06,3.716290E-07
-122.23190,37.86759,1.847186E-02,1.125729E-03,3.273120E-05,2.183284E-08,8.632226E-09,3.088572E-02,6.227544E-03,7.226167E-04,2.948019E-06,3.488690E-07
