# mean, investigation_time=5.0
lon,lat,PGA-0.01,PGA-0.04,PGA-0.1,PGA-0.4,PGA-0.6,SA(0.1)-0.01,SA(0.1)-0.04,SA(0.1)-0.1,SA(0.1)-0.4,SA(0.1)-0.6
-122.25444,37.84060,1.908767E-02,1.208238E-03,3.659247E-05,1.721593E-08,4.763736E-09,3.123017E-02,6.306004E-03,7.264318E-04,2.921719E-06,3.383147E-07
-122.24958,37.84817,1.892289E-02,1.184103E-03,3.558252E-05,1.723197E-08,5.079617E-09,3.105915E-02,6.217425E-03,7.107978E-04,2.823472E-06,3.265625E-07
-122.23190,37.86759,1.855060E-02,1.134394E-03,3.367387E-05,1.737039E-08,5.725993E-09,3.065871E-02,6.026051E-03,6.788096E-04,2.642795E-06,3.059720E-07
