annual_frequency_of_exceedence,return_period,structural
2.00000E-03,500,NAN
1.00000E-03,1000,0.00000E+00
5.00000E-04,2000,1.76476E+05
2.00000E-04,5000,9.63100E+05
1.00000E-04,10000,2.51289E+06
5.00000E-05,20000,3.76224E+06
