annual_frequency_of_exceedence,return_period,structural
2.00000E-03,500,0.00000E+00
1.00000E-03,1000,2.85174E+05
5.00000E-04,2000,1.30692E+06
2.00000E-04,5000,2.29256E+06
1.00000E-04,10000,5.17416E+06
