return_periods,structural
500,NAN
1000,7.88503E+05
2000,1.03175E+07
5000,4.41457E+07
10000,1.10425E+08
