annual_frequency_of_exceedence,return_period,structural
2.00000E-03,500,0.00000E+00
1.00000E-03,1000,1.28189E+05
5.00000E-04,2000,4.04331E+05
2.00000E-04,5000,1.56766E+06
1.00000E-04,10000,2.51877E+06
