annual_frequency_of_exceedence,return_period,structural
2.00000E-03,500,0.00000E+00
1.00000E-03,1000,2.61425E+05
5.00000E-04,2000,9.57230E+05
2.00000E-04,5000,4.28865E+06
1.00000E-04,10000,7.36041E+06
