annual_frequency_of_exceedence,return_period,structural
2.00000E-03,500,0.00000E+00
1.00000E-03,1000,1.56500E+05
5.00000E-04,2000,5.09468E+05
2.00000E-04,5000,2.35729E+06
1.00000E-04,10000,3.44341E+06
