annual_frequency_of_exceedence,return_period,structural
5.00000E-03,200,NAN
2.00000E-03,500,3.74426E+03
1.00000E-03,1000,1.63498E+05
5.00000E-04,2000,3.44882E+06
2.00000E-04,5000,1.39596E+07
1.00000E-04,10000,4.57970E+07
