annual_frequency_of_exceedence,return_period,structural
5.00000E-03,200,NAN
2.00000E-03,500,2.98536E+03
1.00000E-03,1000,1.23330E+05
5.00000E-04,2000,2.01795E+06
2.00000E-04,5000,7.90442E+06
1.00000E-04,10000,2.84323E+07
