annual_frequency_of_exceedence,return_period,structural
5.00000E-03,200,NAN
2.00000E-03,500,9.15228E+04
1.00000E-03,1000,7.88503E+05
5.00000E-04,2000,1.03175E+07
2.00000E-04,5000,4.41457E+07
1.00000E-04,10000,1.10425E+08
