annual_frequency_of_exceedence,return_period,structural
2.00000E-03,500,0.00000E+00
1.00000E-03,1000,1.76476E+05
5.00000E-04,2000,5.69307E+05
2.00000E-04,5000,2.51289E+06
1.00000E-04,10000,3.76224E+06
