return_periods,structural
500,NAN
1000,NAN
2000,2.17243E+06
5000,1.79936E+07
10000,6.27047E+07
