annual_frequency_of_exceedence,return_period,structural
5.00000E-03,200,NAN
2.00000E-03,500,2.38293E+03
1.00000E-03,1000,2.90607E+05
5.00000E-04,2000,4.27222E+06
2.00000E-04,5000,2.29217E+07
1.00000E-04,10000,7.70645E+07
