# mean, investigation_time=1.0, imt="PGA", checksum=2848891951
lon,lat,depth,poe-0.1,poe-0.4,poe-0.6,poe-1.0
0.10000,0.00000,0.00000,1.218549E-02,5.375316E-04,6.943041E-05,0.000000E+00
