poe,source_id
1.9972196e-02,2
2.7996351e-05,4
1.1797808e-06,1
