poe,source_id
1.9980716e-02,2
1.9632957e-05,4
1.0642372e-07,1
