source_id,poe
2,1.9980716e-02
4,1.9632957e-05
1,1.0642372e-07
