source_id,poe
"2",9.6192169e-02
"4",4.0449939e-03
"1",1.9840291e-04
"3",6.3852499e-05
