source_id,poe
"2",1.9980594e-02
"4",1.9758101e-05
"1",1.0641793e-07
