source_id,poe
"2",9.6453583e-02
"4",3.7442902e-03
"1",1.8429112e-04
"3",2.8797152e-05
