source_id,poe
"2",9.6405338e-02
"4",3.7923190e-03
"1",1.8670272e-04
"3",2.9226583e-05
