source_id,poe
"2",1.9963813e-02
"4",3.6417810e-05
"1",1.5348796e-06
