source_id,poe
"2",1.9972007e-02
"4",2.8192106e-05
"1",1.1796350e-06
