source_id,poe
"2",9.6418144e-02
"4",3.7796032e-03
"1",1.8606424e-04
"3",2.9112890e-05
