source_id,poe
"2",1.9964777e-02
"4",3.5405887e-05
"1",1.5356255e-06
