source_id,poe
"2",1.9979028e-02
"4",2.1328936e-05
"1",1.1487851e-07
