source_id,poe
"2",1.9962277e-02
"4",3.7957354e-05
"1",1.6013682e-06
