source_id,poe
"2",9.6143169e-02
"4",4.0958530e-03
"1",2.0097015e-04
"3",6.4885321e-05
