source_id,poe
"2",9.7151708e-02
"4",3.0120989e-03
"1",2.0458834e-04
