source_id,poe
"2",1.9980593e-02
"4",1.9758979e-05
"1",1.0642265e-07
