source_id,poe
"2",9.6192419e-02
"4",4.0447430e-03
"1",1.9839024e-04
"3",6.3847405e-05
