source_id,poe
"2",9.6150817e-02
"4",4.0869658e-03
"1",2.0052154e-04
"3",6.4704844e-05
