source_id,poe
"2",9.7241598e-02
"4",2.8870184e-03
"1",1.8879615e-04
