source_id,poe
"2",1.9972014e-02
"4",2.8184684e-05
"1",1.1793145e-06
