source_id,poe
"2",9.6136076e-02
"4",4.1018190e-03
"1",2.0127130e-04
"3",6.5006478e-05
