source_id,poe
2,9.6200666e-02
4,4.0359680e-03
1,1.9842379e-04
3,6.3285004e-05
