poe,source_id
9.6200666e-02,2
4.0359680e-03,4
1.9842379e-04,1
6.3285004e-05,3
