source_id,poe
2,9.6461365e-02
4,3.7359332e-03
1,1.8431696e-04
3,2.8454455e-05
