source_id,poe
"2",9.6453348e-02
"4",3.7445241e-03
"1",1.8430286e-04
"3",2.8799242e-05
