source_id,poe
2,1.9972196e-02
4,2.7996351e-05
1,1.1797808e-06
