source_id,poe
"2",9.6411112e-02
"4",3.7868870e-03
"1",1.8642997e-04
"3",2.9178015e-05
