poe,source_id
9.6461365e-02,2
3.7359332e-03,4
1.8431696e-04,1
2.8454455e-05,3
