source_id,poe
"2",1.9955427e-02
"4",4.4824391e-05
"1",1.8979358e-06
