rlzi,sid,eid,gmv_PGA
0,0,7610682048512,3.290538E-01
0,0,7683696492544,3.317214E-01
0,0,9393093476352,4.007438E-01
