rlzi,sid,eid,gmv_PGA
0,0,7606387081216,3.290538E-01
0,0,7679401525248,3.317214E-01
0,0,9388798509056,4.007438E-01
1,0,4595615006720,2.358650E-01
1,0,4776003633152,2.406177E-01
1,0,4900557684736,2.439550E-01
1,0,5793910882304,2.692880E-01
1,0,7043746365440,3.092037E-01
