rlzi,sid,eid,gmv_PGA
0,0,7610682048512,3.290538E-01
0,0,7683696492544,3.317214E-01
0,0,9393093476352,4.007438E-01
1,0,4599909974016,2.358650E-01
1,0,4780298600448,2.406177E-01
1,0,4904852652032,2.439550E-01
1,0,5798205849600,2.692880E-01
1,0,7048041332736,3.092037E-01
