rlzi,sid,eid,gmv_PGA
0,0,3032246910976,3.290538E-01
0,0,3105261355008,3.317214E-01
0,0,4814658338816,4.007438E-01
