rlzi,sid,eid,gmv_PGA
0,0,150323855360,2.392501E-01
0,0,601295421440,2.514850E-01
0,0,773094113280,2.563088E-01
0,0,884763262976,2.594937E-01
0,0,1163936137216,2.676303E-01
0,0,1992864825344,2.933241E-01
0,0,2637109919744,3.149847E-01
0,0,3113851289600,3.320367E-01
0,0,3294239916032,3.387268E-01
0,0,3345779523584,3.406629E-01
