rlzi,sid,eid,gmv_PGA
0,0,3032246910976,3.290538E-01
0,0,3105261355008,3.317214E-01
0,0,4814658338816,4.007438E-01
1,0,21474836480,2.358650E-01
1,0,201863462912,2.406177E-01
1,0,326417514496,2.439550E-01
1,0,1219770712064,2.692880E-01
1,0,2469606195200,3.092037E-01
