rlzi,sid,eid,gmv_PGA
0,0,5,3.347349E-01
0,0,6,3.397003E-01
1,0,0,2.407331E-01
1,0,1,2.550957E-01
1,0,2,2.554595E-01
1,0,3,2.580204E-01
1,0,4,2.691621E-01
