site_id,event_id,gmv_PGA
0,0,2.436089E-01
0,1,2.582656E-01
0,2,2.601123E-01
0,3,2.662375E-01
0,4,2.669974E-01
0,5,2.738043E-01
0,6,2.778660E-01
0,7,2.989537E-01
0,8,3.742649E-01
0,9,4.014913E-01
