rlzi,sid,eid,imti,gmv
0,0,4294967301,0,3.290538E-01
0,0,4294967302,0,3.317214E-01
0,0,4294967303,0,4.007438E-01
1,0,4294967296,0,2.358650E-01
1,0,4294967297,0,2.406177E-01
1,0,4294967298,0,2.439550E-01
1,0,4294967299,0,2.692880E-01
1,0,4294967300,0,3.092037E-01
