sid,eid,imti,gmv
0,4294967301,0,3.290538E-01
0,4294967302,0,3.317214E-01
0,4294967303,0,4.007438E-01
