rlzi,sid,eid,imti,gmv
0,0,4294967296,0,3.290538E-01
0,0,4294967297,0,3.317214E-01
0,0,4294967298,0,4.007438E-01
