rlzi,sid,eid,gmv_PGA
0,0,7761005903872,3.347349E-01
0,0,7894149890048,3.397003E-01
1,0,4780298600448,2.407331E-01
1,0,5304284610560,2.550957E-01
1,0,5317169512448,2.554595E-01
1,0,5407363825664,2.580204E-01
1,0,5789615915008,2.691621E-01
