rlzi,sid,eid,gmv_PGA
0,0,0,2.358650E-01
0,0,1,2.406177E-01
0,0,2,2.439550E-01
0,0,3,2.692880E-01
0,0,5,3.290538E-01
0,0,6,3.317214E-01
0,0,7,4.007438E-01
1,0,4,3.092037E-01
