rlzi,sid,eid,gmv_PGA
0,0,4294967296,3.290538E-01
0,0,4294967297,3.317214E-01
0,0,4294967298,4.007438E-01
