rlzi,sid,eid,gmv_PGA
0,0,0,2.358650E-01
0,0,2,2.406177E-01
0,0,4,2.439550E-01
0,0,6,2.692880E-01
0,0,8,3.092037E-01
0,0,10,3.290538E-01
0,0,12,3.317214E-01
0,0,14,4.007438E-01
1,0,1,2.358650E-01
1,0,3,2.406177E-01
1,0,5,2.439550E-01
1,0,7,2.692880E-01
1,0,9,3.092037E-01
1,0,11,3.290538E-01
1,0,13,3.317214E-01
1,0,15,4.007438E-01
