eid,sid,gmv_PGA
4780298600448,0,2.407331E-01
5304284610560,0,2.550957E-01
5317169512448,0,2.554595E-01
5407363825664,0,2.580204E-01
5789615915008,0,2.691621E-01
7761005903872,0,3.347349E-01
7894149890048,0,3.397003E-01
