rlzi,sid,eid,gmv_PGA
0,0,4294967301,3.290538E-01
0,0,4294967302,3.317214E-01
0,0,4294967303,4.007438E-01
1,0,4294967296,2.358650E-01
1,0,4294967297,2.406177E-01
1,0,4294967298,2.439550E-01
1,0,4294967299,2.692880E-01
1,0,4294967300,3.092037E-01
