rlzi,sid,eid,gmv_PGA
0,0,4595615006720,2.358660E-01
0,0,4776003633152,2.406188E-01
0,0,4900557684736,2.439562E-01
0,0,5793910882304,2.692900E-01
0,0,7606387081216,3.290596E-01
0,0,7679401525248,3.317274E-01
0,0,9388798509056,4.007292E-01
1,0,7043746365440,3.092079E-01
