event_id,site_id,gmv_PGA
0,0,2.407331E-01
1,0,2.550957E-01
2,0,2.554595E-01
3,0,2.580204E-01
4,0,2.691621E-01
5,0,3.347349E-01
6,0,3.397003E-01
