site_id,event_id,gmv_PGA
0,0,2.394785E-01
0,1,2.434931E-01
0,2,2.570418E-01
0,3,2.580204E-01
0,4,2.598654E-01
0,5,2.644729E-01
0,6,2.658584E-01
0,7,2.666171E-01
0,8,2.734144E-01
0,9,2.774703E-01
0,10,2.912447E-01
0,11,2.983862E-01
0,12,3.093548E-01
0,13,3.267233E-01
0,14,3.409936E-01
0,15,3.521875E-01
0,16,3.728454E-01
0,17,3.999684E-01
