rlzi,sid,eid,gmv_PGA
0,0,0,2.358660E-01
0,0,1,2.406188E-01
0,0,2,2.439562E-01
0,0,3,2.692900E-01
0,0,5,3.290596E-01
0,0,6,3.317274E-01
0,0,7,4.007292E-01
1,0,4,3.092079E-01
