# mean, investigation_time=1.0, imt="PGA", checksum=2727090734
lon,lat,depth,poe-0.1000000,poe-0.4000000,poe-0.6000000,poe-1.0000000
0.00000,0.00000,0.00000,5.813246E-03,0.000000E+00,0.000000E+00,0.000000E+00
