rupserial,multiplicity,numsites,occurrence_rate,rake,mag
706,1,1,4.536446E-06,0.000000E+00,4.705500E+00
723,1,1,4.362303E-06,0.000000E+00,4.722500E+00
1121,1,1,1.744680E-06,0.000000E+00,5.120500E+00
