event_id,rlz_id,sig_inter_PGA,eps_inter_PGA
0,0,0.000000E+00,0.000000E+00
1,0,0.000000E+00,0.000000E+00
2,0,0.000000E+00,0.000000E+00
3,0,0.000000E+00,0.000000E+00
4,0,0.000000E+00,0.000000E+00
5,0,0.000000E+00,0.000000E+00
6,0,0.000000E+00,0.000000E+00
7,0,0.000000E+00,0.000000E+00
8,0,0.000000E+00,0.000000E+00
9,0,0.000000E+00,0.000000E+00
