# mean, investigation_time=50.0, imt="PGA", checksum=1751642476
lon,lat,depth,poe-0.0050000,poe-0.0070000,poe-0.0098000
0.00000,0.00000,0.00000,3.541261E-01,3.509422E-01,3.424372E-01
