# mean, investigation_time=50.0,imt=PGA
lon,lat,depth,poe-0.005,poe-0.007,poe-0.0098
0.00000,0.00000,0.00000,3.541260E-01,3.509421E-01,3.424371E-01
