# mean, investigation_time=50.0
lon,lat,PGA-0.005,PGA-0.007,PGA-0.0098
0.00000,0.00000,3.279055E-01,3.247178E-01,3.161790E-01
