# mean, investigation_time=50.0,imt=PGA
lon,lat,depth,poe-0.005,poe-0.007,poe-0.0098
0.00000,0.00000,0.00000,3.279055E-01,3.247178E-01,3.161790E-01
