# mean, investigation_time=50.0,imt=PGA
lon,lat,depth,poe-0.005,poe-0.007,poe-0.0098
0.00000,0.00000,0.00000,2.141784E-01,2.116466E-01,2.049650E-01
