# mean, investigation_time=50.0,imt=PGA
lon,lat,depth,PGA-0.005:float32,PGA-0.007:float32,PGA-0.0098:float32
0.00000,0.00000,0.00000,3.279055E-01,3.247178E-01,3.161790E-01
