# quantile-0.9, investigation_time=50.0
lon,lat,PGA-0.005,PGA-0.007,PGA-0.0098
0.00000,0.00000,4.934588E-01,4.887009E-01,4.756802E-01
