# quantile-0.9, investigation_time=50.0,imt=PGA
lon,lat,depth,poe-0.005,poe-0.007,poe-0.0098
0.00000,0.00000,0.00000,4.934588E-01,4.887009E-01,4.756802E-01
