# quantile-0.9, investigation_time=50.0, imt="PGA", checksum=1751642476
lon,lat,depth,poe-0.0050000,poe-0.0070000,poe-0.0098000
0.00000,0.00000,0.00000,4.549899E-01,4.508624E-01,4.398113E-01
