# quantile-0.1, investigation_time=50.0,imt=PGA
lon,lat,depth,poe-0.005,poe-0.007,poe-0.0098
0.00000,0.00000,0.00000,1.820786E-01,1.794475E-01,1.725515E-01
