# quantile-0.1, investigation_time=50.0
lon,lat,PGA-0.005,PGA-0.007,PGA-0.0098
0.00000,0.00000,1.820786E-01,1.794475E-01,1.725515E-01
