# quantile-0.9, investigation_time=50.0
lon,lat,PGA-0.005,PGA-0.007,PGA-0.0098
0.00000,0.00000,5.855533E-01,5.810833E-01,5.689778E-01
