# quantile-0.1, investigation_time=50.0, imt="PGA", checksum=1751642476
lon,lat,depth,poe-0.0050000,poe-0.0070000,poe-0.0098000
0.00000,0.00000,0.00000,9.230222E-02,9.106772E-02,8.784028E-02
