# quantile-0.9, investigation_time=50.0,imt=PGA
lon,lat,depth,poe-0.005,poe-0.007,poe-0.0098
0.00000,0.00000,0.00000,4.934589E-01,4.887010E-01,4.756804E-01
