# quantile-0.9, investigation_time=50.0
lon,lat,PGA-0.005,PGA-0.007,PGA-0.0098
0.00000,0.00000,4.934589E-01,4.887010E-01,4.756804E-01
