# quantile-0.1, investigation_time=50.0, imt="PGA"
lon,lat,depth,poe-0.005,poe-0.007,poe-0.0098
0.00000,0.00000,0.00000,9.230222E-02,9.106772E-02,8.784028E-02
