,id,ordinal,PCL_node,WCL_node
0,A,0.0,0.0,0.0
1,B,0.0,0.0,0.08461538461538454
2,C,0.0,0.0,0.018518518518518545
