structural:float64:,site_id:uint32:,asset_ref:|S20:
5.64336235E+07,0,a2371
1.06131444E+06,1,a2743
6.28880684E+05,2,a4661
2.11618909E+06,3,a5547
1.05809455E+06,4,a5709
3.30561066E+07,5,a1955
8.33032279E+06,6,a2079
1.21613371E+08,7,a6330
3.14785389E+06,8,a3957
1.05809455E+06,9,a5868
