losses,poes,avg
0.000000E+00 3.672213E+05 7.344426E+05 1.101664E+06 1.468885E+06 1.836107E+06 2.203328E+06 2.570549E+06 2.937770E+06 3.304992E+06 3.672213E+06 4.039434E+06 4.406656E+06 4.773877E+06 5.141098E+06 5.508320E+06 5.875541E+06 6.242762E+06 6.609984E+06 6.977205E+06,1.000000E+00 7.116300E-01 4.084879E-01 4.084879E-01 4.084879E-01 3.326334E-01 3.326334E-01 2.907755E-01 2.907755E-01 2.907755E-01 2.907755E-01 2.907755E-01 2.907755E-01 2.907755E-01 2.817110E-01 1.137817E-01 1.137817E-01 1.137817E-01 1.137817E-01 0.000000E+00,2.157288E+06
