rlz_no,loss_type,avg_loss,stddev
0,structural,4.705691E+05,5.545614E+04
1,structural,4.905703E+06,5.732196E+05
2,structural,4.662598E+05,5.492726E+04
3,structural,4.905703E+06,5.732494E+05
4,structural,3.382977E+06,4.305401E+05
5,structural,3.449207E+06,4.323329E+05
6,structural,1.119493E+06,1.382517E+05
7,structural,1.198284E+06,1.443614E+05
