rlz_no,loss_type,avg_loss,stddev
0,structural,6.696873E+05,7.822817E+04
1,structural,2.326724E+06,3.017068E+05
2,structural,6.274786E+05,7.637485E+04
3,structural,2.322226E+06,3.014384E+05
4,structural,3.112366E+06,3.960180E+05
5,structural,3.234230E+06,3.980013E+05
6,structural,4.612351E+05,5.769332E+04
7,structural,5.752269E+05,7.152013E+04
