id,Name,Start Node,End Node,X,Y
"5",DE,D,E,22.95490,40.64355
"7",FG,F,G,22.97612,40.63954
"1",AB,A,B,22.93920,40.63624
"2",BC,B,C,22.94291,40.64309
"6",EF,E,F,22.96224,40.64003
"3",CD,C,D,22.94793,40.64981
"4",CE,C,E,22.94777,40.64293
