,id,ordinal,Eff_loss
0,A,0.0,0.09602352640327334
1,B,0.0,0.10010409437890358
2,C,0.0,0.15322580645161288
3,D,0.0,0.09355742296918781
4,E,0.0,0.35130718954248374
5,F,0.0,0.41342779580215844
6,G,0.0,1.0
