# investigation_time=50.0, ses_per_logic_tree_path=1
rupid	multiplicity	mag	centroid_lon	centroid_lat	centroid_depth	trt	strike	dip	rake	boundary
43	1	5.100000E+00	1.459040E+02	4.339700E+01	5.200000E+01	Subduction Interface - North East Correction	2.417376E+02	3.441956E+01	9.000000E+01	MULTIPOLYGON(((145.90408 43.39699,145.90398 43.39695,145.90392 43.39701,145.90402 43.39705,145.90408 43.39699)))
68	1	7.900000E+00	1.460250E+02	4.289000E+01	2.580000E+01	Subduction Interface - North East Correction	NAN	NAN	9.000000E+01	MULTIPOLYGON(((145.03600 146.88300,43.38200 42.38200)))
