contents-mean:float64:5,contents-stddev:float64:5,nonstructural-mean:float64:5,nonstructural-stddev:float64:5,structural-mean:float64:5,structural-stddev:float64:5
1.32977071E-01:1.48810813E-01:1.96609316E-01:2.44079480E-01:2.77523320E-01,8.97244245E-02:5.64767569E-02:3.40552476E-02:3.52442852E-02:1.54047097E-01,1.54943754E-01:2.43990181E-01:4.20223925E-01:1.73302306E-01:7.53983223E-03,9.09266462E-02:1.15772215E-01:1.17431427E-01:1.97262198E-01:4.96003252E-02,3.73627295E-01:2.99750405E-01:1.42624054E-01:7.28278060E-02:1.11170440E-01,2.40343453E-01:8.24079015E-02:6.73174223E-02:5.03023190E-02:1.34542329E-01
