contents-mean:5,contents-stddev:5,nonstructural-mean:5,nonstructural-stddev:5,structural-mean:5,structural-stddev:5
1.291983E-01:1.471020E-01:1.955615E-01:2.439407E-01:2.841975E-01,8.377115E-02:5.866539E-02:3.610740E-02:2.907795E-02:1.602952E-01,1.511315E-01:2.411015E-01:4.119371E-01:1.920866E-01:3.743373E-03,8.619227E-02:1.207774E-01:1.083581E-01:2.246493E-01:1.708086E-02,3.678583E-01:2.956379E-01:1.425969E-01:7.493414E-02:1.189728E-01,2.410725E-01:7.501699E-02:6.664907E-02:5.429105E-02:1.384181E-01
