contents-mean:5,contents-stddev:5,nonstructural-mean:5,nonstructural-stddev:5,structural-mean:5,structural-stddev:5
1.29198283E-01:1.47102043E-01:1.95561484E-01:2.43940711E-01:2.84197479E-01,8.37711617E-02:5.86653948E-02:3.61073986E-02:2.90779471E-02:1.60295188E-01,1.51131451E-01:2.41101459E-01:4.11937088E-01:1.92086637E-01:3.74337332E-03,8.61922652E-02:1.20777354E-01:1.08358115E-01:2.24649251E-01:1.70808602E-02,3.67858291E-01:2.95637935E-01:1.42596856E-01:7.49341398E-02:1.18972763E-01,2.41072506E-01:7.50169903E-02:6.66490719E-02:5.42910546E-02:1.38418123E-01
