contents-mean:5,contents-stddev:5,nonstructural-mean:5,nonstructural-stddev:5,structural-mean:5,structural-stddev:5
1.29198298E-01:1.47102028E-01:1.95561484E-01:2.43940741E-01:2.84197479E-01,8.37711692E-02:5.86653985E-02:3.61073986E-02:2.90779471E-02:1.60295188E-01,1.51131451E-01:2.41101488E-01:4.11937058E-01:1.92086637E-01:3.74337286E-03,8.61922577E-02:1.20777354E-01:1.08358115E-01:2.24649251E-01:1.70808602E-02,3.67858380E-01:2.95637876E-01:1.42596900E-01:7.49341697E-02:1.18972749E-01,2.41072521E-01:7.50169903E-02:6.66490644E-02:5.42910509E-02:1.38418123E-01
