contents-mean:float64:5,contents-stddev:float64:5,nonstructural-mean:float64:5,nonstructural-stddev:float64:5,structural-mean:float64:5,structural-stddev:float64:5
1.29198279E-01:1.47102040E-01:1.95561489E-01:2.43940718E-01:2.84197473E-01,8.37711582E-02:5.86653948E-02:3.61073993E-02:2.90779469E-02:1.60295188E-01,1.51131455E-01:2.41101458E-01:4.11937076E-01:1.92086637E-01:3.74337325E-03,8.61922674E-02:1.20777353E-01:1.08358116E-01:2.24649249E-01:1.70808605E-02,3.67858303E-01:2.95637938E-01:1.42596856E-01:7.49341418E-02:1.18972762E-01,2.41072499E-01:7.50169922E-02:6.66490710E-02:5.42910548E-02:1.38418119E-01
