# mean, investigation_time=50.0, imt="AvgSA", checksum=1294779737
lon,lat,depth,poe-0.0050000,poe-0.0071083,poe-0.0101055,poe-0.0143666,poe-0.0204243,poe-0.0290363,poe-0.0412796,poe-0.0586853,poe-0.0834303,poe-0.1186091,poe-0.1686212,poe-0.2397211,poe-0.3408007,poe-0.4845011,poe-0.6887933,poe-0.9792265,poe-1.3921222,poe-1.9791175,poe-2.8136222,poe-4.0000000
13.24805,42.55304,0.00000,9.999079E-01,9.994472E-01,9.968334E-01,9.848530E-01,9.444626E-01,8.489274E-01,6.902702E-01,4.980502E-01,3.185824E-01,1.823388E-01,9.443810E-02,4.451594E-02,1.907936E-02,7.307314E-03,2.406432E-03,6.427371E-04,1.274903E-04,1.357276E-05,0.000000E+00,0.000000E+00
