# mean, investigation_time=50.0, imt="AvgSA", checksum=1294779737
lon,lat,depth,poe-0.005,poe-0.007108274886025895,poe-0.01010551437106129,poe-0.014366554802837748,poe-0.020424284140745257,poe-0.029036285204543294,poe-0.04127957938058807,poe-0.058685319483349305,poe-0.08343027653237962,poe-0.11860906788186194,poe-0.16862117169591592,poe-0.23972112800366802,poe-0.34080073476765443,poe-0.4845010608176181,poe-0.6887933445725556,poe-0.9792264865773757,poe-1.392122208453867,poe-1.9791174665263065,poe-2.813622196760826,poe-3.9999999999999996
13.24805,42.55304,0.00000,9.999079E-01,9.994472E-01,9.968334E-01,9.848530E-01,9.444626E-01,8.489274E-01,6.902702E-01,4.980502E-01,3.185824E-01,1.823388E-01,9.443810E-02,4.451594E-02,1.907936E-02,7.307314E-03,2.406432E-03,6.427371E-04,1.274903E-04,1.357276E-05,0.000000E+00,0.000000E+00
