# mean, investigation_time=1.0, imt="SA(0.1)", checksum=425328560
lon,lat,depth,poe-0.0050000,poe-0.0071083,poe-0.0101055,poe-0.0143666,poe-0.0204243,poe-0.0290363,poe-0.0412796,poe-0.0586853,poe-0.0834303,poe-0.1186091,poe-0.1686212,poe-0.2397211,poe-0.3408007,poe-0.4845011,poe-0.6887933,poe-0.9792265,poe-1.3921222,poe-1.9791175,poe-2.8136222,poe-4.0000000
-155.76871,21.60952,0.00000,0.000000E+00,0.000000E+00,0.000000E+00,0.000000E+00,0.000000E+00,0.000000E+00,0.000000E+00,0.000000E+00,0.000000E+00,0.000000E+00,0.000000E+00,0.000000E+00,0.000000E+00,0.000000E+00,0.000000E+00,0.000000E+00,0.000000E+00,0.000000E+00,0.000000E+00,0.000000E+00
