# mean, investigation_time=1.0, imt="SA(2.0)", checksum=425328560
lon,lat,depth,poe-0.005,poe-0.0068536280318835935,poe-0.009394443439884114,poe-0.01287720418070694,poe-0.017651113509036333,poe-0.024194833267898123,poe-0.03316447750232326,poe-0.04545939853453909,poe-0.06231236162177699,poe-0.08541314966877565,poe-0.11707799137227792,poe-0.1604818007171339,poe-0.2199765136004211,poe-0.30152743999357373,poe-0.41331138302441106,poe-0.5665364961185355,poe-0.7765660821766212,poe-1.0644590138831418,poe-1.4590812272681337,poe-1.9999999999999996
-155.76871,21.60952,0.00000,0.000000E+00,0.000000E+00,0.000000E+00,0.000000E+00,0.000000E+00,0.000000E+00,0.000000E+00,0.000000E+00,0.000000E+00,0.000000E+00,0.000000E+00,0.000000E+00,0.000000E+00,0.000000E+00,0.000000E+00,0.000000E+00,0.000000E+00,0.000000E+00,0.000000E+00,0.000000E+00
