# mean, investigation_time=1.0, imt="SA(0.5)", checksum=425328560
lon,lat,depth,poe-0.0050000,poe-0.0070015,poe-0.0098041,poe-0.0137286,poe-0.0192240,poe-0.0269192,poe-0.0376948,poe-0.0527836,poe-0.0739125,poe-0.1034991,poe-0.1449289,poe-0.2029427,poe-0.2841789,poe-0.3979333,poe-0.5572227,poe-0.7802743,poe-1.0926116,poe-1.5299748,poe-2.1424109,poe-3.0000000
-155.76871,21.60952,0.00000,0.000000E+00,0.000000E+00,0.000000E+00,0.000000E+00,0.000000E+00,0.000000E+00,0.000000E+00,0.000000E+00,0.000000E+00,0.000000E+00,0.000000E+00,0.000000E+00,0.000000E+00,0.000000E+00,0.000000E+00,0.000000E+00,0.000000E+00,0.000000E+00,0.000000E+00,0.000000E+00
