# mean, investigation_time=1.0, imt="PGA", checksum=425328560
lon,lat,depth,poe-0.005,poe-0.007001458052666578,poe-0.009804082972649935,poe-0.01372857513557423,poe-0.019224008586920874,poe-0.026919217945085727,poe-0.037694755050621406,poe-0.052783649258493485,poe-0.0739125012300015,poe-0.10349905538590448,poe-0.14492885895500504,poe-0.20294266531885968,poe-0.2841789116652696,poe-0.39793334589536544,poe-0.557222725808732,poe-0.780274308148474,poe-1.0926115676149946,poe-1.529974811702931,poe-2.142410893154905,poe-3.0
-155.76871,21.60952,0.00000,1.643869E-02,1.321498E-02,9.398032E-03,5.355658E-03,2.289544E-03,6.980425E-04,1.374758E-04,1.460346E-05,1.430186E-07,0.000000E+00,0.000000E+00,0.000000E+00,0.000000E+00,0.000000E+00,0.000000E+00,0.000000E+00,0.000000E+00,0.000000E+00,0.000000E+00,0.000000E+00
