,id,ordinal,Eff_loss
0,A,0.0,0.12209523809523799
1,B,0.0,0.0
2,C,0.0,0.03353416313559312
3,D,0.0,0.011058923996584154
4,E,0.0,0.0
