site_id,event_id,gmv_PGA
0,0,0.0060403156
0,1,0.0033487797
0,2,0.0039260185
0,3,0.0036763483
0,4,0.0034461257
0,5,0.0028035745
0,6,0.004436092
0,7,0.0024184512
0,8,0.0050698245
0,9,0.0045975763
