event_tag,loss
col=09~ses=0001~src=FSBG_TRBG103~rup=1306893-01,7.165856E+04
col=09~ses=0001~src=FSBG_TRBG103~rup=1298560-01,1.395811E+05
