rup_id,loss
4,9.865080E+04
5,6.381997E+04
6,9.658788E+05
7,1.264513E+06
8,5.080993E+05
9,4.526096E+04
10,3.637492E+05
11,4.881994E+05
12,3.457279E+05
13,1.827037E+05
14,5.403865E+04
15,3.513711E+05
16,1.197766E+05
17,9.330859E+05
18,2.356729E+06
19,8.008656E+05
