rup_id:uint32,loss
17,1.293223E+05
5,2.542273E+05
14,1.626191E+05
10,5.244200E+06
8,6.873238E+05
13,4.634432E+05
19,5.189928E+05
16,6.236118E+04
11,3.720452E+05
9,2.633138E+06
18,8.254027E+05
4,1.048860E+05
15,4.804031E+05
6,1.081970E+06
12,3.318790E+05
7,1.056365E+06
