rup_id,loss
4,3.670505E+05
5,1.470719E+05
6,8.192017E+05
7,6.578927E+05
8,4.866327E+04
9,3.744189E+05
10,1.178975E+06
11,1.787928E+06
12,3.895958E+05
13,2.047977E+05
14,1.217010E+05
15,4.548119E+05
16,3.874704E+05
17,6.037738E+04
18,7.442396E+05
19,4.421941E+05
