rup_id,loss
4,3.443829E+05
5,1.797008E+05
6,1.234130E+06
7,8.301423E+05
8,7.012897E+04
9,4.767573E+05
10,1.770015E+06
11,1.994645E+06
12,5.149586E+05
13,2.416348E+05
14,1.475986E+05
15,4.636503E+05
16,4.545215E+05
17,8.545767E+04
18,8.563194E+05
19,6.577182E+05
