rup_id:uint32,loss
17,1.041811E+05
5,1.903157E+05
14,1.285929E+05
10,3.258442E+06
8,5.238463E+05
13,3.941415E+05
19,3.661969E+05
16,5.172915E+04
11,2.304611E+05
9,1.794981E+06
18,7.355026E+05
4,8.061377E+04
15,3.806008E+05
6,6.753302E+05
12,2.605430E+05
7,6.543924E+05
