rup_id,loss
4,4.430758E+05
5,2.612602E+05
6,1.039099E+06
7,9.673776E+05
8,7.977474E+04
9,4.974607E+05
10,1.244226E+06
11,1.570478E+06
12,6.319191E+05
13,3.560844E+05
14,2.145218E+05
15,6.959104E+05
16,6.255112E+05
17,1.229082E+05
18,8.372612E+05
19,5.490133E+05
