rup_id:uint32,loss
17,4.077169E+04
5,1.455121E+05
14,5.678190E+04
10,1.904874E+06
8,8.715788E+04
13,5.915114E+04
19,2.790614E+05
16,9.695259E+04
11,6.356207E+05
9,1.142052E+06
18,4.812371E+05
4,8.385502E+04
15,2.859032E+05
6,1.546157E+06
12,1.422776E+05
7,2.101262E+04
