rup_id,loss
0,1.257361E+05
4,1.243356E+05
5,3.074986E+05
6,1.254968E+06
7,1.565857E+05
8,1.733594E+05
9,8.700503E+05
10,2.243470E+06
11,3.289968E+06
12,2.049911E+05
13,1.663861E+05
14,1.268812E+05
15,9.806631E+04
16,6.331391E+05
17,2.440695E+05
18,1.398727E+06
19,2.858289E+06
