rup_id,loss
0,9.964494E+03
4,1.523161E+05
5,4.497588E+05
6,1.062316E+06
7,1.724855E+05
8,2.014090E+05
9,9.295170E+05
10,1.581208E+06
11,2.655605E+06
12,2.466821E+05
13,2.406786E+05
14,1.844290E+05
15,1.396617E+05
16,8.870719E+05
17,3.668952E+05
18,1.402018E+06
19,2.494044E+06
