rup_id,loss
4,1.276303E+05
5,3.701205E+05
6,9.034978E+05
7,1.214274E+06
8,8.335910E+05
9,2.863535E+06
10,3.787271E+06
11,2.570841E+05
12,4.040372E+05
13,6.942038E+05
14,2.361205E+05
15,7.093671E+05
16,8.151708E+04
17,1.899046E+05
18,8.076813E+05
19,4.317216E+05
