rup_id,loss
25,1.395811E+05
34,7.165855E+04
