annual_frequency_of_exceedence,return_period,nonstructural,structural
3.33333E-02,30,NAN,NAN
1.66667E-02,60,1.92356E+01,2.08155E+02
8.33333E-03,120,1.00845E+02,6.62467E+02
4.16667E-03,240,4.01135E+02,1.12017E+03
2.08333E-03,480,6.81409E+02,2.20408E+03
1.04167E-03,960,7.60431E+02,2.58790E+03
