return_periods:uint32,nonstructural,structural
1,0.00000E+00,9.02629E+01
2,0.00000E+00,9.02629E+01
5,0.00000E+00,9.02629E+01
10,0.00000E+00,9.02629E+01
20,0.00000E+00,9.02629E+01
50,0.00000E+00,1.28688E+02
100,0.00000E+00,1.30243E+02
200,1.92356E+01,2.08155E+02
500,6.47597E+01,3.78855E+02
1000,7.60431E+02,2.58790E+03
