annual_frequency_of_exceedence,return_period,nonstructural,structural
3.33333E-02,30,NAN,NAN
1.66667E-02,60,2.21958E+01,2.20535E+02
8.33333E-03,120,1.66763E+02,7.00163E+02
4.16667E-03,240,4.71004E+02,1.15776E+03
2.08333E-03,480,7.08266E+02,2.24544E+03
1.04167E-03,960,7.75284E+02,3.27532E+03
