annual_frequency_of_exceedence,return_period,nonstructural,structural
3.33333E-02,30,NAN,NAN
1.66667E-02,60,6.28357E+00,2.07774E+02
8.33333E-03,120,9.39145E+01,6.10715E+02
4.16667E-03,240,3.96764E+02,1.07262E+03
2.08333E-03,480,6.68891E+02,2.18611E+03
1.04167E-03,960,7.55742E+02,2.56480E+03
