annual_frequency_of_exceedence,return_period,nonstructural,structural
3.33333E-02,30,NAN,NAN
1.66667E-02,60,6.28273E+00,2.07797E+02
8.33333E-03,120,1.30839E+02,6.67982E+02
4.16667E-03,240,3.92436E+02,1.04677E+03
2.08333E-03,480,6.38578E+02,1.13971E+03
1.04167E-03,960,6.81893E+02,2.85575E+03
