return_periods:int64,nonstructural,structural
30,NAN,NAN
60,1.92356E+01,2.08155E+02
120,1.00845E+02,6.62467E+02
240,4.01135E+02,1.12017E+03
480,6.81409E+02,2.20408E+03
960,7.60431E+02,2.58790E+03
