annual_frequency_of_exceedence,return_period,nonstructural,structural
3.33333E-02,30,NAN,NAN
1.66667E-02,60,6.56630E+00,2.19899E+02
8.33333E-03,120,2.25860E+02,7.68541E+02
4.16667E-03,240,4.16594E+02,1.11359E+03
2.08333E-03,480,7.10927E+02,1.41644E+03
1.04167E-03,960,8.24465E+02,3.60214E+03
