return_periods,nonstructural,structural
1,0.00000E+00,9.28973E+01
2,0.00000E+00,9.28973E+01
5,0.00000E+00,9.28973E+01
10,0.00000E+00,9.28973E+01
20,0.00000E+00,9.28973E+01
50,0.00000E+00,1.28692E+02
100,1.04866E+01,1.37491E+02
200,3.13609E+01,2.30030E+02
500,7.20906E+01,4.36921E+02
1000,7.78925E+02,3.33586E+03
