annual_frequency_of_exceedence,return_period,nonstructural,structural
3.33333E-02,30,NAN,NAN
1.66667E-02,60,2.21965E+01,2.20526E+02
8.33333E-03,120,1.66767E+02,7.00177E+02
4.16667E-03,240,4.71021E+02,1.15769E+03
2.08333E-03,480,7.08265E+02,2.24548E+03
1.04167E-03,960,7.75260E+02,3.27472E+03
