annual_frequency_of_exceedence,return_period,nonstructural,structural
3.33333E-02,30,NAN,NAN
1.66667E-02,60,0.00000E+00,8.31091E+01
8.33333E-03,120,6.58777E+01,5.40191E+02
4.16667E-03,240,1.57827E+02,1.36802E+03
2.08333E-03,480,4.00250E+02,1.98524E+03
1.04167E-03,960,7.35796E+02,2.37630E+03
