annual_frequency_of_exceedence,return_period,nonstructural,structural
3.33333E-02,30,NAN,NAN
1.66667E-02,60,2.21964E+01,2.20528E+02
8.33333E-03,120,1.66771E+02,7.00185E+02
4.16667E-03,240,4.71056E+02,1.15779E+03
2.08333E-03,480,7.08263E+02,2.24561E+03
1.04167E-03,960,7.75289E+02,3.27475E+03
