annual_frequency_of_exceedence,return_period,nonstructural,structural
3.33333E-02,30,NAN,NAN
1.66667E-02,60,2.21924E+01,2.20526E+02
8.33333E-03,120,1.66770E+02,7.00176E+02
4.16667E-03,240,4.71040E+02,1.15770E+03
2.08333E-03,480,7.08210E+02,2.24563E+03
1.04167E-03,960,7.75319E+02,3.27470E+03
