return_periods:int64,nonstructural,structural
30,NAN,NAN
60,3.13609E+01,2.30030E+02
120,1.84604E+02,7.46382E+02
240,4.76712E+02,1.19529E+03
480,7.18790E+02,2.31052E+03
960,7.78925E+02,3.33586E+03
