return_periods,nonstructural,structural
50,0.00000E+00,9.28973E+01
100,7.56387E+01,5.68928E+02
200,4.45580E+02,9.90752E+02
500,7.18790E+02,2.31052E+03
1000,7.78925E+02,3.33586E+03
