annual_frequency_of_exceedence,return_period,nonstructural,structural
3.33333E-02,30,NAN,NAN
1.66667E-02,60,0.00000E+00,8.31771E+01
8.33333E-03,120,6.91770E+01,6.13266E+02
4.16667E-03,240,2.07835E+02,1.41052E+03
2.08333E-03,480,4.95640E+02,2.12104E+03
1.04167E-03,960,7.56885E+02,2.38449E+03
