annual_frequency_of_exceedence,return_period,nonstructural,structural
3.33333E-02,30,NAN,NAN
1.66667E-02,60,6.28291E+00,2.07781E+02
8.33333E-03,120,1.30860E+02,6.68057E+02
4.16667E-03,240,3.92423E+02,1.04670E+03
2.08333E-03,480,6.38639E+02,1.13973E+03
1.04167E-03,960,6.81877E+02,2.85562E+03
