return_periods,nonstructural,structural
50,0.00000E+00,9.02629E+01
100,6.60459E+01,4.76041E+02
200,3.77114E+02,8.61333E+02
500,6.81409E+02,2.20408E+03
1000,7.60431E+02,2.58790E+03
