annual_frequency_of_exceedence,return_period,nonstructural,structural
3.33333E-02,30,NAN,NAN
1.66667E-02,60,6.28188E+00,2.07789E+02
8.33333E-03,120,9.39152E+01,6.10640E+02
4.16667E-03,240,3.96766E+02,1.07269E+03
2.08333E-03,480,6.68924E+02,2.18568E+03
1.04167E-03,960,7.55661E+02,2.56465E+03
