annual_frequency_of_exceedence,return_period,nonstructural,structural
3.33333E-02,30,NAN,NAN
1.66667E-02,60,3.13609E+01,2.30030E+02
8.33333E-03,120,1.84604E+02,7.46382E+02
4.16667E-03,240,4.76712E+02,1.19529E+03
2.08333E-03,480,7.18790E+02,2.31052E+03
1.04167E-03,960,7.78925E+02,3.33586E+03
