annual_frequency_of_exceedence,return_period,nonstructural,structural
3.33333E-02,30,NAN,NAN
1.66667E-02,60,6.28318E+00,2.07790E+02
8.33333E-03,120,9.39196E+01,6.10653E+02
4.16667E-03,240,3.96740E+02,1.07282E+03
2.08333E-03,480,6.69085E+02,2.18609E+03
1.04167E-03,960,7.55777E+02,2.56529E+03
