annual_frequency_of_exceedence,return_period,nonstructural,structural
3.33333E-02,30,NAN,NAN
1.66667E-02,60,6.56763E+00,2.19911E+02
8.33333E-03,120,2.25833E+02,7.68553E+02
4.16667E-03,240,4.16591E+02,1.11363E+03
2.08333E-03,480,7.10861E+02,1.41642E+03
1.04167E-03,960,8.24466E+02,3.60225E+03
