asset_ref:|S20:,deductible~structural:float64:,site_id:uint32:,insurance_limit~structural:float64:,fatalities:float64:,nonstructural:float64:,contents:float64:,structural:float64:
a0,2.50000000E+01,0,1.00000000E+02,3.00000000E+00,1.50000000E+04,7.50000000E+03,3.00000000E+03
a1,1.00000000E-01,1,2.00000000E-01,5.00000000E+02,1.00000000E+04,5.00000000E+03,2.00000000E+03
a2,2.00000000E-02,2,8.00000000E-02,1.00000000E+03,5.00000000E+03,2.50000000E+03,1.00000000E+03
a3,1.00000000E+03,2,3.00000000E+03,1.00000000E+01,2.50000000E+03,1.25000000E+03,5.00000000E+03
