asset,loss
a0,1.061963E+03:0.000000E+00:0.000000E+00 8.856274E+02:0.000000E+00:0.000000E+00 8.856274E+02:0.000000E+00:0.000000E+00 1.061963E+03:0.000000E+00:0.000000E+00
a1,1.544397E+03:0.000000E+00:0.000000E+00 1.518538E+03:0.000000E+00:0.000000E+00 1.518538E+03:0.000000E+00:0.000000E+00 1.544397E+03:0.000000E+00:0.000000E+00
a2,1.985410E+03:0.000000E+00:0.000000E+00 1.978626E+03:0.000000E+00:0.000000E+00 1.978626E+03:0.000000E+00:0.000000E+00 1.985410E+03:0.000000E+00:0.000000E+00
a3,1.637864E+02:0.000000E+00:0.000000E+00 1.617646E+02:0.000000E+00:0.000000E+00 1.617646E+02:0.000000E+00:0.000000E+00 1.637864E+02:0.000000E+00:0.000000E+00
