asset,loss
a0,5.421471E+02:0.000000E+00:0.000000E+00 4.019928E+02:0.000000E+00:0.000000E+00 4.019928E+02:0.000000E+00:0.000000E+00 5.421471E+02:0.000000E+00:0.000000E+00
a1,2.547904E+02:0.000000E+00:0.000000E+00 2.328028E+02:0.000000E+00:0.000000E+00 2.328028E+02:0.000000E+00:0.000000E+00 2.547904E+02:0.000000E+00:0.000000E+00
a2,6.538710E+02:0.000000E+00:0.000000E+00 6.443721E+02:0.000000E+00:0.000000E+00 6.443721E+02:0.000000E+00:0.000000E+00 6.538710E+02:0.000000E+00:0.000000E+00
a3,8.062294E+02:0.000000E+00:0.000000E+00 7.770749E+02:0.000000E+00:0.000000E+00 7.770749E+02:0.000000E+00:0.000000E+00 8.062294E+02:0.000000E+00:0.000000E+00
