asset,loss
a0,1.061101E+03:0.000000E+00:0.000000E+00 8.847008E+02:0.000000E+00:0.000000E+00 8.847008E+02:0.000000E+00:0.000000E+00 1.061101E+03:0.000000E+00:0.000000E+00
a1,1.544397E+03:0.000000E+00:0.000000E+00 1.518538E+03:0.000000E+00:0.000000E+00 1.518538E+03:0.000000E+00:0.000000E+00 1.544397E+03:0.000000E+00:0.000000E+00
a2,1.985410E+03:0.000000E+00:0.000000E+00 1.978626E+03:0.000000E+00:0.000000E+00 1.978626E+03:0.000000E+00:0.000000E+00 1.985410E+03:0.000000E+00:0.000000E+00
a3,1.637780E+02:0.000000E+00:0.000000E+00 1.617596E+02:0.000000E+00:0.000000E+00 1.617596E+02:0.000000E+00:0.000000E+00 1.637780E+02:0.000000E+00:0.000000E+00
