asset,loss
a0,7.330605E+00:0.000000E+00:0.000000E+00 5.685497E+00:0.000000E+00:0.000000E+00 5.685497E+00:0.000000E+00:0.000000E+00 7.330605E+00:0.000000E+00:0.000000E+00
a1,1.614923E+05:0.000000E+00:0.000000E+00 1.489887E+05:0.000000E+00:0.000000E+00 1.489887E+05:0.000000E+00:0.000000E+00 1.614923E+05:0.000000E+00:0.000000E+00
a2,4.700318E+05:0.000000E+00:0.000000E+00 4.619606E+05:0.000000E+00:0.000000E+00 4.619606E+05:0.000000E+00:0.000000E+00 4.700318E+05:0.000000E+00:0.000000E+00
a3,7.424256E+00:0.000000E+00:0.000000E+00 7.245900E+00:0.000000E+00:0.000000E+00 7.245900E+00:0.000000E+00:0.000000E+00 7.424256E+00:0.000000E+00:0.000000E+00
