asset,loss
a0,7.312038E+00:0.000000E+00:0.000000E+00 5.702951E+00:0.000000E+00:0.000000E+00 5.702951E+00:0.000000E+00:0.000000E+00 7.312038E+00:0.000000E+00:0.000000E+00
a1,1.614923E+05:0.000000E+00:0.000000E+00 1.489887E+05:0.000000E+00:0.000000E+00 1.489887E+05:0.000000E+00:0.000000E+00 1.614923E+05:0.000000E+00:0.000000E+00
a2,4.700318E+05:0.000000E+00:0.000000E+00 4.619606E+05:0.000000E+00:0.000000E+00 4.619606E+05:0.000000E+00:0.000000E+00 4.700318E+05:0.000000E+00:0.000000E+00
a3,7.431694E+00:0.000000E+00:0.000000E+00 7.308241E+00:0.000000E+00:0.000000E+00 7.308241E+00:0.000000E+00:0.000000E+00 7.431694E+00:0.000000E+00:0.000000E+00
