asset,loss
a0,5.421328E+02:0.000000E+00:0.000000E+00 4.019553E+02:0.000000E+00:0.000000E+00 4.019553E+02:0.000000E+00:0.000000E+00 5.421328E+02:0.000000E+00:0.000000E+00
a1,2.547904E+02:0.000000E+00:0.000000E+00 2.328028E+02:0.000000E+00:0.000000E+00 2.328028E+02:0.000000E+00:0.000000E+00 2.547904E+02:0.000000E+00:0.000000E+00
a2,6.538710E+02:0.000000E+00:0.000000E+00 6.443721E+02:0.000000E+00:0.000000E+00 6.443721E+02:0.000000E+00:0.000000E+00 6.538710E+02:0.000000E+00:0.000000E+00
a3,8.062714E+02:0.000000E+00:0.000000E+00 7.770972E+02:0.000000E+00:0.000000E+00 7.770972E+02:0.000000E+00:0.000000E+00 8.062714E+02:0.000000E+00:0.000000E+00
