asset,loss
a0,2.435593E+03:0.000000E+00:0.000000E+00 1.642526E+03:0.000000E+00:0.000000E+00 1.642526E+03:0.000000E+00:0.000000E+00 2.435593E+03:0.000000E+00:0.000000E+00
a1,9.235783E+02:0.000000E+00:0.000000E+00 9.098784E+02:0.000000E+00:0.000000E+00 9.098784E+02:0.000000E+00:0.000000E+00 9.235783E+02:0.000000E+00:0.000000E+00
a2,7.433785E+02:0.000000E+00:0.000000E+00 7.400047E+02:0.000000E+00:0.000000E+00 7.400047E+02:0.000000E+00:0.000000E+00 7.433785E+02:0.000000E+00:0.000000E+00
a3,3.946474E+02:0.000000E+00:0.000000E+00 3.599411E+02:0.000000E+00:0.000000E+00 3.599411E+02:0.000000E+00:0.000000E+00 3.946474E+02:0.000000E+00:0.000000E+00
