poe~0.5:float64:,poe~0.9:float64:,poe~0.1:float64:
5.854548E+04,0.000000E+00,5.874517E+05
