losses,poes,avg
0.000000E+00 9.695083E+04 1.939017E+05 2.908525E+05 3.878033E+05 4.847541E+05 5.817050E+05 6.786558E+05 7.756066E+05 8.725574E+05 9.695083E+05 1.066459E+06 1.163410E+06 1.260361E+06 1.357312E+06 1.454262E+06 1.551213E+06 1.648164E+06 1.745115E+06 1.842066E+06,6.671248E-01 3.901188E-01 3.176243E-01 3.085522E-01 2.018666E-01 1.366670E-01 1.043513E-01 4.638937E-02 3.704630E-02 3.076599E-02 2.761147E-02 2.322552E-02 2.004607E-02 1.882063E-02 1.710201E-02 1.439537E-02 1.390232E-02 1.242207E-02 1.118680E-02 0.000000E+00,2.002671E+05
