losses,poes,avg
0.000000E+00 2.632016E+02 5.264032E+02 7.896048E+02 1.052806E+03 1.316008E+03 1.579210E+03 1.842411E+03 2.105613E+03 2.368814E+03 2.632016E+03 2.895217E+03 3.158419E+03 3.421621E+03 3.684822E+03 3.948024E+03 4.211225E+03 4.474427E+03 4.737629E+03 5.000830E+03,6.671248E-01 5.192202E-01 4.184543E-01 3.351895E-01 2.426731E-01 1.366504E-01 8.672813E-02 5.959826E-02 4.205995E-02 2.784187E-02 1.660996E-02 1.266875E-02 1.093952E-02 1.019745E-02 9.454716E-03 8.959030E-03 8.215477E-03 5.981167E-03 1.747977E-03 0.000000E+00,6.018768E+02
