losses,poes,avg
0.000000E+00 2.631524E+02 5.263049E+02 7.894573E+02 1.052610E+03 1.315762E+03 1.578915E+03 1.842067E+03 2.105220E+03 2.368372E+03 2.631524E+03 2.894677E+03 3.157829E+03 3.420982E+03 3.684134E+03 3.947287E+03 4.210439E+03 4.473592E+03 4.736744E+03 4.999896E+03,6.671248E-01 5.192205E-01 4.184548E-01 3.353502E-01 2.426745E-01 1.366512E-01 8.672858E-02 5.959868E-02 4.206035E-02 2.784234E-02 1.661009E-02 1.266882E-02 1.093954E-02 1.019748E-02 9.454741E-03 8.959042E-03 8.215524E-03 5.981383E-03 1.748093E-03 0.000000E+00,6.018081E+02
