losses,poes,avg
0.000000E+00 1.974190E+02 3.948379E+02 5.922569E+02 7.896758E+02 9.870948E+02 1.184514E+03 1.381933E+03 1.579352E+03 1.776771E+03 1.974190E+03 2.171608E+03 2.369027E+03 2.566446E+03 2.763865E+03 2.961284E+03 3.158703E+03 3.356122E+03 3.553541E+03 3.750960E+03,6.801810E-01 6.776083E-01 6.550724E-01 5.724137E-01 4.717144E-01 4.031620E-01 3.419908E-01 2.969033E-01 2.613592E-01 2.356946E-01 2.072930E-01 1.576532E-01 1.029407E-01 7.866186E-02 6.166483E-02 1.778943E-02 1.410438E-02 1.262513E-02 9.917828E-03 0.000000E+00,9.710366E+02
