losses,poes,avg
0.000000E+00 7.105832E+02 1.421166E+03 2.131750E+03 2.842333E+03 3.552916E+03 4.263499E+03 4.974082E+03 5.684665E+03 6.395249E+03 7.105832E+03 7.816415E+03 8.526998E+03 9.237581E+03 9.948165E+03 1.065875E+04 1.136933E+04 1.207991E+04 1.279050E+04 1.350108E+04,6.123454E-01 4.108759E-01 2.375482E-01 1.313643E-01 8.117624E-02 5.334806E-02 3.608611E-02 2.669887E-02 2.007053E-02 1.491499E-02 1.283827E-02 9.508478E-03 6.647657E-03 5.776883E-03 3.613980E-03 3.490768E-03 2.813207E-03 2.287593E-03 1.248439E-03 0.000000E+00,9.709986E+02
