poe~0.5:float64:,poe~0.9:float64:,poe~0.1:float64:
3.962386E+02,0.000000E+00,2.575791E+03
