losses,poes,avg
0.000000E+00 7.105832E+02 1.421166E+03 2.131750E+03 2.842333E+03 3.552916E+03 4.263499E+03 4.974082E+03 5.684665E+03 6.395249E+03 7.105832E+03 7.816415E+03 8.526998E+03 9.237581E+03 9.948165E+03 1.065875E+04 1.136933E+04 1.207991E+04 1.279050E+04 1.350108E+04,5.887278E-01 3.805316E-01 1.925837E-01 9.175774E-02 4.971648E-02 3.397584E-02 2.340165E-02 1.659215E-02 1.155753E-02 7.581226E-03 6.365430E-03 4.621575E-03 2.850247E-03 2.098749E-03 1.245924E-03 9.995002E-04 6.388935E-04 8.529666E-05 0.000000E+00 0.000000E+00,7.965406E+02
