poe~0.5:float64:,poe~0.9:float64:,poe~0.1:float64:
2.572344E+02,0.000000E+00,1.467934E+03
