losses,poes,avg
0.000000E+00 9.695083E+04 1.939017E+05 2.908525E+05 3.878033E+05 4.847541E+05 5.817050E+05 6.786558E+05 7.756066E+05 8.725574E+05 9.695083E+05 1.066459E+06 1.163410E+06 1.260361E+06 1.357312E+06 1.454262E+06 1.551213E+06 1.648164E+06 1.745115E+06 1.842066E+06,6.654604E-01 3.762464E-01 3.002275E-01 2.921332E-01 1.833132E-01 1.284654E-01 9.606657E-02 4.591252E-02 3.680553E-02 2.955447E-02 2.712532E-02 2.224872E-02 1.931110E-02 1.882061E-02 1.685632E-02 1.439536E-02 1.340925E-02 1.192827E-02 1.093946E-02 0.000000E+00,1.916223E+05
