losses,poes,avg
0.000000E+00 1.974159E+02 3.948317E+02 5.922476E+02 7.896634E+02 9.870793E+02 1.184495E+03 1.381911E+03 1.579327E+03 1.776743E+03 1.974159E+03 2.171574E+03 2.368990E+03 2.566406E+03 2.763822E+03 2.961238E+03 3.158654E+03 3.356070E+03 3.553486E+03 3.750901E+03,6.801810E-01 6.776093E-01 6.549932E-01 5.724278E-01 4.717252E-01 4.031736E-01 3.420011E-01 2.969123E-01 2.613665E-01 2.357044E-01 2.073130E-01 1.576772E-01 1.029512E-01 7.867000E-02 6.169061E-02 1.779154E-02 1.410535E-02 1.262581E-02 9.919646E-03 0.000000E+00,9.710389E+02
