losses,poes,avg
0.000000E+00 1.236775E+02 2.473551E+02 3.710326E+02 4.947101E+02 6.183877E+02 7.420652E+02 8.657427E+02 9.894202E+02 1.113098E+03 1.236775E+03 1.360453E+03 1.484130E+03 1.607808E+03 1.731485E+03 1.855163E+03 1.978840E+03 2.102518E+03 2.226196E+03 2.349873E+03,6.123454E-01 3.428226E-01 2.441442E-01 1.684153E-01 1.118456E-01 7.543138E-02 5.063269E-02 3.341871E-02 2.297933E-02 1.660801E-02 1.291475E-02 9.455018E-03 7.967589E-03 5.980918E-03 4.738457E-03 3.244444E-03 1.997877E-03 1.249188E-03 1.249188E-03 0.000000E+00,1.757789E+02
