losses,poes,avg
0.000000E+00 2.631524E+02 5.263049E+02 7.894573E+02 1.052610E+03 1.315762E+03 1.578915E+03 1.842067E+03 2.105220E+03 2.368372E+03 2.631524E+03 2.894677E+03 3.157829E+03 3.420982E+03 3.684134E+03 3.947287E+03 4.210439E+03 4.473592E+03 4.736744E+03 4.999896E+03,6.654604E-01 4.961618E-01 3.873736E-01 3.096110E-01 2.246959E-01 1.271574E-01 8.010894E-02 5.019635E-02 3.487724E-02 2.322602E-02 1.636387E-02 1.242178E-02 1.044494E-02 9.949911E-03 8.959322E-03 7.967924E-03 7.471456E-03 5.980726E-03 1.498878E-03 0.000000E+00,5.650402E+02
