losses,poes,avg
0.000000E+00 1.974159E+02 3.948317E+02 5.922476E+02 7.896634E+02 9.870793E+02 1.184495E+03 1.381911E+03 1.579327E+03 1.776743E+03 1.974159E+03 2.171574E+03 2.368990E+03 2.566406E+03 2.763822E+03 2.961238E+03 3.158654E+03 3.356070E+03 3.553486E+03 3.750901E+03,6.801810E-01 6.766407E-01 6.524808E-01 5.579827E-01 4.420261E-01 3.752760E-01 3.178160E-01 2.756375E-01 2.438167E-01 2.211704E-01 1.942059E-01 1.447981E-01 9.105077E-02 6.944515E-02 5.391211E-02 8.457770E-03 4.984676E-03 3.491865E-03 2.491528E-03 0.000000E+00,9.230722E+02
