losses,poes,avg
0.000000E+00 9.624742E+04 1.924948E+05 2.887423E+05 3.849897E+05 4.812371E+05 5.774845E+05 6.737320E+05 7.699794E+05 8.662268E+05 9.624742E+05 1.058722E+06 1.154969E+06 1.251216E+06 1.347464E+06 1.443711E+06 1.539959E+06 1.636206E+06 1.732454E+06 1.828701E+06,6.654604E-01 3.777871E-01 3.002241E-01 2.924186E-01 1.865230E-01 1.279976E-01 9.825644E-02 4.637791E-02 3.680558E-02 3.052443E-02 2.760107E-02 2.272935E-02 1.930983E-02 1.881787E-02 1.685632E-02 1.439538E-02 1.389561E-02 1.192464E-02 1.089704E-02 0.000000E+00,1.911543E+05
