losses,poes,avg
0.000000E+00 2.631524E+02 5.263049E+02 7.894573E+02 1.052610E+03 1.315762E+03 1.578915E+03 1.842067E+03 2.105220E+03 2.368372E+03 2.631524E+03 2.894677E+03 3.157829E+03 3.420982E+03 3.684134E+03 3.947287E+03 4.210439E+03 4.473592E+03 4.736744E+03 4.999896E+03,6.654604E-01 4.961618E-01 3.873736E-01 3.096110E-01 2.246959E-01 1.271574E-01 8.010891E-02 5.019635E-02 3.487727E-02 2.322603E-02 1.636385E-02 1.242178E-02 1.044495E-02 9.949916E-03 8.959352E-03 7.967941E-03 7.471482E-03 5.980720E-03 1.498876E-03 0.000000E+00,5.650402E+02
