losses,poes,avg
0.000000E+00 9.624742E+04 1.924948E+05 2.887423E+05 3.849897E+05 4.812371E+05 5.774845E+05 6.737320E+05 7.699794E+05 8.662268E+05 9.624742E+05 1.058722E+06 1.154969E+06 1.251216E+06 1.347464E+06 1.443711E+06 1.539959E+06 1.636206E+06 1.732454E+06 1.828701E+06,6.671248E-01 3.923755E-01 3.176226E-01 3.088637E-01 2.050276E-01 1.381399E-01 1.061112E-01 4.709839E-02 3.776196E-02 3.124673E-02 2.784939E-02 2.370972E-02 2.029018E-02 1.881925E-02 1.734316E-02 1.464012E-02 1.414550E-02 1.266696E-02 1.116559E-02 0.000000E+00,2.000445E+05
