losses,poes,avg
0.000000E+00 7.105751E+02 1.421150E+03 2.131725E+03 2.842300E+03 3.552875E+03 4.263450E+03 4.974026E+03 5.684601E+03 6.395176E+03 7.105751E+03 7.816326E+03 8.526901E+03 9.237476E+03 9.948051E+03 1.065863E+04 1.136920E+04 1.207978E+04 1.279035E+04 1.350093E+04,6.123454E-01 4.108763E-01 2.375486E-01 1.313646E-01 8.117636E-02 5.334815E-02 3.608620E-02 2.669892E-02 2.007059E-02 1.491505E-02 1.283829E-02 9.508515E-03 6.647667E-03 5.776905E-03 3.613992E-03 3.490768E-03 2.813221E-03 2.287608E-03 1.248439E-03 0.000000E+00,9.709886E+02
