poe~0.5:float64:,poe~0.9:float64:,poe~0.1:float64:
5.535841E+04,0.000000E+00,5.718421E+05
