losses,poes,avg
0.000000E+00 1.236775E+02 2.473551E+02 3.710326E+02 4.947101E+02 6.183877E+02 7.420652E+02 8.657427E+02 9.894202E+02 1.113098E+03 1.236775E+03 1.360453E+03 1.484130E+03 1.607808E+03 1.731485E+03 1.855163E+03 1.978840E+03 2.102518E+03 2.226196E+03 2.349873E+03,6.123455E-01 3.428226E-01 2.441443E-01 1.684153E-01 1.118456E-01 7.543138E-02 5.063269E-02 3.341872E-02 2.297932E-02 1.660800E-02 1.291475E-02 9.455025E-03 7.967561E-03 5.980909E-03 4.738450E-03 3.244460E-03 1.997888E-03 1.249194E-03 1.249194E-03 0.000000E+00,1.757789E+02
