losses,poes,avg
0.000000E+00 1.236775E+02 2.473551E+02 3.710326E+02 4.947101E+02 6.183877E+02 7.420652E+02 8.657427E+02 9.894202E+02 1.113098E+03 1.236775E+03 1.360453E+03 1.484130E+03 1.607808E+03 1.731485E+03 1.855163E+03 1.978840E+03 2.102518E+03 2.226196E+03 2.349873E+03,5.887278E-01 2.946069E-01 2.014838E-01 1.401523E-01 9.697044E-02 6.433707E-02 4.208863E-02 2.906913E-02 2.078104E-02 1.439536E-02 1.143414E-02 9.455025E-03 6.975532E-03 4.489899E-03 3.992021E-03 2.496898E-03 1.498878E-03 9.995103E-04 9.995103E-04 0.000000E+00,1.534331E+02
