losses,poes,avg
0.000000E+00 2.632016E+02 5.264032E+02 7.896048E+02 1.052806E+03 1.316008E+03 1.579210E+03 1.842411E+03 2.105613E+03 2.368814E+03 2.632016E+03 2.895217E+03 3.158419E+03 3.421621E+03 3.684822E+03 3.948024E+03 4.211225E+03 4.474427E+03 4.737629E+03 5.000830E+03,6.654604E-01 4.961618E-01 3.873736E-01 3.096110E-01 2.246959E-01 1.271574E-01 8.010891E-02 5.019635E-02 3.487727E-02 2.322603E-02 1.636361E-02 1.242164E-02 1.044492E-02 9.949836E-03 8.959265E-03 7.967894E-03 7.471334E-03 5.980299E-03 1.498876E-03 0.000000E+00,5.651454E+02
