losses,poes,avg
0.000000E+00 4.605597E+01 9.211194E+01 1.381679E+02 1.842239E+02 2.302798E+02 2.763358E+02 3.223918E+02 3.684477E+02 4.145037E+02 4.605597E+02 5.066157E+02 5.526716E+02 5.987276E+02 6.447836E+02 6.908395E+02 7.368955E+02 7.829515E+02 8.290074E+02 8.750634E+02,6.801810E-01 6.514766E-01 5.077480E-01 4.135195E-01 3.316645E-01 2.566874E-01 2.050397E-01 1.100938E-01 7.073186E-02 3.564729E-02 2.484231E-02 1.895541E-02 1.363389E-02 1.213948E-02 1.057650E-02 7.223503E-03 6.682957E-03 5.717522E-03 5.085987E-03 0.000000E+00,1.394371E+02
