losses,poes,avg
0.000000E+00 1.974190E+02 3.948379E+02 5.922569E+02 7.896758E+02 9.870948E+02 1.184514E+03 1.381933E+03 1.579352E+03 1.776771E+03 1.974190E+03 2.171608E+03 2.369027E+03 2.566446E+03 2.763865E+03 2.961284E+03 3.158703E+03 3.356122E+03 3.553541E+03 3.750960E+03,6.801810E-01 6.766388E-01 6.526391E-01 5.579546E-01 4.420045E-01 3.752527E-01 3.177955E-01 2.756195E-01 2.438021E-01 2.211508E-01 1.941659E-01 1.447502E-01 9.102978E-02 6.942887E-02 5.386055E-02 8.453551E-03 4.982743E-03 3.490493E-03 2.487892E-03 0.000000E+00,9.230517E+02
