losses,poes,avg
0.000000E+00 7.105751E+02 1.421150E+03 2.131725E+03 2.842300E+03 3.552875E+03 4.263450E+03 4.974026E+03 5.684601E+03 6.395176E+03 7.105751E+03 7.816326E+03 8.526901E+03 9.237476E+03 9.948051E+03 1.065863E+04 1.136920E+04 1.207978E+04 1.279035E+04 1.350093E+04,5.887278E-01 3.805322E-01 1.925844E-01 9.175825E-02 4.971672E-02 3.397602E-02 2.340183E-02 1.659227E-02 1.155765E-02 7.581331E-03 6.365481E-03 4.621649E-03 2.850267E-03 2.098793E-03 1.245948E-03 9.995002E-04 6.389205E-04 8.532535E-05 0.000000E+00 0.000000E+00,7.965337E+02
