losses,poes,avg
0.000000E+00 4.605597E+01 9.211194E+01 1.381679E+02 1.842239E+02 2.302798E+02 2.763358E+02 3.223918E+02 3.684477E+02 4.145037E+02 4.605597E+02 5.066157E+02 5.526716E+02 5.987276E+02 6.447836E+02 6.908395E+02 7.368955E+02 7.829515E+02 8.290074E+02 8.750634E+02,6.801810E-01 6.483082E-01 4.836653E-01 3.946812E-01 3.195494E-01 2.464802E-01 2.046715E-01 1.055086E-01 6.760618E-02 3.497071E-02 2.353266E-02 1.859971E-02 1.336532E-02 1.192829E-02 1.044507E-02 6.478921E-03 6.390357E-03 4.956123E-03 4.189938E-03 0.000000E+00,1.356541E+02
