losses,poes,avg
0.000000E+00 1.236775E+02 2.473551E+02 3.710326E+02 4.947101E+02 6.183877E+02 7.420652E+02 8.657427E+02 9.894202E+02 1.113098E+03 1.236775E+03 1.360453E+03 1.484130E+03 1.607808E+03 1.731485E+03 1.855163E+03 1.978840E+03 2.102518E+03 2.226196E+03 2.349873E+03,5.887278E-01 2.946069E-01 2.014838E-01 1.401523E-01 9.697045E-02 6.433708E-02 4.208861E-02 2.906912E-02 2.078104E-02 1.439538E-02 1.143413E-02 9.455018E-03 6.975557E-03 4.489890E-03 3.992011E-03 2.496878E-03 1.498876E-03 9.995002E-04 9.995002E-04 0.000000E+00,1.534331E+02
