event_tag,event_set,aid,business_interruption,contents,nonstructural,occupants:float32,structural,business_interruption_ins,contents_ins,nonstructural_ins,occupants_ins:float32,structural_ins
grp=00~ses=0001~src=1:5~rup=296-01,1,0,6.79575E+01,4.18547E+02,6.27820E+02,1.35915E-03,2.36563E+02,7.00000E-01,7.00000E-01,7.00000E-01,0.00000E+00,7.00000E-01
grp=00~ses=0001~src=1:5~rup=296-01,1,1,1.48587E+02,1.21789E+03,1.49825E+03,2.97174E-03,2.92197E+02,7.00000E-01,7.00000E-01,7.00000E-01,0.00000E+00,7.00000E-01
grp=00~ses=0001~src=1:5~rup=296-01,1,2,3.46470E+01,1.96033E+02,2.94050E+02,6.92939E-04,0.00000E+00,7.00000E-01,7.00000E-01,7.00000E-01,0.00000E+00,0.00000E+00
grp=00~ses=0001~src=1:5~rup=296-01,1,3,3.36214E+01,3.63711E+02,5.07701E+02,6.72428E-04,0.00000E+00,7.00000E-01,7.00000E-01,7.00000E-01,0.00000E+00,0.00000E+00
grp=00~ses=0001~src=1:5~rup=296-01,1,4,1.34583E+02,9.49172E+02,1.24146E+03,2.69166E-03,5.02352E+02,7.00000E-01,7.00000E-01,7.00000E-01,0.00000E+00,7.00000E-01
grp=00~ses=0001~src=1:5~rup=296-01,1,5,1.32398E+03,5.00000E+03,1.50000E+04,2.64796E-02,3.52458E+03,7.00000E-01,7.00000E-01,7.00000E-01,0.00000E+00,7.00000E-01
grp=00~ses=0001~src=1:5~rup=296-01,1,6,7.36467E+01,4.50326E+02,6.75489E+02,1.47293E-03,2.35089E+02,7.00000E-01,7.00000E-01,7.00000E-01,0.00000E+00,7.00000E-01
