event_tag,event_set,aid,business_interruption,contents,nonstructural,occupants:float32,structural,business_interruption_ins,contents_ins,nonstructural_ins,occupants_ins:float32,structural_ins
grp=00~ses=0001~src=1:5~rup=296-01,1,0,2.55685E+01,1.36640E+02,2.04960E+02,5.11371E-04,0.00000E+00,7.00000E-01,7.00000E-01,7.00000E-01,0.00000E+00,0.00000E+00
grp=00~ses=0001~src=1:5~rup=296-01,1,1,4.93766E+01,4.41100E+02,6.61650E+02,9.87532E-04,1.16166E+02,7.00000E-01,7.00000E-01,7.00000E-01,0.00000E+00,7.00000E-01
grp=00~ses=0001~src=1:5~rup=296-01,1,2,7.01396E+01,4.31148E+02,6.46723E+02,1.40279E-03,2.37955E+02,7.00000E-01,7.00000E-01,7.00000E-01,0.00000E+00,7.00000E-01
grp=00~ses=0001~src=1:5~rup=296-01,1,3,6.01614E+01,2.65626E+02,1.62336E+03,1.20323E-03,1.82452E+02,7.00000E-01,7.00000E-01,7.00000E-01,0.00000E+00,7.00000E-01
grp=00~ses=0001~src=1:5~rup=296-01,1,4,1.23715E+02,8.49010E+02,1.14562E+03,2.47430E-03,4.54248E+02,7.00000E-01,7.00000E-01,7.00000E-01,0.00000E+00,7.00000E-01
grp=00~ses=0001~src=1:5~rup=296-01,1,5,1.08399E+02,1.56032E+03,1.73735E+03,2.16798E-03,2.07442E+02,7.00000E-01,7.00000E-01,7.00000E-01,0.00000E+00,7.00000E-01
grp=00~ses=0001~src=1:5~rup=296-01,1,6,3.97781E+01,2.27701E+02,3.41552E+02,7.95562E-04,0.00000E+00,7.00000E-01,7.00000E-01,7.00000E-01,0.00000E+00,0.00000E+00
