event_tag,event_set,aid,business_interruption,contents,nonstructural,occupants:float32,structural,business_interruption_ins,contents_ins,nonstructural_ins,occupants_ins:float32,structural_ins
grp=00~ses=0001~src=1:5~rup=296-01,1,0,6.32109E+01,3.86973E+02,5.80460E+02,1.26422E-03,2.13985E+02,7.00000E-01,7.00000E-01,7.00000E-01,0.00000E+00,7.00000E-01
grp=00~ses=0001~src=1:5~rup=296-01,1,1,2.61392E+02,1.82032E+03,2.07242E+03,5.22784E-03,6.32905E+02,7.00000E-01,7.00000E-01,7.00000E-01,0.00000E+00,7.00000E-01
grp=00~ses=0001~src=1:5~rup=296-01,1,2,3.53118E+01,2.00436E+02,3.00654E+02,7.06236E-04,0.00000E+00,7.00000E-01,7.00000E-01,7.00000E-01,0.00000E+00,0.00000E+00
grp=00~ses=0001~src=1:5~rup=296-01,1,3,3.74569E+01,4.74563E+02,6.21289E+02,7.49138E-04,0.00000E+00,7.00000E-01,7.00000E-01,7.00000E-01,0.00000E+00,0.00000E+00
grp=00~ses=0001~src=1:5~rup=296-01,1,4,1.93860E+02,1.49649E+03,1.76402E+03,3.87720E-03,8.53785E+02,7.00000E-01,7.00000E-01,7.00000E-01,0.00000E+00,7.00000E-01
grp=00~ses=0001~src=1:5~rup=296-01,1,5,1.51037E+03,5.00000E+03,1.50000E+04,3.02074E-02,4.01182E+03,7.00000E-01,7.00000E-01,7.00000E-01,0.00000E+00,7.00000E-01
grp=00~ses=0001~src=1:5~rup=296-01,1,6,1.08773E+02,6.93925E+02,1.01710E+03,2.17545E-03,3.85146E+02,7.00000E-01,7.00000E-01,7.00000E-01,0.00000E+00,7.00000E-01
