event_tag,event_set,aid,business_interruption,contents,nonstructural,occupants:float32,structural,business_interruption_ins,contents_ins,nonstructural_ins,occupants_ins:float32,structural_ins
grp=00~ses=0001~src=1:5~rup=296-01,1,0,2.82363E+01,1.54378E+02,2.31566E+02,5.64726E-04,0.00000E+00,7.00000E-01,7.00000E-01,7.00000E-01,0.00000E+00,0.00000E+00
grp=00~ses=0001~src=1:5~rup=296-01,1,1,4.13406E+01,3.80379E+02,5.70568E+02,8.26811E-04,0.00000E+00,7.00000E-01,7.00000E-01,7.00000E-01,0.00000E+00,0.00000E+00
grp=00~ses=0001~src=1:5~rup=296-01,1,2,6.70341E+01,4.10572E+02,6.15858E+02,1.34068E-03,2.23650E+02,7.00000E-01,7.00000E-01,7.00000E-01,0.00000E+00,7.00000E-01
grp=00~ses=0001~src=1:5~rup=296-01,1,3,5.15875E+01,2.34770E+02,1.08724E+03,1.03175E-03,1.44599E+02,7.00000E-01,7.00000E-01,7.00000E-01,0.00000E+00,7.00000E-01
grp=00~ses=0001~src=1:5~rup=296-01,1,4,9.73364E+01,6.08093E+02,9.12139E+02,1.94673E-03,3.46790E+02,7.00000E-01,7.00000E-01,7.00000E-01,0.00000E+00,7.00000E-01
grp=00~ses=0001~src=1:5~rup=296-01,1,5,1.20481E+02,2.13905E+03,2.33942E+03,2.40961E-03,2.43812E+02,7.00000E-01,7.00000E-01,7.00000E-01,0.00000E+00,7.00000E-01
grp=00~ses=0001~src=1:5~rup=296-01,1,6,3.48693E+01,1.95460E+02,2.93190E+02,6.97387E-04,0.00000E+00,7.00000E-01,7.00000E-01,7.00000E-01,0.00000E+00,0.00000E+00
