# investigation_time=50.0, ses_per_logic_tree_path=2000
rupid	multiplicity	mag	centroid_lon	centroid_lat	centroid_depth	trt	strike	dip	rake	boundary
1066	7	7.900000E+00	1.396160E+02	3.541300E+01	1.850000E+01	Subduction Interface	NAN	NAN	9.000000E+01	MULTIPOLYGON(((138.95300 140.19600,35.84100 34.85100)))
1067	3	8.200000E+00	1.408590E+02	3.530100E+01	1.920000E+01	Subduction Interface	NAN	NAN	9.000000E+01	MULTIPOLYGON(((140.03000 141.65900,36.02000 34.78400)))
1068	11	8.000000E+00	1.395880E+02	3.532400E+01	1.580000E+01	Subduction Interface	NAN	NAN	9.000000E+01	MULTIPOLYGON(((138.95300 140.19600,35.84100 34.71600)))
1069	1	8.300000E+00	1.408590E+02	3.509900E+01	1.550000E+01	Subduction Interface	NAN	NAN	9.000000E+01	MULTIPOLYGON(((139.94701 141.79700,36.02000 34.40200)))
1072	1	8.500000E+00	1.403340E+02	3.550300E+01	2.510000E+01	Subduction Interface	NAN	NAN	9.000000E+01	MULTIPOLYGON(((138.95300 141.65900,36.35800 34.78400)))
1073	1	8.600000E+00	1.403890E+02	3.534600E+01	2.200000E+01	Subduction Interface	NAN	NAN	9.000000E+01	MULTIPOLYGON(((138.95300 141.79700,36.35800 34.40200)))
1074	6	7.900000E+00	1.405550E+02	3.507600E+01	1.580000E+01	Subduction Interface	NAN	NAN	9.000000E+01	MULTIPOLYGON(((139.97501 141.13499,35.57100 34.71600)))
